Date,ABB,ADANIENSOL,ADANIENT,ADANIGREEN,ADANIPORTS,ADANIPOWER,AMBUJACEM,APOLLOHOSP,ASIANPAINT,DMART,AXISBANK,BAJAJ-AUTO,BAJFINANCE,BAJAJFINSV,BAJAJHLDNG,BANKBARODA,BEL,BPCL,BHARTIARTL,BOSCHLTD,BRITANNIA,CGPOWER,CANBK,CHOLAFIN,CIPLA,COALINDIA,DLF,DIVISLAB,DRREDDY,EICHERMOT,ETERNAL,GAIL,GODREJCP,GRASIM,HCLTECH,HDFCBANK,HDFCLIFE,HAVELLS,HINDALCO,HAL,HINDUNILVR,HINDZINC,ICICIBANK,ICICIGI,ITC,INDHOTEL,IOC,IRFC,NAUKRI,INFY,INDIGO,JSWENERGY,JSWSTEEL,JINDALSTEL,JIOFIN,KOTAKBANK,LTIM,LT,LICI,LODHA,M&M,MARUTI,MAXHEALTH,MAZDOCK,NTPC,NESTLEIND,ONGC,PIDILITIND,PFC,POWERGRID,PNB,RECLTD,RELIANCE,SBILIFE,MOTHERSON,SHREECEM,SHRIRAMFIN,SIEMENS,SOLARINDS,SBIN,SUNPHARMA,TVSMOTOR,TCS,TATACONSUM,TATAPOWER,TATASTEEL,TECHM,TITAN,TORNTPHARM,TRENT,ULTRACEMCO,VBL,VEDL,WIPRO,ZYDUSLIFE
2023-10-04 00:00:00+05:30,-0.023352408091751056,0.000433178323109057,0.03202941580902079,-0.0021070365267778115,-0.008212746164854207,0.01448427791459087,-0.00591758749139194,-0.01407612113473104,0.0009626650916579116,0.03876173741862971,-0.04468974793857334,-0.01969858775333287,-0.014354010689536966,-0.018425643461298314,-0.02818704450936582,-0.02533550553728619,-0.00251735443355399,0.0,-0.0011354096544108916,-0.0010930650233181086,0.008207829762913324,-0.02818694206724034,-0.02969932537391684,-0.03584777547489511,-0.013405210446576084,-0.013624506056315572,-0.024425957323882048,-0.0044939819204700155,-0.008070072336098126,0.014661917108129733,-0.04417124729469269,-0.021602653407193976,-0.0024706302973969353,-0.01341283676137187,0.0006860900856434408,0.01415615162008218,-0.012787606626550279,0.004242743593949985,-0.013741273429683018,-0.02106804377689811,0.015653083341502377,0.0037388820434848913,-0.01096064515473673,-0.0015334617285605546,-0.008334860602822272,-0.015740678315477114,-0.010050392369129345,-0.020442427358648006,-0.013666994062814453,0.007191665899704161,-0.014465118044433964,-0.055034249584644535,-0.01788047480969857,-0.030110802619727556,-0.02960416229510085,-0.002899377238415053,-0.005106070885379372,-0.014915882375802221,-0.012317015151662034,-0.04973566090896377,-0.01000172945213992,-0.02120054914599572,-0.03785717429273084,-0.027405353598294716,-0.02540294586987853,0.02962373702101668,-0.010072329830473056,-0.00786458193047293,-0.028495355934203687,-0.002760171528853925,-0.042350529545862665,-0.030091962749419315,-0.0017270440701447809,-0.017089675466089454,-0.031832886852412284,-0.006151905068182319,-0.037830448251792735,-0.019304612168372013,-0.013878165504233207,-0.02808795187889188,-0.015583492049769724,-0.02243933998643116,0.006778697251094764,-0.008234322398451524,-0.0280465725693315,-0.021319377485718816,-0.00925161200356424,-0.009304110251281746,-0.00859965672563349,-0.018033567535583377,-0.02241099160637904,-0.008492282410909126,-0.032371076937094005,-0.0013574779216151158,-0.012515615062529248
2023-10-05 00:00:00+05:30,0.017433125901130997,-0.0004950654661428256,0.0005678849619696439,-0.01268428353688013,0.0007275094495560527,-0.01680491475317996,0.007420416427619907,-6.94294330315832e-05,0.011402025111654926,-0.0029607689256490226,0.007704668972664932,0.018621437851976924,-0.0004010933088521702,0.006503917502096432,-0.021829620993427182,0.0007060548734358277,0.0007197951690602789,0.00904075322850104,0.004964707000638249,0.009986011882320744,0.0003087499801365307,-0.013986301965537407,-0.00510404610731109,-0.008634725951838104,-0.005111500500970932,0.004850149534787485,-0.0014274985630754234,-0.002849412821495085,-0.0019494034707366193,0.01247745878076582,0.04512044975749893,0.01350539794582214,-0.01408216814498681,-0.0030111288457006697,-0.0033132140032125917,0.004045292635958224,-0.001840223272156092,0.012656295601874585,-0.006038441796865683,0.01430032853549548,0.004654584030485336,-0.01191559512880584,0.011545336064313854,-0.005038528433468696,-0.00011468652126713345,0.02657765047630439,0.006153873801671602,-0.009370983208825349,0.036386565259110104,0.01313716678142858,0.036394545394041695,-0.012974649443163651,-0.0014549064452121377,-0.0014004600469841519,0.003332934021986405,0.00705960078107275,0.007692644935785644,0.022307337119200694,0.00047059946202804954,-0.0013339995078725448,0.010359396148723726,0.00789595065941444,-0.013596072897114885,0.011906870049700641,-0.005543629556513012,-0.0029408286708716954,-0.0030140637637540795,0.00943012360706665,-0.013830330312947288,-0.012133465798882479,-0.03379349016218216,-0.01369035735909921,-2.1468769955081746e-05,0.003064745604557487,0.0,0.011563736673526613,-0.007103975340449676,0.0052128472695256054,0.01460171027413833,0.01001378199048146,-0.004191224196756346,0.0014025732523176326,0.014480164960945176,-0.005275449822206351,0.0044707994712305296,-0.000399136781423219,0.0004977186554884399,0.01561964173444468,-0.007295318019871457,0.012432884766618768,0.006945622082178752,0.0007059165477983201,-0.006286522618819688,0.004681449941684414,0.0026479096121921103
2023-10-06 00:00:00+05:30,0.015925403143895334,-0.0021069750549455387,0.004752811142036013,0.0016658607273765387,0.006703099522899796,-0.004245675913810442,0.006562676379938567,0.0026121432098749546,-0.00328024239774468,-0.007160118434713455,-0.0022951819450738745,0.0007083315233180149,0.03966328271028435,0.057991796834976246,0.025401404896933755,0.01285510919909487,0.00035959162984985823,0.007952049693540944,-0.0030190503624476814,0.019537946245345158,0.0010031936554764343,-0.017165249419958204,0.010715346734578609,0.016785601664782913,0.0016350626261354257,-0.005371278348452317,0.04415360903403849,0.006631646010176852,0.003258894606644159,0.0019726616501575304,-0.00905419179912062,0.012924257089565376,-0.005081504077608509,0.006933031583421646,0.0018194882443635543,-0.0011074365644759235,0.01043639219473272,-0.008467403761565072,0.004347189566052175,0.006282073461672073,-0.008029628098826177,0.0034422765572009444,0.004612953285603718,0.01754394572152527,0.013892321479088962,0.012969427319008697,0.0011147596419447691,0.006702357405221362,0.0009142567451358286,0.01036667283889185,0.024797186134401374,0.014763534815883841,0.01275745141496272,0.008227431129661532,-0.0013317729992069088,0.005548919119641438,0.0024749444330037017,-0.0007592977013869577,0.010295709623851996,0.039202772772492275,0.007062419449038786,0.008960401416691506,-0.003205204834851918,-0.0017885383288422888,0.007243292600064253,-0.0002815227048219595,-0.004124869082279607,0.010300085820732333,0.023622372575769483,0.0022862778962144414,-0.004549806312907966,0.021955644642556074,0.001683791876553969,0.006647390546917195,-0.0010787140993560277,0.0009350481437087168,0.006157848059409112,0.0037716647811913643,0.03370093829766703,0.0035400356075868437,0.0073007703042599625,0.002067184877174529,0.008889468645199941,0.016773200325348035,0.0036782783231369327,0.005176203358193693,0.009329374109161657,0.028578845978249945,0.02320757972453993,0.011894341045801692,0.0021987049877432744,0.006438982050795199,0.003148284190677276,0.0025778850816352695,-0.00215083453193289
2023-10-09 00:00:00+05:30,-0.008113798566355763,-0.03420104323644232,-0.014429080943614595,-0.023472278164912902,-0.050232729424262504,-0.0631669530207879,-0.012703772574213859,-0.002562453027181438,-0.013530795318126008,-0.009262987087984927,-0.004706554235599068,-0.0014569795081478892,-0.017393369202115764,-0.008046208634828453,-0.0026776048604338536,-0.016626049181791037,-0.023658775086105283,-0.020955465318938833,-0.001621084061201476,-0.00245324350920706,-0.0035207420915163916,-0.01322133571645431,-0.026869963772875094,0.0,-0.003013949367205143,0.0,-0.014409872749589707,-0.004443244765473279,0.012811893215321451,-0.0013920800621383767,-0.005279545993955405,-0.02272817759291958,-0.005366045191081997,-0.00754165452260561,0.009568787260296042,-0.011671222459525702,-0.025281276087186926,-0.010704086189325305,-0.005942339093613773,-0.018184853891537987,0.0047497537495145075,0.020248495165640753,-0.007007173237186324,-0.01611826379159176,-0.00385229160870097,-0.01777129263149885,-0.02596079175857746,-0.05069560751810374,0.00016615200464563807,-0.0022002248222980306,-0.024756648903371484,-0.017427296307632827,-0.01004774347098691,-0.010147134079826531,-0.024509438660527936,-0.014206700290865997,-0.006270615893567958,-0.0061604894840753995,-0.01414473093978113,-0.002377520592484257,-0.021965357109913014,-0.005572585610987908,0.013991187946600526,-0.03655810990421502,-0.0036150881534072034,-0.0013277476665064483,0.001376879456014291,-0.012030558660332591,-0.0248703929173624,-0.004068266252039329,-0.045310975566546376,-0.018025028382087634,-0.008556818493418205,-0.004452772034723767,-0.02403179019484878,-0.0022225616724856063,-0.015232927866188496,0.0025299882328517005,0.003015993354752384,-0.015517356259431693,-0.0037772005232333847,0.014055592808634589,0.004669758950107286,0.006722109892940157,-0.034401377851113274,-0.016416822045111874,-0.0034986387788058853,-0.01284748850246792,-0.001796711388120339,0.0033483479760227307,-0.01046893560941269,0.0020473329891454524,-0.016982252319276758,-0.005531998212455743,-0.004232623149432874
2023-10-10 00:00:00+05:30,0.0224311179499985,0.009074093159020488,0.022547484815593887,0.0008516397893466275,0.036598217613960114,0.022121899143117803,0.016140572528996183,0.0038362812572601736,-0.00041245418981392123,-0.0012644353234919717,0.015932553592195888,0.006013126362670135,0.006939239979275421,0.007097499795647256,-0.0005861923032626393,0.011970561849836666,0.030470114135495253,0.0011757563235468105,0.02541648113240839,0.023662917997835414,0.0016461043928953745,-0.003150721585798364,0.019381283316395416,0.03195494819874165,-0.0038451543847830144,0.05229184003354643,0.037914883570641586,0.0022510012167359073,-0.00297089125595412,0.003809180467976632,0.020481796996069952,0.008990577139569104,0.008756560384915657,0.015704525813479586,0.009715659434999201,0.005655847741397084,0.009867326024224564,0.010668422826047392,0.02283223457072136,0.019896002631657504,0.0019493262922625426,0.016697526037580075,0.013334930217768558,0.011979711298408384,0.008928191885309205,0.0020435757962339435,0.01023895852759217,0.06132712347685115,0.004912495488914138,0.013263456849404515,0.014768066515928005,-0.009379480994539426,0.018765588294192892,0.024312301882390818,0.002273763059950568,0.021178156354192772,0.011439231443876003,0.00042276047711837486,0.00031475372991052045,0.0293514113040456,0.014837894884748098,0.012628800476924778,-0.0242089652097893,0.04443180589605281,0.00509980708865844,0.0037600124282586127,0.00985773441515097,0.010297363867045385,0.039580942397242636,0.008625200345650317,0.025573365509127068,0.036762376770532026,0.004406685605035532,0.019230609131673185,0.031022907318659865,0.016717157299645107,0.038752675665386524,0.013767242498961564,0.00920518964034916,0.011132507902905906,0.0030671509427087147,0.0036713454542301157,-0.0026007464113466158,0.00915563629115313,0.015479472998121245,0.01163975546834143,0.012375224145708828,0.0005200901371257307,-0.01191859319732927,-0.013681088858744745,0.005925582533906393,-0.0010770733276866803,0.014509465018533122,0.0052868011758341995,-0.001998026545055134
2023-10-11 00:00:00+05:30,-0.0017427003979803234,0.015402415478625553,-0.0038902079792103054,0.023868246999645848,-0.005690363211394744,0.00042889098416773957,0.017908238032712763,0.005147958074301807,0.00392684926094242,0.01523731861651476,0.00674436366334473,0.005325810642576068,0.0022674547351505202,0.002110331435178951,0.009207797518620053,-0.03369242563884406,-0.015844549111742556,0.006296127013927453,0.007615758614069644,-0.0009972767112188814,0.00550361283167069,-0.018373923384953778,-0.007139519682630436,0.000436696385227884,0.014525307643036795,-0.004627138890011655,0.006299680109471681,0.009887309016723078,0.01612366452095267,0.008019846383611065,0.027437172441858407,0.005274978626921262,0.0111180755808801,0.03139523569036779,-0.012921864038897595,0.009626563547795527,0.0004024456732900392,-0.006056643289900958,0.006738913066348176,0.0010966422638356375,0.015850210863949298,0.0007883085848719389,0.0019954471713776903,-0.000494523203518344,0.008625993329304337,-0.003609250476651935,0.01516460874613732,-0.0006613057378142132,0.007282758581783402,-0.0005016978755922078,0.009061348556346107,-0.027796765505253035,0.006906998822655595,-0.0009381805885619632,0.022235675600577515,0.008674808888422914,-0.004167180824945856,0.004120193879951442,0.002906785055318179,0.016849794043389196,0.011925959139237871,0.0035695303187583062,0.03357414434296575,-0.006131553228004375,0.011799597669157641,0.010136682896712,-0.0013633640126504622,0.015209646593007926,0.00019994784754754976,0.0027747077454271826,0.01057521140357999,0.0024038385976405422,0.015752135965910345,0.005590887836383489,0.022258430644581054,0.012820893565042697,0.0030330934297929605,-0.009105609074590362,0.021480273776916897,-0.005593262426883291,0.0019955036701512665,0.01439108783690127,-0.005249545321091866,-0.00039380291843652644,0.0001969322121423894,-0.002797245038744914,0.003130832810968982,0.003450586514187597,0.009190937980825466,0.024326268048166462,0.02238704826926335,-0.011161861280124823,0.024456461115271198,0.03233471411057841,-0.00025006004047083217
2023-10-12 00:00:00+05:30,0.007296345396795374,-0.0056536364310966255,0.007107251430802014,-0.014442182398206068,0.00012275209300541392,-0.00731661180540656,0.0011227050013076119,-0.01963058305755442,-0.0015182827721107934,0.002773878250884434,-0.0006380031151643877,0.008298065649519694,-0.010877392182769329,-0.0010698959814637705,-0.01478666572033472,0.0026509463807002777,0.003261246813078912,0.017794494094485035,-0.005509069000085204,0.03773955942937855,0.001272519246034141,-0.011688789164801913,-0.0014881318732964221,-0.012059415890317868,-0.012060943953607564,0.01756849321543239,0.0030909130409734393,0.001252362644214934,-0.006740040550854356,0.002177376215278222,0.00776790271090741,0.04587597111011006,-0.009017599897332479,0.010899413652223792,-0.017697472329750063,0.006635586284824287,0.005055591054558276,-0.002051029642962131,0.001032800756583343,0.003486027282942512,0.0002345687733072592,0.0012600236620487106,0.0012058784679430455,0.008603485875533098,0.005450811571250821,0.003969452718695534,0.006666760585814401,-0.0066356444132818545,-0.00597293699887267,-0.01952846698002085,0.01913943858199972,-0.013555642502642271,0.00794514941614844,-0.0012281197907466565,0.00022205143232778877,-0.004271361869357489,-0.01725171959584626,-0.002252658595958045,-7.835282004625147e-05,-0.008575208572925807,0.0066283682577734475,0.016081959445726924,0.012036331784668411,-0.0061460978346082095,0.012075964872560055,-0.005484570419666569,0.006526923802651147,-0.0023142285906718775,-0.006219312138639668,0.011271163896454528,-0.003952557769754056,-0.0061923686065064225,0.0018531802067451404,0.003278724848497582,0.0005240155050812247,0.005724820980407098,-0.010855949577717046,0.011872555931508757,-0.0027458795636607688,-0.003916882088474831,0.0014607547261132363,0.030242797303464155,-0.01883317454247854,0.004436283471040737,0.004714231787572003,0.007574311615515307,-0.027034752798563867,0.0013708199842699116,-0.002123811601791294,-0.011535422471937859,0.0010482251392740832,0.00765350523957679,-0.006389723290556355,-0.009662987208914458,-0.009884376604337978
2023-10-13 00:00:00+05:30,0.0031142400740270504,-0.010767093528032217,-0.020884175409687393,0.00026349766278974097,-0.0014736420805032905,-0.01552668121385285,-0.012874312386174787,0.004684799499378964,-0.003265697285048292,0.018747528471308134,-0.024249683190126096,-0.01067042693027262,0.004649581073291087,0.007161831065334871,0.008133693595896434,-0.020669443340756415,-0.005441598832716142,-0.0028720091822740735,0.004042970548692699,0.0035988698118387197,0.003053962414753262,-0.008794019746379748,-0.007474502677638339,0.01055009880430671,0.008470791755472135,0.0024385784254272744,0.002377911052774197,-0.005313341163739315,-0.012738525881293901,-0.0051071912531027025,0.010414416372283221,-0.008540408195410519,0.006071513602002047,-0.009637656569180367,0.02593268523730327,-0.009139338550015258,0.0009599710338383063,0.002086998468385282,-0.007875667738504679,0.0033725312214847735,0.00485721721655635,0.0028287100326408175,-0.0030962645546161443,-0.008299011369375867,-0.005227620749554077,-0.004210503612944359,0.006072342273920767,0.019776487354600615,-0.02449616757001409,-0.02371807522097313,0.009788897509893183,0.0001274181066930882,-0.007945149416148559,-0.014856121391802864,-0.0026684214594388236,-0.001049380411232224,-0.011629641009202983,0.002544093284352056,-0.004166918681659377,0.0036488040336137627,-0.0026845526095156933,0.013764749294324396,0.0032654484908590633,0.005031378863279819,0.0018608390944174174,0.020554363655760282,0.002436818753768932,-0.008842636094970002,0.006819180301999519,0.005216741933267157,-0.007287253174780095,0.011834502547390295,-4.2503133042099245e-05,0.0021291064857992086,-0.0115912104519475,0.007388217779607704,0.0015161593440120296,-0.0024466870622381147,0.007243281393273069,-0.017037041286205003,0.013095065619981467,0.0019069624738149932,0.00795672796034079,0.023260712360036937,-0.0041236677380519,-0.006774218112844371,-0.0038866465996391544,-0.0003805907160862079,0.007466188464043725,0.0036521730885820925,0.002063392868354461,0.005177292602425678,0.0,-0.014611182269871216,-0.00337293934095402
2023-10-16 00:00:00+05:30,0.012278850000799858,-0.013398081280845726,-0.0103196265075928,-0.010700993734451393,-0.010003739051136573,-0.03648676629070875,0.007586569893994721,0.0008766703594735747,-0.011739767197299779,-0.02028905675015436,0.010756294990307334,0.004798164965990424,-0.0019456370443194822,-0.002554198182159208,0.0016656236523937158,0.011238815301709344,-0.00036376042312456054,-0.0012949696143817252,-0.008049522132763672,0.0070187875520277086,0.0024780397206625214,-0.007854038248191642,0.013010145008639064,-0.009666791257389775,-0.0028729039905982024,0.013065680708857543,-0.0022898080157794662,-0.021690728074820968,0.006007190186219699,0.0029298150378245084,0.004494389587839267,0.013168159909450736,0.003655825798225569,-0.00449917104974006,0.01167585603349139,-0.004012578642470832,0.007647649291695524,0.016576395060958492,0.005809126362317288,-0.005992227235303462,-0.004348840188730041,0.010304531916577153,0.00010518045712462147,0.017801678030118544,0.001337228416279388,0.00469066976142278,0.0005501729079166009,-0.00392409101564507,-0.0029168901158500107,0.002093997589228224,-0.005364332730900406,0.02307073478535045,0.01715659622585974,0.015072900724182079,0.0011126850770767076,-0.006976558751333806,0.013122166746632632,0.003973037320202876,0.003931529476081686,0.008299349879341753,0.007714461331422686,-0.002151079890877166,-0.0109554714297614,0.005191269909446536,0.005767224176775504,-0.019107926098374542,0.008884199878086028,-0.010399184871530652,0.0069714990436470095,0.006175162078036203,0.0006645995409540691,0.0027243188551135575,-0.002237207973080241,0.004358368797256547,0.031301359425457,-0.007185668140928347,-0.007149335319232135,0.002738258983670772,-0.01851224190955491,-0.0008682839012564017,-0.008769684839183394,0.0004995300294901847,-0.013192830844586853,-0.005214171448934403,0.0027510608795166137,0.015473372138638232,-0.007987514467099378,0.0053605284402849,0.008797409428135575,0.010900600002181637,-0.009219072276919012,-0.007396757597037916,0.016007368576920526,-0.002069914406420193,-0.0012678434370350588
2023-10-17 00:00:00+05:30,0.0005020777658402395,0.000193623608127758,-0.00039126404186547306,0.010437496071661414,-0.0006829682968968693,0.01759044348327161,-0.0013546151414951522,0.0014128266202697547,0.0004818261496407816,-0.0036235325423971264,0.003229285000828926,0.0126347590341881,0.007068161894612026,0.009272825375353164,-0.0014170167722139216,0.007503371372265337,0.008334987852131196,0.0212275497634072,0.007473019596560693,-0.016520941158693403,0.0031132854953231995,-0.0020369650441687233,0.016558068677166412,-0.0008431715725261292,0.007784789415270233,0.017159599422818188,8.831332351784323e-05,-0.0023555154654745195,0.009241540573313112,0.004078716930817579,0.020857188207037452,0.011096376127893806,0.010687292820691217,0.00037991580637125664,0.005102578331352769,0.007555008085635068,0.018477482852297934,-0.021585298345806334,0.0019633284377509443,0.00020366269884637445,-0.0008407323961305334,-0.0021768785494119137,0.002624231518760778,0.016902305635041262,0.009973480945240854,0.008126210688238402,0.010396832609112679,0.03667176118297851,0.0005573970789660877,0.005770722453975721,0.002233846414759545,0.00608811156595691,-0.000695816681127216,0.0014443201777231383,-0.017274703073166586,0.012381904326951144,0.009888118323684419,-0.011543089950372482,0.018735604424652316,0.0012237240009806325,0.0013010607941696878,0.0043159873880446835,-0.004433445060789473,-0.004308561056882769,0.010216649018873588,0.009336026010244603,-0.0016094493755313066,-0.0029822396851606286,-0.0019869588179978036,0.01999084891385426,0.007282534056414147,0.00017004511707182442,0.0047666605107004835,0.019584563401875307,-0.0005136072764209365,-0.0010207909160236805,0.01112899695443755,-0.0025018342333187706,-0.012274340723078227,0.0013888486648024976,0.001320469490246052,0.004795986617786483,-0.004835643888557863,-0.0008257812158706359,0.008207881975000256,0.003144648409557913,0.010914400482386883,0.002133161602204047,0.004799380653218299,-0.013686640416428081,0.0011088289337212764,0.00804224455015309,0.0004349500221123883,0.0029210338073542286,-0.0015235579500743693
2023-10-18 00:00:00+05:30,-0.044221671403718514,-0.012988882030186086,-0.009121400744839138,-0.010171234118121849,-0.008106251083092101,-0.004630638792168952,-0.022041619217924385,-0.010303839550454226,-0.005507176937200072,-0.012279608189177338,-0.01519343885026806,-0.0007588605082766493,-0.028379858669513574,-0.017925836033085042,0.00357515440564253,-0.01800542349047303,-0.010885702663914401,-0.012768063556199909,-0.0008393318326224464,-0.010589430141027152,0.0015964105005340109,-0.013988057342154062,-0.015212385349869647,-0.02127482177783492,0.031125408120769842,-0.0014187927081498002,0.0003524124236290119,-0.0014820082976596577,0.023767926490236634,-0.0013577723929747928,-0.005725640297120058,-0.0030487373354806243,0.0023038093356164543,-0.009541655955567495,-0.006047186337653825,-0.014015381428446723,0.004973676300534286,-0.03208335016857828,0.0014442038460264154,-0.0005348538731054133,-0.0030954739787589962,-0.025062466510422723,-0.010697496067708673,-0.0013239393714748733,-0.003977406171524222,-0.01740844272747762,-0.012048260237056733,-0.021066848744325843,0.01847143064350206,-0.0013180013662993746,-0.010752612256810755,-0.020776626763076705,-0.007303727878940428,-0.013659966933357826,-0.022658015823029398,-0.010298111349081976,-0.011293371777726564,-0.006773732501755161,-0.019599270588077613,-0.003859789910173804,-0.0011105712441100656,0.0034959557911629687,0.00694563747652731,-0.005820726718717509,-0.01619045474257554,-0.0026765431979504624,0.003751298719817455,-0.008315256010225787,-0.022323629067396645,-0.003142686699289756,-0.021334229754202825,-0.017493193647074915,-0.013356979173291188,0.005915626099846276,-0.00981175687032016,0.006812560045317225,-0.011852290637568775,-0.028426549408769396,-0.0023647690609217105,-0.006613891414887083,0.014496596076206899,-0.005482866316916335,-0.005661724918918721,-0.013473556438811757,-0.015099807534986418,-0.0023575900771849526,-0.008806264269361307,-0.007798311844459007,-0.002370790370293139,-0.014559490261668088,-0.002786561657421739,-0.005120106406791995,0.002388929413990785,-0.009647694134495939,-0.01107243341650599
2023-10-19 00:00:00+05:30,-0.0010130563404240993,-0.007216458298950524,-0.0017261061798108622,-0.006463512080261454,-0.007226195869381325,0.03095763830020966,0.010224722326847338,0.003970119627837282,0.0017262952595845655,-0.007695561680707963,-0.0014614966875551264,0.0650420965343754,-0.0031831158581624155,0.004014803171232214,-0.0005682783706762248,0.0073385625406433,-0.0003649357239504014,0.009944705537360253,-0.010444208906384332,0.005509000321526974,-0.0011399864383984794,-0.016942917762030434,0.00563139689879064,-0.017510527446573842,0.010435990400215698,-0.0068064078732545975,-0.012861016010886614,-0.0009479163078903844,-0.00823293200730449,0.001457690262568962,-0.013787146857297128,-0.013062047265452528,-0.01568077129892295,0.010174570059671189,-0.001655789156897095,-0.0031634517953384148,-0.009345884321561327,0.01653732945688081,-0.010570074547132267,-0.004468169369743598,-5.873797398150144e-05,0.0036644200695083984,-0.008513006059594269,0.009632758364440675,-0.0027714770115199803,0.0027816406897758507,-0.0011025629704566268,0.0012895771271907999,-0.006095488838465563,-0.004801324716611026,-0.017278118575459862,0.016307367667686028,-0.005048470560736501,-0.012440799178408441,-0.008368240157548395,-0.008562888744851284,0.057039800768074196,0.0028852312652034406,-0.0029889866422889576,0.0030032953221327354,-0.0033710377446949298,-0.0015538323665864483,0.0034549697353884403,-0.005408447935098034,-0.010384276331366965,0.036691230109461,-0.0034829081504219547,-0.013550642885859308,0.012931964092051133,-0.003395445036639553,-0.0026990815620099146,0.020548844348563012,-0.00771043199620649,-0.006063934242271497,-0.0015579872144319993,-0.01944287080530466,0.006755601667985935,-0.008222993050461837,0.006021615637905486,-0.0025352927413560444,-0.010370822903268349,-0.0009689048180628286,-0.006518617689634463,-0.0003350151178732578,-0.004158021574031705,-0.008692280146221525,-0.012673591365829804,0.0005786347912119201,0.0011469667127403675,0.005669746848403031,0.028608482493777312,0.009946506202987468,-0.01464026580908346,-0.03027333269013245,0.010903099033908419
2023-10-20 00:00:00+05:30,-0.019447025983864653,0.006497087559247325,-0.0035238541940320932,-0.013868474083442228,0.0010085858768468644,-0.018015803267568874,-0.015202450660850533,-0.003909971054927895,0.00130488545393827,-0.004616636597954806,-0.011208489633636918,0.0012212512082140352,-0.009269334686945298,0.00018350834138024892,0.02791819305618256,-0.013989535906491228,-0.020649605306189915,-0.020855087407208085,0.0023833012974212786,-0.007120436693535827,-0.004889800623636581,0.03576188297433091,-0.012512722557088027,-0.008513661353757536,-0.019064032332951,-0.007653307746939875,-0.014204974925393363,-0.023207206839079002,-0.010999915462925813,-0.005814891628600622,0.015111371539086432,-0.03342158855848446,0.00431024315240333,-0.01496691139888004,0.0025855891228491906,0.0051682449587508224,0.0014855662314393653,-0.05254163455708727,-0.017232743648672662,-0.021311550391162844,-0.02099914454555942,-0.01861994753682247,-0.0032111129521378394,0.011921125184098474,-0.02723258048055034,-0.022102435303567394,-0.00386852458343671,-0.007112830213684284,0.00573858152214499,-0.0044741074467333644,-0.03562205154331995,-0.03558912753959818,-0.014259638348815449,-0.018843053507967753,0.0,0.017759699780888306,-0.007651254681346109,-0.013862558114095633,0.00039379851918550546,-0.0023896310993095043,-0.007225612426888595,-0.004284183193409599,0.007130719694073297,-0.025633930335500654,0.00624345645030689,0.0060873841382241755,-0.0005370389395945562,-0.0006950716641230939,-0.006243043193212713,-0.014438210546151863,-0.02393273984077019,-0.024535920092250155,-0.0030616569625345935,0.010698071643688176,-0.030609243761998677,-0.008124839212226233,-0.0011449779064599908,-0.006357206830505846,0.012220345592445449,-0.014282248910436312,0.0006129003408008798,-0.001627311081802258,0.011193942441532045,0.0039568713191474765,-0.018422619391178997,-0.02328490975707407,-0.001237844331141078,-0.005632892706981056,-0.014485384274655871,-0.011936443564657053,-0.006772952930347119,-0.009028497611857892,-0.019560534678462475,-0.008765745335027709,-0.01933181867477584
2023-10-23 00:00:00+05:30,-0.018246345924416034,-0.03806744142557071,-0.03619833869065533,-0.043706155214458815,-0.028370663070113017,-0.06676786422493011,-0.03519492115607762,-0.001608493347731717,-0.010958772437692098,-0.02171699347896285,-0.01650719875212143,-0.015402282736468403,0.0038155394082472903,-0.013484567177673368,0.006167685271244367,-0.03572718799446309,-0.011240430794583341,-0.010446990434251537,-0.006261633972552995,-0.013183400320637863,-0.010844574750090966,-0.02634265249211825,-0.037943361407910846,-0.016904634716843267,-0.01375848362951498,-0.020372352314148523,-0.035482611283760866,-0.01512383982440072,-0.003120065972392061,-0.009975156939110217,-0.040050319541221555,-0.03457739710217791,-0.00741507257689617,-0.02265560092819666,-0.0175938008830239,-0.01106032182999216,-0.023238490354405752,-0.006323257371136414,-0.03242241812219148,-0.03587392816217911,-0.0046801188651072224,-0.016829166195678143,-0.0030063659840060372,0.007821554082295363,-0.005490640521402831,-0.022728186595215943,-0.02636901508491995,-0.06501473916089806,-0.03148015274390777,-0.013117708753490458,-0.01991792151200594,-0.02997022758986317,-0.026938784061010034,-0.03416704153700593,-0.036125518239289785,-0.01643743680354126,-0.04039927019554844,-0.018105862536222914,-0.027948193452507736,-0.03947831140352664,0.004418372437251983,-0.01616632215646347,-0.010672230039597523,-0.06997923735902145,-0.018637362877856303,-0.0033812179332265704,-0.007276431587031878,-0.009398537210265623,-0.013627785344691043,-0.015400158194286955,-0.03664962424117386,-0.03374011619153885,-0.015738104343275647,-0.017956453173175967,-0.0053734820202457805,-0.014696625191173441,0.0017568741652511692,-0.007890310777970545,-0.0186479150039826,-0.01818960797229982,-0.017442355642141014,-0.007040238396978169,-0.02444823600863671,-0.0177890492255025,-0.03768587492667521,-0.02550525757292007,-0.012679348228415193,-0.014323461367316305,-0.007588445584810849,-0.021946715304153916,-0.016180136945664152,-0.003731834663386334,-0.0351793518508242,-0.02245274967558255,-0.014879533479888053
2023-10-25 00:00:00+05:30,-0.003099141896057296,-0.023236026130396194,-0.022626437401734523,-0.005293234529852241,-0.003050997258601789,-0.011920986584042639,0.004796715075886737,-0.02231142100675831,-0.0036524251936776242,0.01932716821126568,-0.009220024584345905,-0.01080667976378457,-0.013483501812354973,-0.0010544063938377737,-0.03483673205660168,-0.0020512098900307054,-0.011367978992951182,-0.008348515251768152,-0.01793917138630133,-0.006558413867161236,0.0006949274832343358,-0.030808238971506155,-0.005075477723525939,-0.01745722963050883,-0.022510294558975096,0.013627539113830588,-0.00526759075923447,-0.01656046768394838,-0.006886167041651445,-0.018139063198312082,-0.005986677068059287,-0.009147724164808113,-0.005982018621466875,-0.01338579290343577,-0.006205322749003395,-0.006361251080301633,-0.014174307922149874,-0.013832748935216339,0.009805058163768005,-0.01939792065828111,-0.00249954021936671,-0.012434902146263561,-0.015005366579830738,-0.014942493605741031,-0.007368242418175961,-0.01604313905515691,-0.003987425385040276,-0.0266680371326818,0.0019378560677662682,-0.014924077841639207,0.015768348273208714,-0.027339841808749914,-0.000868304102022633,0.01749805315931977,0.01703688913508228,-0.007322462387789635,0.0004419066711709522,-0.01436764508738786,-0.010419426346233225,-0.03223054597725219,0.0025204480290141195,0.0033296768853095893,-0.015258111271212918,-0.04245305573835906,-0.019206690227806224,0.002680834557736962,-0.002708634742484747,-0.010561589541358576,-0.028879078846342564,-0.0012524687788647588,-0.0021559387120103743,-0.018129451024090363,-0.002322309242891231,-0.018284792171058346,-0.00920170653159905,0.00012467236096691572,-0.034552981110155215,0.0052864866161983475,-0.014440864290664454,0.005860369963045576,-0.0019171686190981407,-0.006582106232395245,-0.005896928660593307,0.007783051288337062,-0.00652703130521846,0.011187209818968417,-0.012010113231442437,-0.009956970763083462,0.023661787473734538,0.0006524086599315526,-0.00831047847141724,-0.04267505573669782,0.008104732099957967,-0.003398568762925628,0.00759807564980315
2023-10-26 00:00:00+05:30,0.007035497387830449,0.02771089680856075,-0.024125606944784342,-0.03247980129278279,0.0016239751997824778,0.045785674429465045,-0.003955664185258407,-0.020707270748285076,-0.0333855315932836,-0.015057157511915989,0.017224772061658084,-0.016584292801336116,-0.03607762735500186,-0.03244853057274766,-0.0278566737687766,-0.029433135795237413,-0.018073889330563538,-0.014668054003253989,-0.018708434950251127,-0.002422300351904926,-0.005740170239102796,-0.0020162635214240154,0.015706418774564558,-0.011001423362515413,-0.0057186217201539,-0.01640826623699488,-0.01491797176552921,-0.010817833653141855,-0.016807551346313697,-0.01716574100376613,-0.016768004211573522,-0.010075639656863065,-0.011553740266666992,-0.014972097610906435,0.002275759218030559,-0.022366573824834965,-0.017344816591636426,-0.0001973403326654763,-0.009914599268567678,0.005290229899090842,-0.00036350630583738573,-0.016824079916358762,-0.008165457050456277,-0.016569758078280747,0.003806018653135252,-0.03859979087034371,-0.016110921997158148,-0.0014235830249616761,-0.007823359059278443,-0.007767026754977431,-0.006919946423155149,0.06527212552688721,-0.02654178334250738,-0.009872773956371983,0.026762261067786904,-0.01939945189244864,-0.006467669894353579,-0.017818315657180336,-0.00995016128007356,-0.0436462737112565,-0.04097866497760085,-0.015676163665191156,-0.03586668029571868,0.023152011489262294,-0.001725251188139622,-0.030001370725058804,-0.0188918145730517,-0.013372057005237609,-0.029303813385372374,-0.002760612741603155,0.005023350230823712,-0.028014028803853674,-0.014026612607840997,-0.006527438808414713,0.0,-0.010782765005283308,-0.010266294455182939,-0.007632019051318351,0.03462485689919102,-0.016679183115093914,-0.014928568482959818,0.0013642790103458272,-0.015862083126187157,-0.010901919767712332,-0.009764454064653259,-0.012020855195084142,-0.0236545390618446,-0.027686597946348254,-0.017104763308530335,0.018811082154665003,-0.006202351618826209,-0.013377876126551287,-0.021210501707481653,-0.009472526655889687,-0.005933842607046921
2023-10-27 00:00:00+05:30,0.01261498617028454,0.03378882861042697,0.026206002882600405,0.026469652005026628,0.01552124316790661,0.0786906245187027,0.0022794298655560694,0.01457731977123864,-0.0017413023600583756,-0.005224417416266904,0.031094278456553655,0.02148125547500133,0.011440972318839806,0.004094075430931051,0.00915909150928137,0.0399017625054546,0.025667039474252133,-0.00014930099331626894,0.009999472630134273,0.004787901779377861,0.001440798707091913,0.03386561021437311,0.057977471429920956,0.02914368697817243,0.020128842638788193,0.0281026138482376,0.026171884498769154,0.0016279810128459486,-0.004556840052440147,0.020248736508005714,-0.007543604166187743,-0.002111910346774761,0.024039493585217477,0.0034812924045247527,0.029516206560018448,0.003921533068434481,0.00461099030454102,-0.005540615377696868,-0.001095529277525803,0.019026916058085774,0.002279052730041702,0.003725657230032225,0.004502033297615385,0.004948218392614417,-0.0013822834917220376,-0.0006672053117242622,0.008087954980758334,0.024622994134544253,0.008031595571488345,0.015256859464512234,0.024184926816005353,0.007264361681054188,0.004518398894068566,-0.001784396465411574,0.03213941728565148,0.004620998341138868,0.003972307869878921,0.012936929658089218,0.0027235887159456837,0.015236230537198633,0.0031157920912754477,0.013014272110070205,0.02651012411934614,0.07962318359144695,0.021143418921884156,0.02148503703716773,0.021059196661797907,0.009279863246757636,0.03077822952802278,0.010002543140656357,0.0461619622460921,0.027099122447995935,0.017497148183531163,-0.0020700809778564522,0.005963690306497364,0.003254511152889974,0.07375825700955885,0.005926456894546578,-0.007541651687484915,0.025539590355623448,0.006862367194688661,0.009372574698971358,0.004246575654099205,0.0121370896928089,0.015871684363622095,0.0,0.004561783915606814,0.0063971306385937066,0.016272030612282107,0.04382870004832629,0.0005910243604334204,0.05464312731427392,0.016587260359353973,0.010781054935772416,0.006542525387468108
2023-10-30 00:00:00+05:30,0.015275035686605518,-0.006890921443258861,0.016400956489782497,0.0496700642685111,0.0033175951505713037,0.010672682637237718,0.01120125882846545,0.002388415771648869,0.00403561586703066,-0.005142186411773982,-0.01360487201502121,-0.01210406538406472,-0.0005529631324202838,-0.003389284452149552,0.009657390766405996,0.007086837491648966,-0.0018928302714482956,0.035055285476720426,0.01265742527314805,-0.013490511199551152,-0.011742507082021215,0.017407427542880625,0.004715579259890511,-0.010672767382459106,0.016218677098683135,0.0019092163604775528,0.03356269221128212,-0.002509087248724599,-0.009671740313096,-0.011018299408055912,0.019217797321777405,0.0037982608454021874,-0.00920905552730404,0.012209642832107718,-0.003118468863877189,0.010798102523117768,-0.0017266560410642256,0.007236237302217724,0.0010955292775257299,-0.010734617065281914,-0.001269845500875757,-0.010023107563084716,0.013223583944278248,-0.0021018515686663077,-0.007637168215031932,0.01995711154505716,0.015415700657581747,0.011057776056786114,-0.0007474562806221219,-0.002393586199414356,0.009584738699627348,0.005445508330191468,0.0034094405260007427,-0.0003883008497878547,-0.01765147920562577,0.008654562355177108,-0.004224815261339827,0.008390307848436408,-0.004046844766802862,0.030385260230156565,-0.008641923041964643,-0.01555496266922378,0.021668565387668377,-0.042832399746402,-0.008489070648543868,0.0047584818602769445,0.0216846959901458,-0.0020090639304144553,0.005876297999905308,-0.0004976082962195064,0.0,0.01940378099838248,0.020401310535456553,0.017725122159028106,-0.0016228857811553244,0.016676228252701663,-0.02247053356118066,0.001049972597545146,0.013511632275137497,0.007191267697486282,0.003503337668507439,0.010591665242523998,0.008202765179628735,0.00274566182759265,0.003981173254614739,-0.006274825261201838,0.005650949683908833,-0.001362789293995552,0.005037643808277768,-0.0011080447236060512,0.023050911535801633,-0.005440969244353108,0.0030073708745776855,-0.0009158149555587487,0.009002123682682056
2023-10-31 00:00:00+05:30,0.009560518890914579,0.0137996210663813,-0.0019374643903290816,-0.003941080735049504,-0.0003185413079618462,0.014147313543874817,0.005907422292162608,-0.004523164468844701,0.009592828401031792,-0.0036400890065195917,-0.007458063616032762,0.0009695445672605474,-0.0013870420087999746,0.005398325850117959,0.019263450809079673,-0.010394313967688475,0.009803986887931571,0.006751575809869647,-0.012876014094370952,-0.001394849536617962,-0.00789832722775697,-0.002687968104803794,0.004563678373303821,-0.01600590525205116,0.005473378070953927,-0.0009542102047350214,0.016190582019626035,-0.004431779112152614,0.0041446018180678,-0.018668260530702207,-0.024437292462063102,0.006717038550361815,0.013857743018207285,0.004195931884639231,0.008855905800025704,-0.005807756381479952,0.01753784886280597,-0.018209855477097456,0.006221742982186921,-0.006315553327677054,0.0020552262087224797,0.009177590454460162,-0.010379194845397812,0.01414821689619252,-0.004773910040565409,0.0033964665191032217,0.016296946242963913,-0.00206412219320784,0.0014210827751704642,-0.006301226171032016,-0.016650498736299334,-0.0258425958433506,0.0025155501085018066,-0.01542179744189728,0.0,0.01267048065372165,-0.017395941216610408,0.0009220940653107472,-0.003232538813756312,0.03560153137217685,-0.026520343874213054,-0.0005194608364599449,-0.0041743423307236995,-0.0014733838289855477,0.005102043978800776,0.002607194752642013,-0.014135453614096691,0.06117007158661164,0.03151320143651796,0.0064514924150688305,-0.0020526779133415735,0.03251193581903133,-0.01069489914584243,0.030922541642827817,-0.004340804525342002,-0.011182751490194,-0.006548161941477239,-0.02947764041408715,0.03544488873670953,0.0006190798727315724,-0.02414142617479379,-0.01125146609662471,-0.0029048958470462194,0.0077478626439095016,0.0010450380197097725,-0.003362818750219451,0.005530888058120186,0.023216686834599855,-0.0031650179942872,0.016353320011016272,0.002454904331551358,-0.008382433478443009,0.0006928113244808558,-0.0005237353449985347,-0.011613870044773131
2023-11-01 00:00:00+05:30,-0.013301971753653996,-0.026124171073744366,-0.03429008392355174,-0.035050213230134124,-0.02014427221029847,0.005904587023271289,-0.04284143008230766,-0.0048561590642754995,-0.020623709032239222,0.0016637357694807059,-0.010288479631244435,0.005685703399202838,-0.0027732607964323828,0.002100197468042717,-0.027139182163101936,-0.003574206368600002,-0.0063995147274208556,0.021667446381796164,-0.001039525805518154,-0.004769411592415494,-0.006618534453692421,-0.018237620828073238,-0.0027356011214392352,0.01023491715921073,0.0010410639813172716,-0.024481724424061525,0.019941796361305643,-0.012562581017382309,-0.0039387602747613095,-0.004043901588437982,-0.013410177557786718,-0.016027287287567728,-0.017493451437699068,-0.009666524444308296,-0.013452195666302182,-0.0013554968919422313,0.002745491309265727,-0.00434263805420548,0.006939960501101363,-0.00019209767644806742,-0.0047415367641458935,-0.010373470975541157,-0.001421251100052917,-0.011714892700625562,-0.0007003879369512804,0.014757592841022456,0.030197229421327368,0.004809349334630086,0.0030314975083370367,-0.010468300754627345,-0.014386709569194953,-0.023206492994829304,-0.01629283333161917,-0.08003606002856195,-0.006183472302549894,-0.008661054230831359,-0.012267449065711911,-0.011589372445110165,-0.003742987315285363,0.020419747627359562,-0.002746161189349784,-0.01596060746760375,0.004694792585038606,-0.02377029206358807,-0.013663657125755608,-0.009260520844339544,0.002950201341325054,-0.021236827746069907,-0.018003758836137362,-0.005953884118849477,-0.001370760191559064,-0.016653907374411487,0.0041436707110693105,-0.023522706728888558,-0.000543904237951709,-0.009178661488449485,0.011845346402590903,-0.0015923941130088323,0.003783429431803473,0.0015018221374808345,0.025037647310371933,-0.019006569787539816,-0.011374269826615388,0.002938551058752609,-0.010288875637119721,-0.018271103998693375,-0.007129549217450649,-0.005107635382209902,-0.0021850388988764145,0.0197370592211838,-0.004856048307605407,0.010344674658097864,0.03247699422757884,-0.002228669117480001,0.0032202739872149557
2023-11-02 00:00:00+05:30,0.005398469763990948,0.0030621615916595116,-0.0009023484162051867,0.013372248517618228,0.006738467618332722,0.020999152049236244,0.03158735403130043,0.01868173590564053,0.0070797369515902715,0.0021957220001214786,0.011408241064967723,-0.004867410933959221,-0.0030561820797071794,0.0017469048668097124,0.015938209189808445,0.022256891890612036,0.01759346031959065,0.010175046951739283,0.011321050026384434,0.004928862619760105,0.029124016566581385,0.001695610853412079,0.012573748694351215,0.024459118680795332,0.006017220725156699,0.007148620043542389,0.005291765471041509,-0.0007026029721487363,-0.0014880749468692818,0.01693250505579318,0.03645379828222009,0.03714179684832288,0.016787505834639446,0.01550626755249351,0.0114126524642721,0.0015247624247415566,-0.0012102529272308804,0.02014606523792887,0.024550253087114626,0.017808402199731434,0.013175628410217329,0.006135014820490048,0.006434135852651855,0.00960168319670055,0.007099115675467501,0.00295109831298975,0.027735155536419212,0.0013699548369459926,0.01032089796113946,0.011746148138037557,0.02937240485082498,0.044492141682300486,0.01221036063577192,0.007577460722260375,-0.0013792269726438575,0.007683166751403478,0.004261972527337028,0.007844054010134523,0.010362709814605797,0.05599333823035882,0.010327406859458838,0.007388854172696635,0.008550341516262546,0.004597423492030619,0.011328408071709718,0.009965832885477185,-0.002681759476603872,0.009080284646948681,0.06183829938836216,0.010642329326350947,0.018349063386592392,0.06683359949793166,0.00987537592566204,0.005560627318815278,0.0010875756618000394,0.018381996596150713,0.02727603424586856,0.013514625698132858,-0.03743119755811299,0.010013197238525794,0.014806617100001591,0.005876953578351598,0.008803324681466487,0.008928558537719403,0.032803476804110214,0.012782449171247745,0.002153776574739061,0.008815958570945522,0.0038207874991017733,-0.0035555304697348945,0.009210055370204343,0.008566414432660173,0.023847485914904685,0.007062434397680544,0.004162279394575952
2023-11-03 00:00:00+05:30,0.021967201544083825,0.01746049958758379,0.006546447611516178,0.011812079274128506,0.026885745501891465,0.03088952056722013,0.002855086237154899,0.05303926509107419,0.009311831986018678,0.0006166791422448566,0.005984299933507697,0.00945989862706097,-0.005060270786720566,-0.025356758838027762,0.01060155797577248,0.019321915484830993,0.00886610065540343,0.00263145585915747,0.007440989673692376,0.003358625554438975,0.002713189620458615,-0.009163639471800182,-0.0016759607115382077,-0.03733530139639109,-0.0017807397468304802,0.010147472719377717,0.030587981646567525,0.00209130651681211,-0.014234115260900768,0.026515351859674848,0.07993538891676952,0.013832548144012196,0.029377948294421464,-0.0008170754304415569,-0.005630805961910567,0.0047290232714082715,0.00451097511407986,0.0039417360460117885,0.0021065923316240945,0.024647303444892143,0.008987071578893072,0.0161784907967828,0.014942968530712876,-0.005999489426292016,0.004858898450941374,0.006767650489913162,0.008902997129965068,-0.012396920197248836,0.026510860715734465,0.013700028197548864,0.007319950846823906,-0.0007615532120224239,0.01716954120891181,0.012474788532178952,0.007791004776296579,-0.0025641019805701447,0.022630249049400183,-0.002350217395930434,0.0029646947564556905,-0.0009413249122229924,-0.0004763719160235337,-0.002653163353813996,-0.005605558353370159,-0.003608656023039659,0.005777242967466882,-0.00468720447464481,0.020202857773375403,0.011139036632057753,0.015596710252953646,0.006380494811301489,0.006711549080689905,0.004783647980376519,-0.00021552684974956562,-0.0105880342020112,-0.015334314463871183,0.00253043065124759,0.0295858615019993,-0.0009942884737411974,0.0475494234091662,0.010519619656257384,0.0072561584341096115,0.018333463892149134,-0.0027419067391000968,0.002685029848048084,-0.0008172995731688755,-0.006796949376017413,0.01565457591698009,0.02254561614549879,0.01697643516385299,0.00303222925298707,0.007490417935198791,0.027371274251995047,0.015588046517549971,-0.00026066569722367315,0.012127628399156749
2023-11-06 00:00:00+05:30,0.008648885892021058,0.008260983899532217,0.007216544062617721,0.02602375989850573,0.008886750330685471,0.024017114153952225,0.0008312367756991427,0.002277553714583867,0.017129942420772665,-4.107335514501471e-05,0.020568767048274587,0.007034275076142437,0.020109477064525736,0.01822304056932836,0.011212082868662925,-0.04106736440897754,0.012426905817664551,0.013054116889839717,0.009037794219212325,0.002333406539875549,0.01834577479096506,-0.009513822098703413,-0.00673228420427948,0.015787514970838426,-0.0018667841662338535,0.01447788918940763,-0.006482267839090318,0.04550611250096673,0.014159115139337623,0.023909627442846706,0.056729161915214744,-0.002832206057504233,0.004398934165736058,0.011795969900951787,0.002720806759354707,0.0072189527766517185,-0.0004823501178216096,-0.00671007843704966,0.014104656481806028,0.01720359067500499,-0.004733799568728368,-0.010249714719757287,0.01239869633419227,0.009603744609458759,0.004835403669541495,0.006216310084483324,0.03181377250594641,0.00896861621726036,0.014296129289909225,0.010206528369183602,0.01976986403116891,-0.01987637738061712,0.010599720472414587,0.04151204131741378,-0.008711688130712193,0.004001820447340386,0.002858586065726812,0.021812717355039694,0.00549434803602261,0.014027956844067708,0.013052597614420083,0.0008316260279250582,0.027045863430098186,0.009190411954524857,0.006380405951640314,0.012032050252406019,0.017219298656801947,-0.00891772646537654,-0.0036368594945290103,0.018420189937698905,0.0020046698818190927,0.0011515800605359215,0.008285621377890512,0.001878811362299057,0.014790643040022802,0.016927784840702016,-0.00102887612590332,-0.00010390730034658376,0.0014780306090327953,-0.006594379722699646,0.007769149245232328,0.010048804417984362,0.00872072898379205,0.005402916228012235,0.020035046213629244,0.017744364774994994,0.007955155108913169,-0.002277642247234851,0.0031068721482833744,0.016570227626483518,0.013791061018027701,-0.006534864324234883,0.0015027924640430125,0.0028638404589333916,0.0
2023-11-07 00:00:00+05:30,0.0012123970300974072,-0.012778044684087143,-0.0056481510961032795,0.0060797264071864015,-0.006187376924826156,-0.026229336622229295,-0.004043819241371893,-0.0054554349809645426,0.0013359857729286326,0.0010269963861928074,0.011328500213937082,0.0022445813185789708,-0.008826174813766588,0.003445906981583272,0.009214174491042561,-0.0224903662840007,0.002901902617333298,0.017725873765258228,-0.0021850843826868617,0.009795884058586725,0.0068113730917349555,0.03046580508449439,0.006861312084115833,-0.008671982476497652,0.010204355854636948,-0.007292257528266425,0.0007598805981239119,-0.007240857183263576,0.012334403958910337,-0.0005412686091712598,-0.01635359381220401,0.013282520227596779,-0.0037623246197899213,0.00148435924897181,0.003341566168289973,-0.0048628854832289915,0.0010448802391186884,-0.007553187823668611,0.005380156044608439,0.04170743995157582,-0.00038043889476077706,-0.011209346591268684,0.0027989507455246287,0.002721843997989605,-0.006105686764815122,0.015436029189255806,0.049751705812103454,0.0034283039799883745,0.006588369811068498,0.0007122003842278033,0.010204409788582171,0.0003885728427720006,-0.007187558419467418,0.013013548905640432,0.00023025031871964138,0.006329744066926416,0.007217063723483779,-0.004766928421766477,-0.0009820135231245022,-0.0251556504635657,-0.005761349169937975,-0.0030722163273625134,0.005791369537912293,0.016231454849625643,0.013894884986412738,0.0032862190159017282,-0.0005174070167612754,0.0018884519104272774,0.0087820234726539,-0.0009611850724003168,0.01655115511573085,0.013874073158486475,-0.006519734455649916,0.006734788508343796,0.0,0.010720386268597839,-0.002161349360078102,-0.0058379231713613635,0.06173453271102928,0.009357946035884518,0.018053408888510775,-0.0029450000688053097,-0.002903432983652271,0.0036942402292208937,0.0010012985973140195,0.002091624601706934,0.005979707829531522,0.0009636529390161595,0.016091522500400364,0.08198354069117068,0.005171278505165918,0.04704378285307659,0.01975210824488731,-0.0035158021234570312,0.021064112303670814
2023-11-08 00:00:00+05:30,0.01573504923346152,-0.005394717801831133,0.011839986351885805,0.015435690355713627,0.026173139526669564,0.024705298430059513,0.00345013877648425,-0.005054775341964306,0.0202011118747075,0.016047659345649692,0.0007833208966805114,-0.003956763961034477,-0.004767487269546556,0.0036243634772620947,0.009214060730605218,0.006514745476116876,0.01687945026568476,0.03012127366216374,-0.0004269667617345069,-0.005621091274575599,0.003302644335865818,-0.014528733241967854,-0.006601530143445878,0.0006562322232517187,0.019980735780679746,0.009973967761676859,0.005806543357772595,0.0027250477646870884,0.00906262042430383,0.011686735633767079,0.03124618896141762,-0.0032039310440215357,-0.005744066198713437,0.006380621089398439,-0.004957423791435068,0.002887104736197295,-0.005962008816195541,-0.0007585548725349375,0.0071972276681693936,0.013492151746114104,0.009131352387901973,0.014413036495978575,-0.013111620193093728,-0.008443693353519086,0.009774131317710216,0.010283197442342783,-0.0057831261295635955,0.03431199587100988,0.03747954885440138,-0.009516030507755366,-0.0031764611441703868,-0.0038915808432427625,0.010762138638867531,-0.0024618836075818687,-0.014141913224094069,-0.0028591844796160538,0.008915303680600133,0.011799852638953019,0.004166252232200303,0.0056976485260698834,0.005156522283191194,0.006706862707418472,-0.01153169125477441,0.006772193156708835,-0.010297513853453778,-0.003615711985486881,0.01106691750074334,0.014191412321366661,0.0018990437147051124,-0.004819105951223034,-0.0046066977266804796,0.005657417357596103,0.00519353529754729,0.003461925913685777,0.00974039953786984,-0.015675731441500387,-0.003806666632527338,0.0225366179535018,0.008764044653884898,0.0009482215881669778,0.004898632721342481,0.02238038316724795,0.0032880787021632965,-0.006255589010136735,0.020406797814759327,-0.005027228253697289,-0.008609821355725869,0.01265581518461789,0.014752511220733358,0.011831709109756861,0.001507044617139123,0.017650075397452832,-0.0025269560526670494,-0.002873858170966281,0.04565208841788542
2023-11-09 00:00:00+05:30,0.008141187600114263,-0.010277582591863047,-0.02024839797442419,-0.009072935381420266,-0.015385810583922306,0.01938387815929504,-0.006433911900335029,0.03586857359385776,-0.004874196463309164,0.009437119719561793,0.00019576430016914853,0.003938322087026597,-0.009867625515187266,0.004275262401249448,-0.007990524679868636,0.0025940270977031724,-0.017604164981802947,-0.0016933973278426418,-0.004708174718911324,-0.005714406462951967,-0.00396887903890186,0.0026099433205234016,-0.0026007556202595756,0.00775540456583646,-0.0022991550152651977,0.019190861615913154,0.008022617895822674,0.0021747605956174525,0.0008064482317323351,-0.002368888112712572,-0.026722262521569173,-0.004019254553659639,-0.022619170825936955,0.0005945118954289615,-0.00011835121549790563,-0.003963480156786994,0.0041932162972225465,0.0008783363734752166,-0.0074035364747677785,-0.006747958156791258,-0.017073884452314142,-0.001347677249025556,0.0017083558407141198,-0.00792622888818829,-0.005853052354419272,-0.0004930978140557808,-0.004845007020174924,-0.013315720789511425,0.013950814346469782,-0.011714569289575694,0.0011826177359049973,0.0,-0.007761055581062192,-0.006541668859986339,0.004658757909948446,-0.0007447513981362031,0.00406179299136094,0.00943336294355096,0.0023613131490945807,0.005312253955179297,0.04254702385716202,0.007532991764200062,0.004476963069312271,0.0055500543580450905,0.0052671507311909775,-0.002259232457486503,-0.01365824509307718,-0.0063275814146957834,0.05085696913525023,0.013435895539378883,0.0026349668382086248,0.024834133260909087,-0.010911693155429444,0.00385726357671156,-0.031175627848696087,-0.012221065706095885,-0.0184810361219986,-0.01014206490891119,0.028868102714585085,-0.003365951523176584,-0.00042507647499460797,-3.041175612617842e-05,-0.010135483011641922,-0.014787475560955825,-0.027638651183141013,0.0050272282536973885,-0.013433103534755159,-0.00852088359534436,0.01132557646517429,0.010221232366430034,-0.008288287868442552,-0.006264489696794583,-0.008256536623306493,-0.0035385457627475744,-0.020604263578044287
2023-11-10 00:00:00+05:30,-0.016655780024234068,0.013570525451266673,-0.004321402221699181,0.0006394252402396677,0.0029725031220838387,-0.004247401395086404,-0.00047823685345096847,-0.003611861913599607,-0.0012181188958679296,0.013464238570133284,0.007118047767494468,-0.004967171642566946,0.007834741566163953,0.008652601602638322,0.009118865216145374,0.009539879963317751,0.006142838802885373,0.001302714199005318,0.0033728597010888074,0.001915189385205237,0.006395992258018923,0.012691157367009886,0.008815152168872615,-0.0033039831802326226,0.0015737245029454323,-0.00046383208586667387,0.00886690636625964,-0.0015161138586752344,-0.0060737841916381615,-0.0003246563229280104,-0.0045239264398483515,0.01161170853203367,-0.0036507971885371315,0.004125788805590591,-0.00955245095676961,0.003929847521019359,0.008653236788196602,0.0033856992368965473,-0.006523533688189728,0.013741976920063733,0.003968988007302273,0.017380152910328087,0.0013327430082302775,-0.0036537826515102884,0.004937202083903476,0.009817177323036264,0.001020506923169284,0.004056786119609851,-0.01284169522714051,-0.004337367470802605,-0.03095385041484705,-0.005212364732248196,0.005180696696052066,0.019341082367843283,0.031116675851882287,0.00028644378694517265,0.0014167254021814997,0.0027730987841793776,-0.007428404860764068,0.005576975461606109,-0.018172607299544466,-0.0011112450077265738,-0.0005901553225141915,-0.006431896383484144,0.019971516359723423,-0.0037032538656342,0.01646961342951478,-0.01030702098105668,0.03681814683376255,0.006414035394942657,0.003284026884056739,0.0239254995214597,0.0018809312701591814,0.0034736957817404234,-0.01793770795518831,0.015565214716895471,0.004517933837753446,0.005296668041039412,-0.01055102323891815,0.001986432642553498,0.0026745590551128942,-0.00911908905976854,-0.004191011012171542,0.010850864803720127,0.013616519373014863,0.0033375659516184193,0.012555010769156352,-0.008379070996006573,0.0034068435738385527,0.004549668661316868,0.009666760074713053,0.006462671687227506,0.04184186596523611,-0.004078130323815209,0.012090853806971462
2023-11-13 00:00:00+05:30,0.0055163211517803646,-0.0019086019751261946,0.0038697899017826973,0.0015435106226121989,0.0015446293188916432,-0.022279332996784973,0.003104459151217222,-0.011020186477645372,0.0029697948128653783,1.3176205688063823e-05,-0.0037477878884593745,0.006129090262499951,-0.01134027399550974,-0.0067900121025399,-0.0017385666846199545,0.00944956502126625,0.032603712291627965,0.007910502165182496,-0.0005346124278310007,-0.0049195490264189266,0.0030709543775680626,-0.015301100687533483,0.04307035357100462,0.0005659337164354146,0.0003628311846108254,0.07718442359858925,0.0038700059873491327,0.004797814543770827,-0.000931283528719552,0.029127511312055737,0.007392180655260556,0.0035764522495034434,-0.0036640458866310085,-0.007309210234200091,0.004410917481212933,-0.0018118634133341672,-0.009136169238497546,-0.005342842831533907,0.012799514721801625,0.0007041462998417635,-0.0033838933458876057,-0.0018240043946617438,-0.0044312776980149115,0.005052721413636039,-0.0012605998361940752,0.0029264202067484633,0.00964224064897523,-0.006091314431843143,0.000432207568887953,0.0034277123122835227,0.01544904489010589,0.025030277106125785,0.008378144671649653,-0.00031412019609402495,0.012536603590169284,0.001574325779095851,-0.00019946564969786952,0.005014921996622088,-0.007731567495339118,-0.0045178594111341275,0.010540640603415063,0.0009237275471887342,-0.0002530746231030364,-0.002928299023566608,0.012079072829494018,-0.002129644171826622,-0.0005105382280358471,-0.0015429628786250012,0.06655682072593293,0.005431588950953356,0.03669541207235552,0.03447040535069627,-0.0001295216016801045,-0.02015903607874868,0.014041169587898894,-0.006176357021793928,0.007959255128809935,0.003120722505409298,0.015401965801229161,0.0031872473500670906,-0.0013150132019902761,0.009817130832652284,-0.000570167023389127,0.004209408156394309,0.022225325304156086,0.007882185508085296,-0.005992730514900751,0.0025762320560886965,0.003782556025700974,0.02761451002456198,-0.003847386187537694,-0.00029740168007680166,-0.013547010196361665,0.006176560575155512,0.0005645128197805591
2023-11-15 00:00:00+05:30,-0.0009270903264057825,-0.006145358473916929,0.005294046499552895,0.010580429592576093,0.0011107366384774066,0.0010234673592508818,-0.0029849152298702802,0.0008233754892740524,0.00986808635259425,-0.0017126901540109004,0.015483921840329989,0.02034395565090507,-0.018725253953608644,0.0011664980650905414,0.007973837063201155,0.005071071580981583,-0.0024435345700524872,0.013980845003617513,0.015915467498938914,0.012551760895693497,0.0030719774462913654,0.029991346642965728,0.007267406706248148,0.015417098023107598,0.0009667731164061822,0.0035717655885134226,0.022268321832938625,0.007620515046844203,1.8467736465972395e-05,0.05416537567053279,-0.016086112778155935,0.006326602802064229,0.007213700385896747,0.007798094294458948,0.012334521222631623,0.010423788168272084,0.02402276411126366,0.009034020176165879,0.036059956467481454,0.01476647602666912,0.0033236253555676957,0.010073457910113172,0.00709124915517779,0.026466007605059697,0.013554473713234325,0.0018248225223783084,0.02690746525970939,-0.0020388887030056706,0.0498895845475741,0.026545604632683413,0.0010425638141302093,0.01893281090433447,0.015320250574686882,0.018054969226040798,-0.0026732450234973103,0.01211041439195831,0.02636427145532455,0.005381676455594721,0.0020621581040907327,0.0029359331741390707,0.0025288733192362993,0.005528806448781596,0.010739380822766523,0.010486710184911355,0.006491017920965573,0.0036552131751630026,0.018720615936740518,0.012968271013678326,0.009386846882541626,-0.010178869082115993,-0.0018981263767153885,0.0010488074987829899,0.017919237386305742,0.021412490525725757,0.011092766253273812,0.00027672881114810914,0.03394806196881749,0.022420791736682617,0.05643996579438985,0.005746065183789879,0.0026285099418272852,0.015115331341320471,0.021601814633433435,0.014137699211428151,0.008329391290911876,0.024894180061671215,0.036792270613785316,0.009511235650318781,-0.005533141898958851,-0.0023083075515955465,0.010261339681368766,0.00538818457082964,-0.007675512537038654,0.025864609515045982,0.0014499435106096162
2023-11-16 00:00:00+05:30,-0.0061353523640609465,-0.009523515670047002,-0.00880119606328035,-0.009304903326761448,0.003509114548262756,-0.003715247179107003,0.004176303263014407,0.021546331582594946,0.00451459498079458,-0.0004484057954963792,-0.014509083705257064,0.002561319326843709,0.018942483365614802,0.020950302336985287,-0.00626333486605167,0.003282504832910007,-0.0031507198546915434,0.015419864034797863,-0.00047378636627220887,0.0430090285993899,-0.0018485121210326666,0.009716785252744076,-0.003565513748194928,-0.0012433481147392175,-0.005612560196207568,-0.013785463267972387,0.013015740410763187,0.0032179406455312407,0.022674727262723012,-0.0030058109488509616,0.013217858562743802,-0.0035538567543953155,-0.008131749103740716,-0.0006947379441961606,0.026589011184138017,0.0026221286389171675,-0.0018880173648531866,0.013458495663098176,-0.0021789004678340984,0.01108131689878191,0.0019286115794689277,-0.002467808605264911,-0.005433936894580391,0.0028978720938885347,-0.007494934821150978,0.003033767182674171,0.023324639661709418,-0.005456770820352549,0.0034513020869994986,0.024095868513423456,0.009333625297656745,-0.007404196008347656,-0.004798884941299655,-0.0016981721226911363,0.012414251646738443,0.0018913598920799381,0.021582895070620625,-0.0045127110572089945,0.004111499954182705,0.018876754276645192,0.016283530189317264,0.002717200179321282,0.026760402468736167,-0.008617561058329155,0.020214834595969098,-0.0037776898855235476,0.011462805740194749,-0.00048775300014508046,-0.0003222071387166688,0.005080588382416715,0.00819945206402265,-0.010539210893376899,0.0018019253562618985,0.002097768279292213,0.004951898996564895,-0.0011092598631388072,0.0,0.008404042792330037,0.04293431348918854,-8.553605831891865e-05,0.007298161808582958,0.00655287405126236,0.027109130273839672,-0.01032632901265524,0.012460642487122213,0.005226144710654908,0.028099866887855703,0.01206300561835117,-0.007351986066535445,-0.003315075188943625,0.0009291850992201422,0.02948609026973862,-0.005429312939752409,0.013819488650509353,0.01707941537413962
2023-11-17 00:00:00+05:30,0.012280273441062932,-0.008062392371180201,0.0013138432996543015,-0.005592706938475996,-0.004372846591487685,-0.005792699079871957,0.0028538014606380733,0.025921990994399416,0.012255640340231445,0.005433376110325015,-0.03167475983328061,0.014415773502976187,-0.019399317777753736,-0.0029351863254469006,0.028912312619955374,-0.007845252768362771,0.024247803394686514,-0.02129621925774413,-0.002372370126329282,0.003043171566645536,0.0034393850337442098,-0.022864004865105206,-0.020280647515684192,-0.03395198604166906,0.0117543122340704,-0.001591765447947002,0.001427050251575984,0.0147154945957629,0.012065686544828914,0.007413658034567093,0.002868254215412065,-0.001187322701752841,0.017352106686313803,0.014285404128716057,-0.0014503550561859395,-0.0021569935315373947,0.026191383006178997,0.0012500702572448427,-0.013073360968545783,0.005518452647546295,0.014980401784332254,0.013254089593357199,-0.015232967716192885,0.03271843102072596,0.0013669272918414588,-0.003520046085032004,-0.013539912158089857,0.05067735697575366,0.011574904991086151,-0.005099845475929345,0.015211727204504939,0.0070290145060531144,-0.0004551875557569148,-0.00015454820627942525,-0.027472353931044177,-0.004664367199966539,-0.00018118171627562975,0.018782558035356445,0.008742309436627172,0.0006327213239581406,0.009543361690273332,0.0037129033191537044,-0.012508862629233798,-0.006429774459105017,-0.0029764167239836855,0.011975928162849007,-0.027378241113784448,0.0206067737488633,0.018993423989254077,0.011039274938118284,-0.021588083225884323,0.02820462170218354,-0.0021838957928036373,0.038939364267568756,-0.011592679211148687,0.0009698505374383037,-0.020320524559106445,0.012895194779991839,0.07638477585892085,-0.03764501862548543,0.004236243972237183,0.036982476359416774,0.0013141852300151027,0.011670081386220681,0.0007617337757110914,0.004001563586916107,-0.003693112035203635,0.0008690036035414532,0.020767950372653565,0.012380323811620205,0.0018103535211537371,-0.0010536636374531175,0.00292719781672682,-0.004290177592368974,0.00741101726931266
2023-11-20 00:00:00+05:30,0.014353742873085391,-0.01865651183483829,-0.027051250664009607,-0.010632075070740848,-0.007994427719746403,0.006818923684074904,0.000949435904443674,-0.0009130359085093173,-0.009050266612327574,-0.004734483833174192,-0.005698294094017624,0.0033062750101119417,-0.021331067754772785,-0.013770978592374769,-0.010369563960228336,0.004309775445805759,-0.015520270336523912,0.004474204644361396,0.014774754394614347,-0.003526569824864396,-0.0013361333325627492,0.013020358004631813,0.0033880231925115818,0.00022193565587373811,-0.001842508960184539,0.007215091565402168,-0.007793922013858512,0.01982511484012896,-0.0013197082207339283,-0.004888718765385618,-0.03370400521634963,-0.013556902357813223,0.0004513280898200012,0.0008876827114593352,0.012336200735650981,6.640640966760783e-05,0.0009201912548751802,-0.003911669503684304,-0.0009044887584910199,0.009643017510318565,-0.00887745703166553,-0.008160698386586208,-0.0004339429614508416,-3.465113007309192e-05,-0.00559337097130025,0.0202221555488015,0.001459561358113919,-0.010457607771382722,-0.008348449264990888,-0.0006610639924112414,0.009431555402725443,0.004492684773704728,-0.009081226852713687,0.004163780515921102,-0.024296473848907502,0.003366199371724427,0.006790288230040806,-0.006518440203642929,-0.004320700866160585,-0.012381575565395807,-0.02062724829581615,0.004054103407234327,0.022452698632324197,0.013039612922051141,-0.002188507448178333,-0.00289678673758656,0.007610244047688041,-0.01071327450873374,0.02498195801629867,-0.0009550423517472592,0.006397880056493683,0.020246792608148566,-0.0026355914619731633,-0.020470402174803563,-0.012853033302933367,-0.009439493194266466,-0.0029367663184238103,0.004317562963922958,-0.060518891474074125,0.0012425002705250992,-0.005540078631765573,-0.016355246907408937,0.00488459720712092,0.0,-0.006876819619552541,-0.00681228660047053,0.00749630998064341,0.002094281164556978,0.013546179012786628,0.01783028953523137,-0.014834943406999661,0.003730577830243947,0.0002087360431718479,0.01206650743359051,-0.0008645056316441539
2023-11-21 00:00:00+05:30,-0.00039116148542617024,0.005893236858628865,0.021535332206467663,0.0004317394081973471,-0.0028037668399532385,0.006518038837038235,-0.003207928961263116,-0.0013070160386550254,-0.002263393073649304,0.005796673434781903,0.0031304697963523355,0.006316243055397415,0.0048760334037767205,0.010361471678855776,0.010124553168403404,-0.009659358920711939,-0.0069759439712434234,-0.010256480002660846,0.009781341420020859,0.006729285457820341,-0.0026032061400563735,-0.007894117227794583,-0.004897401496989782,-0.02044451041091184,0.004919301991761397,0.00509980580337172,0.01300879283344927,0.013158657603653406,0.007519729695056706,-0.0005851047636424337,-0.014063743541921653,0.003206499344189787,0.0030532383738721084,0.0026077539910977806,0.0009049933371707705,0.008434985613538521,0.023480529352579136,0.01798341144131737,0.019021666398949366,-0.0010721091039640285,-0.00047882143541377246,-0.004105404610293341,0.0050336395620948415,0.012814319923734068,-0.0012598779004783732,0.0028557318369840045,-0.017656127166886068,0.009807220550532538,-0.005534376123944928,0.0016691861630619693,-0.0020543572986581053,-0.0028680418502057964,0.01814504716008501,0.007436171015453743,0.021575340734743487,-0.001893957578932277,-0.00647330979570961,-0.004526571980555888,-0.001799055631640182,0.003312937264440291,0.004852299314006203,-0.0029477106949665423,-0.028145536527560387,0.005718429934975534,-0.004191155724403619,0.002913100147556703,-0.004696107465593344,0.0048402456323083775,-0.014601449466381717,-0.0016738162338883697,-0.004474194071601179,-0.022308819487769613,0.012499446857395851,0.02730717163634143,-0.004509510903924953,-0.0006397374031963317,0.005465161429568567,0.000794359006875352,-0.001784081254281054,-0.003999079990891048,0.01121643689966495,0.0031359371137942376,-0.002674256584419316,-0.0033896670826858437,0.00687681961955248,0.015163890169324033,-0.006042332531711134,0.014420971502736366,0.004207703715437916,-0.003437429037068228,0.005394397860237112,-0.009159978603622674,0.0031259769614613623,0.0011237883417328477,0.004784200432349825
2023-11-22 00:00:00+05:30,-0.025853209163583416,-0.006649519734722495,-0.010985834661077006,-0.013199141634915094,-0.01186269013922,-0.013595150293617941,-0.014142111897395313,0.0118558591858304,-7.977693958333574e-05,0.006088987865384769,0.0063319652334776514,0.011471012614680079,0.0035413993410337344,0.008348034064747002,0.004251688640981561,-0.0056353930559440105,-0.007024949827772574,0.03569546565722679,-0.0011336106268474673,0.00496648258876062,-0.001181375503497845,0.18225766945059257,-0.006440730584009181,0.015372489170913132,0.014457116518625643,-0.006153149374779626,-0.0029993154487791725,-0.0053615788250713494,0.003200462802763646,-0.0027090226340742017,-0.010353819262764696,-0.009246315452376693,0.008113237242418608,-0.001695589219326472,0.002333975878518917,-0.003563702675515706,0.0008979277406661013,0.0054514190453586985,-0.013107152087615799,-0.01513030186770032,0.006624011323395365,-0.014252888916931359,-0.0036238616203746305,-0.01074181433312252,0.007877145392347656,-0.009071442318953475,0.0019772124928458656,-0.001953703541941316,0.0005062758334951556,0.012980137874784952,-0.008221488370604728,0.04337625282945695,-0.009519215153198535,-0.004669949307425879,0.007690554700079391,-0.012269307974214664,0.006032249818600728,0.0024199980122433973,-0.003525611083251704,0.0027234084071700274,-0.010505421996656982,-0.003861267894336819,0.0201497317306678,-0.01704982505841199,0.014494464642452876,-0.0009276359974683915,-0.0010466202031929799,-0.0029094368956432927,0.0012511468063238467,0.012602853562676196,-0.022021660350472504,-0.005322313006511512,0.003901755702310961,0.004520421689336699,-0.009080689069743162,0.0023106607767259,-0.01144093046722204,-0.011221602478582608,-0.043388340117310485,-0.004551829378753708,0.0022446835411925803,0.008458635980676959,0.005667151438046533,0.0005926444809390753,-0.002096195094673263,-0.0011888694599108082,0.009008710007941375,0.010374793913526852,-0.0038286030478726835,0.005113609572025077,0.005902214244155553,-0.0062345473108190936,-0.016574408842938926,-0.0009988694157015438,0.004683442928596295
2023-11-23 00:00:00+05:30,0.006156653304929425,-0.005379356991446029,0.0011958824361864894,0.017614199308006152,0.0015141941664390752,-0.014306475148704584,0.0032535439150670957,-0.006901780023205135,-0.0032129851600379354,0.0016009850079121517,0.0009513853842817497,0.02975352702962735,-0.007703182381618413,3.0778882964520966e-05,0.006256527692319764,-0.0015422785245904468,-0.017781417975641173,0.022622051218016005,0.007090039747106728,0.018368958966122347,0.00246785233699102,-0.01947033226177389,-0.0035536569073812687,-0.005322192138717663,-0.08263811563514475,0.00690075530614102,0.005675176347570662,-0.003572315531565993,-0.0035192670869407423,0.012957586601662652,-0.02059223784764009,0.009246315452376704,0.002228406261575719,-0.008750987555679777,-0.0005265413018437648,0.005768242039067369,-0.00524934524910028,-0.0034900391459360457,0.003392548643597691,0.016039269903104687,-0.0007933385772179727,0.005991056935202443,0.0002708963620866654,-0.006994277285581427,0.0014771708626908897,0.007406614346960738,0.0248732939511162,-0.0026110940666920885,-0.026565344326906132,-0.005882348389476164,0.0006524985569998258,-0.011303661921245264,0.009196934987643679,0.0001535750087858881,-0.0029334718093793565,-0.003644217010599126,-0.014929923716641268,-0.01196178968198214,0.014595336885881702,0.01567426466336084,0.0015538040885337916,-0.0005766068278285921,-0.0007300173960289228,0.017175431839653605,-0.0035545732200946735,0.0017418467454831284,-0.0018341372703893262,0.008383987347975491,0.0024972979919999708,-0.0033137275174370726,0.0026161141547896105,0.01164250133745137,0.0030521241193906447,-0.013481132120741436,0.005118042341652321,-0.002883356437292626,-0.0011387240539936982,0.01958707729313088,0.01449757741326691,0.0017875168629868721,-0.004411252870795869,0.0209090591980363,-0.006222838050680011,0.005104140870548352,-0.005164106201419333,0.004746895104454466,-0.00370929549447093,-0.006273562976104659,-0.0023708831734270226,0.010563952845395021,-0.01781196077851173,0.02229296881928556,-0.009351982561756341,0.0056057358019428,-0.016409942376224344
2023-11-24 00:00:00+05:30,0.00042249856526292137,0.008332504149071713,0.022815623772840705,0.007706355237820217,0.0030843981527214166,0.039805051123583665,-0.0031328890340434424,-0.017007977879809913,0.0042178051443886935,-0.0003902540702582644,0.009414572798111179,0.0008519690356392753,-0.007499392524364342,-0.004134270983144945,0.002052153891175162,-0.006452531460998668,0.007150531048259899,-0.0017033588265722634,-0.0035900887009506573,-0.008098297921708103,-0.013187356263328696,-0.07007187226962398,-0.008811817005477923,-0.018556739591960875,0.02363682683705657,-0.004945621442402803,-0.010746871604603513,0.02047490838565389,0.00026562257924004425,-0.008987679065340664,0.0026525484677930576,-0.003607928468900521,-0.0013364352922888717,-0.0038399280677829414,-0.015048628649497015,0.007074137099115947,0.004501097489604481,-0.005508993985151105,0.011587059398096008,0.042887630584878114,-0.001866937898870244,-0.0011620181602098815,0.006910011204744041,-0.00034751352532926856,-0.005807728740131019,0.0009516591991954377,-0.003377658193324256,-0.005242422941898947,-0.004395383054193283,-0.008210090222265208,-0.014572024860077987,0.017977495171876315,0.008346185358539282,0.013109875374186718,0.023451639306529975,0.0026985249520763495,0.00022830907217786874,0.0028197280629891543,0.09262799104626795,0.015488456507773161,0.004743386956918089,0.0025852464719441533,-0.005533490074893793,0.024364785474146354,0.004539590114967032,-0.010481750152077645,-0.009486137672816041,-0.002074394780465272,-0.004119290915978738,-0.002136016535086043,-0.007868964583833094,-0.009717615460668669,-0.000668198639043152,-0.0008863882139503145,-0.007401141046430694,-0.01073552455497017,-0.013946002712505793,0.0025938396085840587,0.005918946762763614,0.0007140226641073759,-0.00279850555987993,0.013367060786747658,-0.014687335221430666,-0.006559526167224725,-0.010021239042315904,-0.005937053184814331,-0.010835660810535051,-0.0033650041185354393,-0.0075047477001714095,-0.0020170958419401174,-0.005716362871098248,0.0127666401472034,-0.00836276599184624,-0.01628091234181332,0.013055674410055076
2023-11-28 00:00:00+05:30,-0.0016672368323239841,0.1710342156380613,0.08525369650477184,0.11556524740489707,0.05162633949064267,0.11632729515667027,0.0399816910274379,-0.006407796650520688,0.003882654899431986,0.017859805538935115,0.012465368621601705,0.011376236979673219,0.0150902692203525,0.02271124380502098,-0.016010319159140363,0.017708740238568724,0.006746041636830526,0.033292543416502736,0.012001822150442385,0.011219622610507872,0.014811920088355501,0.005460940909803164,0.016032994572637488,0.010678297308271311,-0.0053117451716249466,0.027122855288661124,-0.0003177874942286034,-0.0012359276277625357,0.005237709227439255,-0.0058235908981636875,0.004844784145939311,0.006405115832748105,-0.007706560219401826,0.013502311598984752,0.00571248579834151,-0.0022543655595089695,0.007902790664405503,-0.010133849359092404,0.015243636134009845,0.020631120405344577,-0.0018503981026785385,-0.0006647125357573805,-0.0042050761126204775,0.008031530392650909,-0.005841505777568242,0.005336482159199147,0.0448930083239303,-0.006591992141321179,-0.010254975504436287,0.003680250486800466,0.028442795877070937,-0.02769926440887023,0.0003835416522465731,0.012192517396184975,-0.0006624646470810128,-0.0010039573069333264,0.0012145146676383687,-0.001392421634575363,-0.004955956059982011,-0.024874988444041537,0.008239274299022081,0.0020803604536453026,-0.018281041453628626,-0.012083369623401367,0.01427346906314368,0.003294168823206694,0.026647154256301427,-0.0064301341309134855,0.01762449811873184,-0.0011884943190197095,0.03366023545125137,0.0032497740988282797,0.00020884720170582,0.001948879217159969,0.027615127944991828,0.01632309971562275,0.009301978554637434,0.004921005930694662,-0.017758112648879137,0.007290328221755577,-0.0034354362092871267,0.013327833118349378,0.003767750250380423,0.005326111226731861,0.047839649599956534,0.007120233121221856,0.0037913912608934027,0.013290911770380632,-0.005659913327272205,0.008287285031653163,0.019708186137055068,-0.007706393389968987,0.009429913662633528,0.0021442196119184553,-0.015909584117519648
2023-11-29 00:00:00+05:30,-0.0026354957301066304,0.012178501502678619,-0.01116174021984295,-0.010599380833447733,-0.0025698291481963034,-0.029798578131408987,0.010267115204759723,0.0102237699436369,0.0,-0.013031361006278898,0.03748101828719149,0.011899310959680543,0.0003577410543584526,-0.0005441102564839981,-0.001551650119633082,0.004315162847872729,-0.0021254049262353987,0.009728632658984885,0.010604598852185112,0.018180409886057014,0.018955797389129656,0.017801272567541392,0.016649317734503382,0.0037892670970440722,0.007728203720206871,0.001169137104698656,0.013419923847528418,-0.008117653240540753,0.006943983807255788,-0.0037832296219395445,0.024306712320869145,0.004777040469377111,-0.0006492075775395657,0.01374688576848442,0.01305380797376134,0.019755831474376987,0.0034843646910961835,0.005293372868754639,0.0035816635546926604,0.024361978890443406,0.005759053813318805,-0.0034968407775683107,0.015120064892067703,-0.006572801613743473,0.00447019707415384,-0.006407262954425828,0.0032296174057386377,-0.003976030184603172,-0.000516582749203638,0.011646096235624808,0.017667455966261684,0.013102222912964952,0.013836325725405996,0.00022433528161502436,-0.0013262473278160128,0.006407936339638901,0.019742601583804226,0.011004766258533095,0.009740438740399756,-0.021858773933572995,0.03331382089512713,0.005838228528664773,0.019096759808530595,-0.0028073821880845087,0.0032948958968524846,-0.006258531854179253,-0.010104960514116516,0.006230520146003494,0.023280201929185382,0.004035581340379152,0.007609389685138606,0.011291271579587847,0.002627662467432033,-0.0032620520301428683,0.02849511464033486,0.0015122416631268077,0.004390771585891466,-0.002952370547254356,-0.019783592065809086,0.007325299226591787,0.009065894361257505,0.021450283154737543,0.012486072755265499,0.0018226938431811289,0.00955539891368343,0.007069955964673993,0.015923698661485824,-0.003812734798732049,0.006161954106743401,0.001738840329430733,0.0007159307807566765,0.0008486568971678372,-0.0040610915962245725,0.023410314441437294,0.008301404033962722
2023-11-30 00:00:00+05:30,0.04056509213219097,-0.0034889934201507446,-0.01600400543437158,-0.012460825172306938,-0.012100931807853736,-0.0037011340433039056,0.008229573135962506,0.01954242243276685,-0.009077578553083656,0.022596576743639858,0.013212270169793127,0.003387997948674081,-0.001150733860482727,0.0120229173909366,0.006375583412294474,-0.001520858794697806,0.03416140551643673,0.016313275002874366,0.019203569591600682,-0.00297473916005972,0.010148884625484345,0.022844600113440975,0.0007446243995183476,0.006284149150669784,0.008907030000133164,-0.0005843976921629313,-0.018679038482579683,0.015681715814969462,0.012657177116739894,0.021961791794188574,0.016585577423831065,0.046556124805124666,0.007067220844952988,0.0010975828008947621,0.005196635856507164,-0.00022451848983153148,0.02210265806959792,0.011271015018131374,-0.0034846459815440797,0.015413790855697893,0.008085827432728787,-0.00166932601777002,-0.004961137444141808,0.02698245408685085,-0.003207426363529079,0.0039204820960663505,0.029053270863896762,-0.008669665526375393,0.013834145436579393,-0.0030535029553572205,0.005857434747056797,-0.01579236800675554,0.009847274391586234,0.0033599176287680294,0.01471093859894611,0.001139943536309494,-0.00931220501907781,0.00821903449339208,-0.0020582542853207187,0.035792302368245085,0.017540295439041804,0.0008912119709314209,0.036111280202088474,0.001541318582012937,0.011160303115372805,0.006982797815240718,0.015247743826976587,0.01928470429466012,0.020513610957016433,-0.010000196531512738,-0.01977741209647649,0.01677309479504998,-0.009731843770307818,0.01927535816025798,-0.005417145357600262,0.024026385645051017,0.016501466735653423,0.005991717244985383,-0.03859278434323373,-0.006793946994450076,0.019481373620856942,0.00045591523063963845,-0.007469967038846342,0.007682961414968103,-0.020322083823843148,0.0011735231524643813,-0.0006142533601351285,0.01771748328311347,0.01645222998317254,0.04049321831083386,0.03054980945537701,0.04077484364865254,-0.0004283485883888693,0.016599880462568842,0.003928935330237093
2023-12-01 00:00:00+05:30,-0.007380463763805294,-0.020784042593555888,0.0017579199670719118,-0.0022381644856068065,0.0027823499452371025,0.020415879751384102,0.006241147771082237,0.011186998358776465,0.017002621076002925,0.009737837716609956,0.02790588001221848,-0.007333241296384849,0.019115831843188717,0.0074120008652929035,-0.003158906440058867,0.02381364029765613,0.01056774432406197,0.005264895181130026,0.0,0.022160539435267895,0.024045729831442167,0.01446989067704963,0.01782792134545839,0.00957399025471415,-0.005459280233883391,0.013066444259633372,0.005418021005776758,0.0010552634885380786,-0.006717276862293045,-0.0014637227236299886,-0.019161752488770608,0.030978425527496786,0.016916196555870868,0.005271806195717,-0.0031371464445715696,-0.0021835373759966806,-0.012528319607674738,0.007495002224360389,0.00300139123294396,0.03405909881526221,0.007085158816882723,0.0030028502700801345,0.012489176744349316,-0.0152165301372887,0.03161964701861998,0.011083675204444553,-0.004484309181489594,0.00999686987494871,-0.008297233005352737,-0.001960478461503961,0.014531479547303845,0.039022884519504974,0.012035627710346936,0.03140393791758308,-0.017147014998117233,-0.0028237479905170774,0.007261161055580859,0.025859163893542734,-0.01273706723330898,0.041869440818122404,-0.013595264874524738,-0.0021704041189840946,0.025697293388997688,0.0002731672083777288,0.02885655754373851,0.004218324779386455,-0.00205383706443682,0.00383220890488314,0.08647603818764452,0.005964615191133449,0.039171153540900165,0.07004401572381645,0.007062476985044986,-0.008115086701920118,0.01134228723184555,0.010593778886828832,-0.001969708049625364,0.025774949769449152,-0.016052994207591986,0.012318552717804233,0.0043954989506636965,0.02400562197888965,0.006872099094145126,0.002229680244466051,0.029787040618017596,0.01628572975165492,-0.000327572826819448,-0.0003151514264618125,0.011547953606766552,0.007399917982457443,0.0033484894918584967,-0.014539591752115054,0.025596291005257957,-0.013159635749360157,0.0033666110810171715
2023-12-04 00:00:00+05:30,0.054016313627614505,0.055746915961532736,0.06888854395965258,0.0905163493268417,0.059615078054283156,0.053708636722494284,0.07105706285071463,0.005600294957319949,0.006642634101227909,-0.00535474969070335,0.018787506707132553,0.025418394432332465,0.020222921819641953,0.006090704743190676,0.06813621496721273,0.03504862726848478,0.04053718672146634,0.05226315960114235,0.017777449903251745,-0.006318844310777991,-0.006660909598914607,0.030349487281881034,0.039778267105815904,0.0180511009534298,0.008917625669320991,0.022956612051686275,0.03128930132173492,0.0014227863639359464,0.0011472837637446095,0.07167736691299999,0.009413834626248679,0.042100088691936904,0.015819228592285156,0.01813751830391494,0.0009346242223716902,0.034128659448222395,-0.010610967269750705,0.0009519097241947103,0.003955800126645016,0.02294510883946998,0.014963685868610247,0.05745455458789879,0.04593407499845638,0.009048849819173841,0.00940421898513246,0.017666666490925468,0.040947786001980443,0.013175235034618,0.005114922595927559,0.008263008669699591,0.027062720411135895,-0.0002355302836183817,0.010794975278758114,-0.015578743072271584,0.020193888787673128,0.03813801930386989,6.28458542233379e-05,0.03779554837733633,0.0692412501344261,-0.006930714315719711,0.019102715598091773,0.0012980883690205398,0.05813731155566278,0.0033223358335562315,0.021517769825550048,0.002634281051893542,0.03782610146430225,-0.0034013602095292798,0.017778810862292303,0.012763024879171431,0.03709766618043799,0.041377884358841086,0.010759270940306348,0.021094472536350595,-0.0016124182924499983,0.025226184089577525,0.04452004672468773,0.014311853509492786,-0.025472108512552077,0.039355383574838525,-8.117418257564092e-05,-0.0030678911085668423,0.00022784325274581682,0.004022299043900126,0.01990920098490002,0.007662913433859123,0.0027408788842336277,-0.00031532120492858416,-0.008238277210904725,0.0032535716011465082,0.030942614626414258,-0.01722658496935053,0.010388642268893168,-0.0004906949112386418,-0.009897057241810338
2023-12-05 00:00:00+05:30,0.04555848107170828,0.18228467972265452,0.15627617752504655,0.1823215567939546,0.14238349293431307,0.14674524383200666,0.07017928567386945,-0.0075606807963205895,0.00987429625779231,0.018097937921336148,0.006067195944525677,-0.009982450761409455,-0.007840177968439999,-0.0020950369714575734,-0.018086318693169234,0.008573526402310626,-0.010145787274126478,0.022920741112171815,-0.0017442093433101213,-0.013372542053773908,0.0021544858869311707,0.006891089560089522,0.017644170879509653,-0.007997242414562353,0.006513852839899769,0.0023935480699627146,0.0013081834702262998,-0.015107934763089815,0.003546505016232383,-0.010544989900082319,-0.0055520238422542756,-0.01098325558615239,0.00411918421557201,0.009405574599499571,-0.01536451541658463,0.008845965232228937,-0.003264859368620428,0.0029265352333458974,0.0026925894110463922,0.013228689236227234,-0.015119541546568265,0.022088286641579555,0.022199360562365072,-0.0030982063582870494,-0.00507831005717438,0.0011514128028206525,0.015411225823380703,-0.0032776220698918076,0.0207455496405903,-0.007127601510546884,0.005604328914864364,-0.022151673847401913,0.0025590020393727137,-0.005296405546607994,0.05248763763437738,0.005429085338742775,-0.016222591556877625,0.0005732125143351841,-0.006908441895713767,0.0008211414245966294,0.017470378490995548,0.01148631170974275,-0.01215049352442386,-0.009325345191716614,0.03802352629685136,0.008410249080524974,0.0,0.006849521817563222,0.014821260681803148,0.04320535897889412,0.014815055100262722,0.005883105998352826,0.007225335682726536,0.004768500073623014,0.003758335005528128,0.010296003343702089,-0.011766579196226718,0.009489349501440276,-0.01594754506080283,0.022528822435055634,0.006799575242253456,-0.0004991040152307771,0.005437193836169962,0.0035851676713904565,-0.00017757069641613198,0.004569683493386861,-0.0026999528496810454,0.01617965521422714,-0.01587335569418526,0.02034650344518985,0.001286970761481068,-0.008066534691889228,0.00206473353537917,-0.007637431058023513,0.0010255066479742437
2023-12-06 00:00:00+05:30,-0.022577906166913624,0.07109322884232142,-0.025808838678914616,0.14790202304264438,0.004775873699354732,0.040602693604385905,-0.01574054679179579,-0.006670618048762482,0.008118737601484202,0.02387380965726874,-0.010608372440617983,-0.011490700323212295,0.010462380089973678,0.004509240243760572,0.021780029026843988,-0.0061846173156008995,0.026936701636788234,0.0013754790557541283,-0.006470400496545357,-0.002793328708091257,0.011003473987202543,-0.04207743589356284,0.006651324800440203,0.012730232104916785,-0.01584619601131968,-0.009608858300073941,0.004374461539133147,-0.0017924223662628106,-0.0080126539363335,-0.021874183993706563,0.018247919981025495,0.0017796573002851605,-0.007051260515972987,-0.0070701758934168845,0.00906654858376459,0.0025220822731264656,0.006814252573886555,0.005223182898663016,0.004503523298495762,0.06139514203610243,0.0017149573855121808,0.0019980711348272454,-0.010115700351780834,-0.014182664158667846,0.025137943326753724,0.007908797902171208,0.013502455885732229,-0.004606855942789069,0.013819358568543287,0.013899549371945239,0.012630950282357167,0.05573911572795685,0.0036443200216893855,0.013116069317900103,0.018589063918404005,-0.003863114765709751,0.027357353151445014,0.02291482848616976,0.04377269555038052,-0.013274357327311775,0.009650440902380429,-0.0090081746403762,-0.03995009507529993,0.055068789468454046,-0.015356524628124493,0.014506833815147337,-0.000495155124708789,0.002001099376076141,0.0035720425807677265,0.00940223841228287,0.005280131089621593,0.0214464807722796,0.009532929644719803,-0.007040776319304514,0.005877590259230225,-0.0073382628491898295,-0.006908001097673001,0.0021961752528156515,0.05508471269481494,0.0003288291060035492,0.000645211955355627,-0.007516347255347877,0.02032104638341738,0.0017352459570933025,0.04395737242706968,0.0018978435539083976,0.0037616298191101034,0.00045108726407365186,-0.009593577707173711,-0.002403129899159223,-0.012592624171221797,0.010958295366434646,0.028669310364512878,0.034993309037820844,0.002205652615913669
2023-12-07 00:00:00+05:30,0.001349657527736231,0.02911750549809866,0.0011089554637348123,0.03808973039777446,0.021093382229919955,0.0034733705452179215,0.007950754924597707,-0.014848795433371394,-0.00023049319285082176,-0.005258889752294924,-0.0023677581395572965,0.0038886573373923174,-0.0048453825509287155,0.002173691573726926,0.02524045127554448,0.007606367936741746,0.026541716403235494,0.003904800683590007,-0.024155819268699707,0.0033935276761494545,0.0025650281144627045,0.005604070938429006,-0.004237873007450337,-0.014794319768587335,0.014497793296918554,-0.0005677361644019611,-0.006684378473969567,-2.682721942707537e-05,0.00950910667415539,0.010813615401835317,0.023276158387378197,0.010260157254168107,-0.019001016066094438,0.011595757496996699,-0.0011665374032014148,0.0016265074747705388,0.0014015158939910913,0.018737032494564456,-0.013377861616642974,-0.009196401534755852,-0.01942677919413888,-0.004616884401894806,-0.004245227589335351,0.002590506514259534,-0.01117934041422983,0.005692263508795468,0.017037562963777016,0.0032928343048537006,0.009964968286652278,-0.005713981990631245,0.002156389768283884,0.04302449106288181,-0.006752382059922684,-0.004157954754770582,0.008464359436273033,0.0029876582631513378,-0.012965192704324816,-0.010877597088937055,0.05153109482959232,-0.006117957338929336,-0.005743637931542177,0.0066503860943563494,0.018941780123911792,-0.016449708651915456,0.009559354014284047,0.000270480839554483,-0.0152179781995104,0.00491787818242644,-0.003969676938226538,0.02464912587274369,0.01567523903875417,-0.015090821211423324,-0.0016470690092469605,0.0034751195065907447,-0.005341845321477569,0.007932770968660558,-0.010218907613203477,-0.00512744871735963,0.003230422518372895,0.005327235106172665,-0.0008467004131506178,0.016514111153060448,0.002992129530846785,0.005449036963334366,0.10219384172806159,-0.014130440481154485,-0.0015928329170096344,0.010796126018502392,0.009855329172273414,-0.007929209582878762,0.015247211207456412,0.003208397979412362,-0.002408142772058466,-0.001194791938149503,0.0347955173685452
2023-12-08 00:00:00+05:30,0.0004215900657240864,-0.057693409405228324,-0.02277087961783827,-0.04653612495196731,-0.016193578864231443,-0.05219211336109433,-0.0215126696819057,0.01705625645536393,-0.006107615192457958,-0.010945563750673943,0.011871758931548942,-0.002941761197856804,-0.011375178355274424,0.0035732884044549617,-0.011970587988457319,0.004017542134146982,-0.010028185233003625,-0.008993305742612388,0.0002499359470930438,-0.0018340134139990976,-0.014822085061902478,-0.0031827507262359384,0.006749366647341107,0.02552324339252145,-0.003030440913470566,-0.002703033024933566,0.0020023693211548344,-0.0141855449778183,-0.003671318354018166,-0.008838735507993212,-0.014484011073623067,-0.012039814554453342,0.0023521452218604835,-0.005636145995438519,0.026820812833253074,0.013856807437845248,-0.010447894606779534,-0.004828364113262903,0.008297922454030307,0.01618940951428202,0.001606924359139524,-0.004638195163106027,0.011792040365462527,-3.4401511655338715e-05,-0.01973062585849964,-0.011302205443437826,-0.021237550168733164,0.007206048852091378,-0.01256401096328062,0.017078223095790438,0.006786363445906036,-0.014284328217853639,0.024360453273206968,0.0032840596319044257,-0.01986280746082032,0.006329663632327229,0.025099188135933682,0.00678646656035338,-0.016689383335115222,0.023651120468249576,-0.01434035722944229,-0.007328158020929876,0.01388245473025305,-0.010025639423829584,0.004394752712197043,-0.0074612018529522095,-0.01494274640681899,-0.010562326563450908,0.01969316195861308,-0.006105483542034652,-0.0028842973810082728,0.027124999757962162,-0.0005292620132654323,0.006470453290170669,0.017521072996951978,-0.012578543290788658,-0.001573792395264139,-0.001318580437584986,0.000690883330364518,0.003997268319939725,-0.002828328260099637,-0.009155369590133062,0.0032589000464483256,-0.01082236103750047,-0.006930060468332809,-0.006172904440333493,0.001674478018441139,0.013642791816458943,-0.02267786460397697,-0.0013717017458977426,0.006287335247195212,-0.009375196688848737,-0.0164087569832073,0.010346703201627528,-0.029928968403863183
2023-12-11 00:00:00+05:30,0.008401716514905766,-0.0013708453464217534,0.011853057568413124,-0.013180756681755024,0.008711188195977267,-0.014434881892337182,0.019332462058521006,-0.0014410767105204733,0.00030937470746595,-0.00022109536588166238,-0.013080138408350397,0.010266829109786007,-0.002034093118332141,-0.004307135664657882,-0.021029219025974478,0.014981476796729003,0.015625229909761826,-0.010577614012918539,0.0005996780969229039,0.01211063750537083,0.0003943523923211874,-0.008500361343234227,0.018413319161641847,0.00730185670668654,-0.013876484016684724,0.007521388856750736,0.0261213776288519,-0.003060269225812923,-0.05169622466736374,-0.007264286678191908,-0.012584059003094594,0.004975104149655063,0.020876096824310006,0.006740412888261609,0.008177098587103629,-0.0013316774417428754,0.0018604357234275422,0.0014881209537625458,0.003932077955569895,0.021031041503201005,-0.007421544376196207,0.008333468103385328,0.006163904183069449,-0.0016572832095291656,0.007320361892127191,0.01255010289148559,-0.011003037684565495,0.07055819925215749,0.028521234226287516,-0.0017787758640880472,0.009478916711795673,0.008704760857683375,0.00682720130296846,0.046967048066903674,0.005511914496033708,0.0030414675157724664,0.010793282046299106,0.002173133608855504,-0.00194378864974423,0.007977287079642553,-0.009847261838396031,-0.00725889423719213,0.013037529498470743,0.027963793500359976,0.007862343527113624,0.010188091951176401,0.00939706624379485,-0.006304825475906356,0.012788351969932655,0.010227458113063642,0.021715018362412776,0.007127128845944232,0.0014649476087520241,-0.0031444270164585454,0.020318440109705554,0.022595848447959525,0.0076004411288903605,0.015311241829570419,0.04753779395184254,0.00016274549521286754,0.004521313191343819,0.015488857943823405,0.0044568877277761905,0.004059030254985147,0.030738912898702713,0.006557460177231603,0.006507697496052957,-0.0011424320000239247,0.012053024002914227,0.014014515581652337,0.026971367991365725,0.03436217603452987,0.01520239607687864,-0.004743733553849656,-0.007782063208873996
2023-12-12 00:00:00+05:30,-0.01378838520933433,-0.03677574281710246,0.000647622571687303,-0.04416361153170377,0.009692197947278365,-0.017640222958427158,-0.005271742020819724,-0.0215746436202655,-0.002555034452015905,0.0013873049158448967,0.012903399219964284,0.018689134868560046,0.0029847463872766915,0.0023170760038955253,0.002542071122009965,0.0041735125753416995,-0.002794509872736578,0.006838183453969073,-0.005610988681249312,-0.007110733371728244,-0.008347553681067418,-0.00600471079002215,-0.0048246592815507925,0.001742934708122291,-0.0030403591794961166,-0.01754305754666329,-0.006768495616876854,-0.006258499441809731,0.012139515335997692,-0.018527862671035778,-0.014456008291686067,-0.01644060039394575,-0.011086153311369055,-0.0015846964575822538,0.0,-0.009983093654139304,0.0505234258126198,-0.0025311248218765027,0.00962041539873745,-0.018747157775019438,-0.0003594962525237435,-0.001384114764816217,-0.001377429854005962,0.005753998686334224,0.0014356461136885278,-0.006255328414653269,0.00042548252625946805,0.010287606801721368,-0.01962640762829387,-0.00839917642633189,0.0003075720329944288,-0.0239824469678758,0.010300592057928683,0.0389933419963651,-0.020776258160285725,-0.010740475917288666,-0.002194575684089146,-0.012901094732234893,0.02662207444330425,-0.03324762067847675,-0.01022028665612452,-0.019478422251116127,0.01788605056670645,-0.021019985196799457,-0.013667560354894071,-0.0038526831405215965,-0.012207721805979743,0.02404524403050454,0.0003851795381309125,0.0017304979903227196,-0.0033974978047923046,-0.0003673931032166768,-0.014457443336785692,0.014174022900924168,-0.019792340522835364,0.010690796307817435,-0.02565482097116135,-0.007697757297649177,-0.011588168186951998,-0.0030162762631286144,-0.019029622332832338,0.002790515209943167,0.007983702423818493,-0.0017902553539435797,-0.008578632949124409,0.00038440791062912676,-0.005814141045498949,-0.01641276375991568,-0.01471052420642254,0.0007459933109857387,0.019719619434715018,-0.022112638011787544,-0.007673619814462498,0.0037967703101038563,0.0028368176927939617
2023-12-13 00:00:00+05:30,0.009706543185619306,-0.05496536712544906,0.006070434182800849,-0.025039400260153298,0.020471359985865776,-0.022002550078093864,0.01524174151140245,-0.00040526776302452096,0.005843762819613987,-0.010445951782130192,-0.014382341930070527,0.009848771666907544,-0.007761260601362642,-0.01309256656364568,0.049178909710915396,0.02264763052051441,0.012668176015524831,-0.00011169349887782816,0.004661358006909475,0.009841085473551184,0.0033087399483051347,0.0187829924145864,0.010516949700850342,0.002841569388398136,0.014781833984152707,-0.006640641782332545,0.01668767415863941,0.0023002020089504575,0.01046782415480757,0.02028995448129943,0.02745684623303929,0.01644060039394575,0.013862429046425467,0.0015365865489462506,-0.004445539367483972,-0.002266018283292641,-0.013019939622541808,-0.01071617278974744,0.010185781484763358,0.010925777049003308,0.003649224275006985,0.0018449238081609542,-0.0017737125240302792,-0.0013407508800050273,0.00561202233306334,-0.008478611499314106,0.017706971010410476,0.005403729141159403,0.005332398750376692,-0.018496023926830526,0.018519030133938134,0.023433814669033878,-0.002873420203567281,-0.0017397771795142798,-0.003331243477493638,0.0010134673371748088,-0.0053110539520932,0.017027558530856614,0.01665879266776935,0.0072933964342522676,0.018628163002225907,0.004020467573977637,0.03290508863894405,0.0010125663322262837,0.036890469183217846,0.0038906876007414764,-0.011581658437553061,0.006022046889425444,0.07915389771429049,0.023917422593717312,0.00678349169175835,0.08586749193975593,0.0040757093164416796,-0.009938093995013081,0.005246615537134694,-0.0024483165799272454,2.510230571119459e-05,0.0200113958616967,-0.0058987295609863296,0.012091686200586078,0.012321167128934404,0.042682193865157675,-0.0216231582515353,0.008971525502264575,0.021975635676285032,0.00994266387867964,-0.00823029555425288,0.008628829527583419,0.01507139253153753,0.027331878248207642,-0.012687189642037569,0.011643840383781644,0.02680152082176264,-0.006058110369235358,0.01095653922870031
2023-12-14 00:00:00+05:30,0.005240752971404905,0.04165584559177201,0.006586850492017236,0.05491849755253503,0.010476185436852425,0.04495031603576149,0.021763254010295763,0.01629449637727618,-0.0007092981877027389,0.009132370748066453,0.005010449260867994,0.002964212023467407,0.029352761240866138,0.02717191374359797,0.011172465395980142,-0.004306888819772038,0.007036788089099646,-0.004030417266658828,0.005286529206185704,0.005101004298490634,0.0055443507621078,0.019725358434765035,-0.0023399454909342012,0.040096771819752686,-0.009788751817485357,0.006928384741918627,0.03750661943516702,0.007412242296544839,-0.004529209858381339,0.013154660980840864,0.03399878146273687,0.03140523718379914,-0.00143503194352994,0.009527739217632258,0.03262036357883929,0.011734199153319767,-0.019743973604964667,0.004772799207422422,0.019053603146655263,0.0010824456881154975,0.0017700719090557964,-0.0012526741637611618,0.019291911810734926,0.006549271981330179,0.009718854401480856,0.01530063899268815,0.0037538714175071493,0.10398234304710191,0.06805564793405283,0.035557629648709954,-0.00031874968348757443,-0.009928429718424229,-0.004709289081933947,-0.015116100927504626,-0.0048082003060923835,0.015027303206872596,0.037153665857369574,0.009747002547201835,0.012590390229735382,0.04289011619351357,0.022198685295695773,-0.0025899965691756456,-0.025995465370529443,-0.001494743415193608,0.004580690006524041,-0.010076840697439636,0.01439231399973798,0.0042034966296907415,0.0030773994974872833,-0.020680858890749602,0.01287460809846879,-0.006088761933257224,0.01233153205035035,0.0020770789389182595,0.03344793247486734,0.006851816933893135,0.05981940884350625,-0.00416429533191488,0.04608147594517858,0.00611189834735032,-0.0014608577087751658,0.012994383896550396,0.02030148799522242,-0.007181270148321064,-0.008165663159042005,0.004555804688673157,0.039185951316308365,-0.0030443945927472256,0.011619902758871503,0.0071619008844217,0.022754474596176827,0.010423613780231256,0.005118156553920535,0.03454473303146715,0.002176917983784305
2023-12-15 00:00:00+05:30,0.008870379218520713,-0.025920395549246668,0.03321830161066611,0.012092587194721501,0.003576060990789206,0.018543289806806775,0.004124173074258073,0.006379247657805226,0.02213571994740473,-0.006013090713392071,-8.926810743463091e-05,-0.00946084849288581,0.005450674684096932,0.0012701526045744815,-0.04367563625254395,0.020684183834968513,0.03032824370700938,0.00737677085502239,-0.012664402341408974,-0.016162033252476674,-0.0066426827656693955,-0.013505611232884778,0.002117411044949989,0.012051711058290929,0.0020316889899395897,0.006880811335321884,0.008257440696241219,0.0037533339741568942,0.002884617065532723,-0.006444894694583082,-0.0044399915664912444,0.002059206587975801,-0.002252586934003689,0.011248770830230771,0.05280152520478379,0.0038709562796295,-0.01686781530967338,-0.0009376634334662043,0.025720503976527583,-0.004047020495473884,0.002599565481522074,-0.00865543522572151,0.0036214057775456796,-0.007753992111413797,-0.004138008875292443,-0.003632631454649487,0.030342702381981876,0.021884982397121132,0.01314910119417839,0.0499803729088585,-0.022326437295785474,-0.03669617286406661,0.023096842147258653,-0.01500271219408548,-0.003989553769527763,-0.0017546981968464923,0.03064773777191079,0.0158648003251057,-0.023707252399129974,-0.0063976765162078505,0.012483723611495122,-0.006473056984273011,-0.023195891688071728,0.004885139416147642,0.03230908290214554,-0.017368415441110636,0.0256942628976136,0.006338282550776983,-0.025857308499883918,0.02236757447986578,0.01490507616041757,-0.02345761958452271,0.0126822851534168,-0.01187407485475378,-0.005582409884167419,0.0008993068118083944,-0.019352397367700808,-0.002747575325417662,0.012878744263487302,0.038687003421153575,0.0036074622956486285,-0.014850450306118729,0.051484187835627575,0.00446156918013657,-0.006580899579763763,0.03315631291604274,0.03221059605065608,0.0025445757470576175,-0.004789281469291662,0.0016737607026741776,0.006617411319446495,-0.004720414195834898,0.009964017975190321,0.027585678436343027,0.003256565020634724
2023-12-18 00:00:00+05:30,0.010963229267328619,-0.00401852052401754,-0.0037505680591962127,-0.0013109168252301631,0.014497368143497634,0.0009275283896156124,0.006201884213550878,-0.009511539443820723,0.005462133984378328,-0.008813582924476952,-0.008065618486966141,0.029905994642411737,0.009607670597146813,-0.004945468593662996,-0.009480388361619935,-0.0017817465181668732,0.021361450411760657,-0.003905231517692535,-0.002319972729464426,0.0120105024580796,-0.007025027991585072,-0.0067671148830669905,-0.016499573615337854,0.0036115494139847765,0.008003725393283347,-0.006736871223729158,-0.011694340017061756,0.00431843874225257,0.00028625854204732137,0.0062858397413734345,0.039267424773457196,-0.0055003289474897235,-0.011144667681858615,-0.008471980745705297,0.008679326188465248,-0.0005133386567031614,-0.0012635258960505427,0.010043966225755752,0.01628657581459027,0.018404449139552703,0.004981822091018237,-0.0033245700828077257,-0.015494430918841198,-0.0015857325298376515,-0.014398219405131751,0.02082119476162636,0.004432780512793995,-0.00370270130788411,-0.004934792724297096,-0.008941302844793709,0.020764942733468593,0.0027564615426376427,-0.014285138551862153,0.014322591370145014,0.010464731142785155,-0.0019742368357338106,0.0016140162743111662,0.0010316204364163588,0.00688453919646515,-0.005201400320748398,-0.008236889797380771,0.0032223577574227425,-0.01007682357448612,0.02088132921819496,-0.006246950751944052,-0.0004987411454797671,-0.010248770386857715,-0.0013399944307627165,-0.0012135553636600431,-0.023445359816461914,0.0010952567711720396,0.007497454966072472,0.010126464762101656,-0.003828328303835958,-0.0030580082915699575,-0.007045257230372338,-0.014397756268939252,0.05766814729618033,-0.0033607755127921923,0.00038566261170513776,0.013663183120979295,-0.009407254170511395,-0.00046642396969462293,-0.005250975408344201,0.011488239567752759,0.0010987408756795549,-0.011047724579767623,0.0052769138113659365,0.024000754672596415,-0.006139758088524492,-0.005910107959042447,0.02958528359863612,0.013516294264984678,-0.0029154158021506356,0.05233002555446947
2023-12-19 00:00:00+05:30,-0.01016714039895131,0.03128711238132646,-0.013289936804504923,0.004678654835147914,-0.018724956508525653,-0.007257255633075856,-0.006297629646514021,0.0102858169954589,0.001199657154089186,0.0027890686852857613,0.007976451554349367,-0.007248970659270422,0.005919693629177666,-0.008647886541976114,-0.008554997209292228,0.007992941469014291,0.002024530298379778,0.005574181380036719,-0.0018193382151133785,-0.0037324600779653225,0.0064856128277540155,-0.001644172140458574,0.00934955792043658,0.0010807793073060899,0.016545415751930456,0.05402929184006928,0.0013618631723587155,0.0029177797532046355,0.008264626725359773,-0.011286069039422707,0.013137723181727293,-0.004491280775987951,0.018982271502290402,0.004020684831762107,-0.010693187612103463,-0.0016924981420880314,-0.009265509812490053,0.019535195580372325,-0.002740374239211933,-0.009159929404793751,0.00988980109383366,-0.01068159268074591,-0.005891282448414607,-0.005049522708589557,0.009804507503294254,-0.009737636596076247,0.0028106282888006543,0.059158428738596655,0.002249472262598046,-0.0038748777041934367,0.00305361439059334,-0.010607774043009523,0.004435087096265463,-0.007444127919481723,-0.007733290783371603,-0.0002165011227693585,-0.0043177915884680266,0.0021028553386878953,-0.009525645577412166,-0.009833121537096605,-0.006715312154742342,-0.008368588846183491,-0.025720548549529744,0.006163852503532757,0.021050005515469615,0.04556806889327096,0.006511377255364566,0.000472079845117936,-0.007433976995689659,0.007305588780850838,0.0005472223214794819,0.00011483134454178634,0.014609135024192489,-0.015601934190905836,-0.016469816381408726,0.0010132371622674965,0.005623739114167448,-0.029332267683379393,-0.014665927811992375,0.010583784236137891,-0.006245805265150621,-0.015598737729540067,-0.011204686023285256,0.01717294727942541,-0.003417697494486034,-0.008823563404966421,-0.00800558471452772,-0.002531166642599891,0.01221401868936295,0.009828937183984364,0.004677941871339101,0.034427048207553254,0.00535587446831107,-0.014820127422129847,0.00768416171063614
2023-12-20 00:00:00+05:30,-0.04752685018193508,-0.07453685370540186,-0.054999781479958286,-0.05339831270525244,-0.0593132208391493,-0.05105244763158265,-0.06301452091544703,-0.02798206927978463,-0.011728990115047062,-0.013884900601679195,-0.00896666703903189,-0.008534554456525737,-0.018339044293270688,-0.017017783982041824,0.005389534227221592,-0.030536729979283618,-0.03409102430998733,-0.02316785762170206,-0.01724537312121763,-0.01818503675156804,0.008858703086256891,-0.015253945363775771,-0.04588487192023579,-0.008437901331886015,-0.00072771826420346,-0.04116853703199995,-0.03305973752450294,-0.028297478007051288,-0.010395403594344065,-0.03200709214008351,-0.043143946001848205,-0.047146779210136894,0.0,-0.026162443570780222,-0.033025938921290646,0.0024773552117275527,-0.033510749688393515,-0.02718041167626178,-0.029920018604539196,-0.0445855358636301,-0.001250354486198963,-0.016321061455133203,-0.008703875685845127,-0.020209107326736867,-0.011244766071236525,-0.04673956278731426,-0.03800242261758838,-0.07950172502581235,-0.04104724924237006,-0.014153474287249458,-0.04288816441376812,-0.062909303484205,-0.019342752128249447,-0.044648037425376534,-0.02636203219608133,-0.010917476530014687,-0.013215189747154764,-0.023261067514905944,-0.04218466040073958,-0.002391863632505492,-0.0313207165717445,-0.014999078715838329,-0.020925279243279554,-0.0447735290577635,-0.03952433559934343,-0.015496242410056968,0.014374377778308469,-0.02467184992584266,-0.06807580325465719,-0.027785626447858078,-0.051062979118710404,-0.07316253194208318,-0.012172629221203848,-0.010798309505095501,-0.044027201544720125,-0.01171572348803148,-0.029965449640027383,-0.027862507939496184,-0.037603439906174735,-0.02933993781446334,-0.010334649067104032,-0.009954468321143531,-0.009517981645944838,0.010450822581506779,-0.04802394519479577,-0.04262386128128977,-0.025969352599007324,-0.01573051395765868,-0.010885673015552336,-0.0174298040149147,-0.013027394489233096,0.06744679535288532,-0.041482102502567474,-0.015505941160066284,-0.03275328996978093
2023-12-21 00:00:00+05:30,0.015088076523438533,0.02730429406498812,0.005695188737308442,0.04536903686324459,0.00669595693273911,0.005585782407646655,0.027054408719107425,0.01354111174180967,0.0017575383105721736,-0.002878619856666003,-0.013465667325286812,-0.01873046741808656,-0.017065039841125992,-0.008393744996730783,-0.01623072462565215,0.024992809225209283,0.020124910486432744,0.02272312102088751,0.006514740171814142,0.006034656304837797,0.020900287485845055,0.01591195209934712,0.013987732088709025,-0.008998017911666269,-0.011676076241730554,0.009468311573075419,0.025654774495311665,0.003502180327924524,-0.004427938150132137,0.011575271385692485,0.020627454812064037,0.021189428674393634,0.02124184821049195,0.010628852605891194,-0.012509018604519665,0.0177651737953395,0.00015521033892184114,0.004109659880596637,0.014577680039020262,0.01511458952392915,-0.0016828719877816298,-0.0013041371793330485,-0.0022376690503136446,-0.005285607557433474,0.0009973063153920984,0.011949454819636957,0.03358217645609603,0.06693556818205855,0.0015296487672436289,-0.000260293495043828,0.008133007699620571,0.02991464618924582,-0.00041552651699870285,0.012111861410869092,0.02510233394249215,0.014242432359303624,0.012937051778689519,0.001651354565188405,0.004260253215794977,0.005048717470046498,-0.007985895408061086,-0.00680806729015076,-0.0006153619485152901,0.035878595678675386,0.014343304289326864,0.0007209693608342132,-0.002710237634023621,0.012268663190385234,0.018165844461918965,0.022634306857993072,0.033959068476577425,0.01898046662676353,0.013910759053466521,-0.003910440418614631,0.018802612654397848,-0.0013883384405862453,0.009014877157817486,0.014677714084292252,0.007175844435231492,0.011404581935130166,0.0010949112830895258,-0.001797213202142955,0.001968993271893086,0.0030680944081913136,0.025899374642120943,0.009587852113513253,0.0012006394037909166,0.007260924383866053,0.022178160791083854,0.002117213324572859,0.006753517343645538,0.02978966754279729,0.01773801015527104,0.00473465105238674,0.0115340095353192
2023-12-22 00:00:00+05:30,0.01577854832402371,0.0013141967262350473,0.003067046521091233,0.00887754288197996,0.008355897197084211,0.0017574726422603494,-0.00019847043686416067,0.011899709338915262,0.011543998050379053,0.013425705494696563,-0.006502666950291545,0.019931753589291994,-0.009800647768333615,0.0031148145361694466,0.012149842585630247,-0.0055747546701799214,0.024027825963180763,-0.006471789125568145,0.011842809265845298,0.00044837221721674686,0.019862237875523173,0.02297456374899705,-0.013753078407359036,0.018355695295151953,0.011190535661592418,0.021565890326594752,0.0327245935361302,0.01699085579377018,0.013092369632745881,0.012079549494504009,0.00898971489158248,0.07395573919123241,0.001257512009238261,-0.01907228754613157,0.02818449061033638,-0.009441429068071877,-0.006775457426403942,0.007946862394022324,0.025207729695703465,-0.0010351242458254326,0.008735238769345677,0.011031805206416062,-0.010106671677895758,0.011915236224637625,0.00827228873334212,0.02268250320312403,-0.003631321651240231,-0.011190256975478482,0.0002796557683217897,0.01736142370120979,-0.00392766360851565,-0.01947687432551188,0.015790886691834056,0.0284148287491558,-0.005265976593320024,0.004201225016542174,0.019133290045825323,0.015589865700222959,0.036348923166451455,0.014888373912620207,0.0002447863720148451,0.020198549458235633,-0.0014628507719948894,0.00018887949858970767,0.0028108685689282047,0.010007043862268151,0.006394390468553507,0.010400166457452474,-0.00502749827962943,-0.0025856097562501497,-0.00670016463677602,-0.013678694382598677,0.0009751375258441037,-0.006754659881347704,0.009006639315016066,-0.0009662568734582977,0.018957879280753327,-0.002877953709054365,0.005420394242637365,-0.010933326072317513,0.008194983696681408,0.011141909546099097,0.00959085130278486,0.013691238995581879,-0.005799716439251921,0.019278610004085497,0.019840342770900094,0.013139619414102069,0.012359613879414671,0.003479290321732725,0.001460583564110758,-0.041667709613599294,0.014737425541239507,0.06392616423669863,0.012579603681732818
2023-12-26 00:00:00+05:30,0.0025917098108485985,0.013240059245029996,0.02012821067110717,0.04283677751048877,0.001215819241832486,-0.0016598080413585522,0.0030719652176493823,0.016421568005025956,0.01250634663209978,0.003859854927493337,0.00545221442542293,0.0144042418517189,-0.018399139998614623,-0.01612766525409676,0.006840802051519151,0.007796055737901089,0.040089457588678684,0.011021560903363046,0.01035499569669977,0.012492240719396157,0.014398686906064738,-0.0030042784718099947,-0.0015267588251961684,-0.004406772359788654,0.007538641866659585,0.007678642450645308,-0.0015376132189599465,0.04460647957515619,0.0007904979555305231,0.008537948156996928,-0.02761516703297338,0.016366908122422034,0.01734902333298628,0.011346758095318401,-0.0031154803767980913,0.00691867769807621,-0.002895547885367383,0.007370350486148548,0.01634382417884681,0.04234608753672908,0.0035461895779626447,0.005791690997967177,0.0008042738204927314,-0.0045796069649427255,0.0027422923118668135,-0.006051978277634458,0.03456158615282606,-0.003586961582039433,0.014357660957575681,-0.012199118751986114,0.017160646169869655,0.01419157817385338,-0.0035137083022628284,0.004532624914050904,-0.008696653536376655,0.014063466783283438,0.004900420694715663,0.0034730473393855435,-0.014611780183706171,0.01650822756980291,0.01698813344404344,0.005222507813459806,0.03921180609964666,0.07553616326286497,0.022208725832053328,0.007602717383363497,0.016533419633659868,0.009225508176513766,0.013733213101966506,0.006880345554462879,-0.008438922950603141,0.030040905188583517,0.0050552524994307724,0.000716880384547585,0.013619954068317694,0.014797738135619886,-0.009630512150211873,0.012261630582770541,0.02961808460622827,0.002039480203160156,0.003090937444753052,0.014481646640721055,-0.0074676639217550415,0.014549095119102974,-0.0038341018841875018,0.012279147300220679,0.005357481611331735,0.008058680456971659,0.026550997553736157,0.0015162660368546817,0.004968026443591519,0.009201759686910258,0.007479372010888036,0.015974729404675467,-0.005530373640985924
2023-12-27 00:00:00+05:30,-0.007943424260527665,0.01628372521319636,-0.007742397015998538,0.0005622868574437384,-0.004237377866734071,0.02079078500847477,0.02279149295535578,0.009593260136204422,0.006217074756578846,0.0009936778192876513,0.010997202679275987,0.03721347797886657,0.00979504263368228,0.014571360941436696,0.0037881608059570416,0.02908261605892848,-0.009664491303351687,0.006841045280839822,0.021128425070462097,0.004670333709506665,-0.003664161691653238,-0.01548575802898293,0.016552455591577732,0.006323711665486641,-0.004185543188530893,-0.0012300640689749385,0.007803321451569218,0.005356429906495592,0.014515479445773758,0.019509473838962905,0.016266996484004027,-0.01405940983322125,0.009469780122197265,0.02634655251086456,0.009487429177051938,0.012316483560888639,0.0090498285824718,-0.0001837139369606432,0.043450212818565204,-0.004423505845165165,0.009069902686925587,0.0008017024300829841,0.0071595541817408015,-0.000777042515788306,0.0014230027397108456,0.0006869577218237721,-0.011388320166735915,-0.0072129159688449455,0.014736565435822196,0.014882734871174414,0.0021885440798351976,-0.010411652262601481,0.027313445696383762,0.005466681068064333,-0.0029869369652776754,0.008181197598400998,0.004383504985043826,0.01533991978349896,0.05005103258412637,0.015878737517424104,0.015342647102621156,0.0017365034968575919,0.004509305947628368,0.023542159523007887,-0.011532820769277571,0.006177495602476708,-0.008718862731491384,0.011608047826828713,-0.019175794056404818,0.002995258925353685,0.0366098567780449,-0.02049487941721679,0.0034077174211257916,0.01849765232957916,0.0031168456275000016,0.0013326312411386725,0.006926751301795286,-0.006690107643670062,-0.005602131008006166,0.016322434579870728,0.003959962074687834,0.008678844711288483,0.004114685302177604,0.019075423569040698,-0.0016916237471515736,0.014684630000431995,-0.0014440607410772248,0.008862134757094027,-0.008160983779197167,0.013627331285164138,0.04082249183728305,-0.010453942145333154,0.0067580096451711705,0.0018065397823292062,0.01824437351147073
2023-12-28 00:00:00+05:30,-0.01933597159184591,-0.03474219868943004,-0.01183404021321464,-0.025364236244270828,-0.007299130466741903,0.0018167279755998563,-0.005333220773681066,0.012762209092186878,-0.0021171150494336912,0.0042615868274334875,0.0013547766390089285,-0.0009469136795249223,0.0035675693807489866,0.007013632547953375,-0.026622012843272057,0.004086356250107477,0.013778127222014722,0.024118434836941278,0.01506407314878258,0.004273295692776975,0.012420643887516444,-0.012740387693747919,0.019689139266779305,-0.01406268708935906,0.01683674560549611,0.041128331579680884,0.011317458863543928,0.014238078274621634,0.024895380328759906,-0.0068438066857252995,-0.03077170745764754,0.03398951649573708,0.008168053380419414,0.007104801145139813,0.0002718166412470271,0.0011441062014183796,0.006656897843248838,0.00366553098044696,0.014263854376652214,-0.000854951451743228,0.00972898623881536,0.0020815074344566697,0.00363517925555485,0.015428050019070804,0.015197874571836306,-0.00781333893661823,0.05119456623636763,-0.002588586231606203,-0.001009372257041952,-0.0028436575693527,-0.0001708467952440225,-0.006838534635084559,0.005578608670662245,0.0036053120066606775,-0.0027816378680463887,0.009938129221343342,-0.005430500128068825,-0.007349195817020729,0.006673535711360383,0.020145911091571492,0.02717557455097352,-0.001644047933792425,0.010127019082559965,-0.025051286292396602,0.0253260946372586,0.02037592130061862,0.013289989668295922,0.0034027627917069024,0.00025983121791622307,0.021347070641959613,0.03951392421918937,-0.0006091076196410264,0.00720282290432875,0.009766865533480216,0.012883459422797432,-0.0015162131228469815,-0.002075455971850119,-0.0044851024360402095,0.006301121874289924,0.004384861498108704,0.007715129114112841,-0.004504526192726564,-0.002969234887723029,0.013783285281535326,0.01512294748258568,0.006900245649809783,0.004520488542526244,0.006982369254630432,-0.003606651570379728,0.005052386606446135,-0.0009394702062350893,0.0006059786818266148,0.020198678189946438,-0.003190196888127982,-0.003272717771590689
2023-12-29 00:00:00+05:30,0.006847080273137993,0.02243483578323692,0.01380155640705836,0.022800227699580466,0.007250305239579121,0.003337931434994765,0.012848558121897604,-0.009838963206844398,0.001514795860787332,0.009351267413724117,-0.005022211925766498,0.01391818444968076,0.009474725892885732,0.0027324696285571143,-0.0050234450620694785,-0.007973282630512583,0.008176766928656631,-0.03306538616145436,-0.00435005254080511,0.004563784569878541,0.01063054429937132,0.004521620207893625,-0.008194782362563146,0.01931544965995272,-0.01156734013565625,-0.013079102384301293,-0.0030926488457333336,-0.009191928308879802,-0.010406410085548627,0.012531451674937225,0.004050228399147084,0.03133085013561517,0.01666917903142627,-0.002409549655932582,-0.004321968298967032,0.0023429916507368446,-0.002162416715346416,0.001023880482291273,0.0008947656007891047,-0.0006418936009892395,0.011382324721019556,0.017284115839356833,-0.009288523534119865,-0.01183032682662765,-0.004318772547913598,0.011241136695852503,-0.025847093281994058,0.02962422691404469,-0.0017396870088142932,-0.01271927528858731,0.01360707806372275,0.002447695046344702,-0.0006246170553590685,0.015831144945014666,-0.0017156612632537682,-0.006920062111761533,0.006662432201129421,0.0022572477653465908,0.00674949373988328,0.0356026419824881,-0.0029157918788700397,0.0029892808285722303,0.0021151299625111007,-0.0015332016504392074,-0.008799365282111964,0.012507959744855298,-0.015725398150928504,0.002507688188918889,-0.005993435911755092,-0.007978228846417341,0.002614341918392197,0.006317491973291151,-0.007937745877260509,-0.0018830139691222803,0.04309284724912815,0.0018095105756104478,0.0037327095631602444,0.016244222578946522,-0.010410120478022802,-0.01445770010565837,-0.002141530588063835,0.01054506279009206,-0.0017120844650103596,0.043055783895944395,0.007100232074645692,0.010441183478042298,-0.010396377945302076,-0.010730020353345726,0.021903261709388184,0.00952158408290044,0.007334273137760421,-0.0007272928502311222,0.0038752253653385367,0.00393296782497831,0.004070975266291074
2024-01-01 00:00:00+05:30,0.001571160001546235,0.008853874110146376,0.02367370469974292,0.0008762749533396678,0.02268218489665336,-0.0036245485394693225,0.025399224110663747,0.00802324462015047,-0.0018533841138946045,-0.004394022966442562,-0.004181937158003361,-0.014246374065191735,-0.003924285164950082,-0.00559160784951941,0.011536396506265057,0.011401699321369991,0.004063321066363347,0.003101875330652953,-0.0187268638571464,0.01028968440647086,-0.0034997614346006095,-0.010619533041134593,0.011137715494094166,-0.027726506599184058,0.0037640541770066456,0.015307902591980204,-0.003862133855154509,0.0030690886575728093,0.004087928740459091,-0.025704593536518442,0.006446461176957566,0.024978342845985546,0.011951261173221414,-0.0035193122023916253,0.01196686031952236,-0.006544733468413446,0.003087858924852531,-0.004212188162118557,-0.007263707372322278,0.00793927127626072,-0.0034595220116938495,0.0009428308456608425,0.002805652127710696,0.011969457405376997,0.012793846223937616,-0.005146077708028365,0.003459505995138352,0.01051323865152787,0.0018175322664292183,0.005461686516790441,0.0038347218499979216,0.0024417184611860696,-0.003015088628114115,-0.005495592400426166,0.006844989320351433,0.0005501158061324138,-0.005264176615751447,-0.00015602620243409412,0.031044582391501326,0.027796239138727457,-0.015206956231365828,-0.0018508283376565285,0.003200784698793218,0.0038724044925993618,-0.004509468870904644,0.029364973704042643,0.0014618913071671802,-0.006503403651333767,0.03202231258860422,0.004416925363632237,0.021183915601843323,0.028651817403184576,0.0020482969756267836,-0.00034900067263143994,0.037540519583938996,-0.006712925179655144,-0.002169640834771157,0.00021122911321654322,0.007485785533782792,-0.001090890796063537,0.0006350204508226669,-0.003337593480436023,0.004655242983016558,-0.00618402041416586,-0.005585408012183108,0.0017892958170787699,0.0190681773693825,0.00046237701162785925,-0.004020062178035343,-0.017451187904672934,-0.0037247949001951116,0.004517218838109645,-0.0054295026836115945,0.012336147054655232,0.014333851824860796
2024-01-02 00:00:00+05:30,0.004134668542662685,0.006989310477240866,0.005196923626982218,0.003216807718566991,0.02873802607397082,-0.008926491033111345,-0.006383641292232982,-0.0006436946981775927,-0.0013995888845127638,0.009451496564051885,-0.004062038590788363,-0.005394311720891743,0.017788248895660403,0.0058288456717624304,0.006944240730567341,-0.013133989825593054,-0.015255007712125948,0.009248091866502738,0.008502400393323789,-0.004427331824458428,-0.005834804505951035,0.005434449389471121,0.0034974170907945547,-0.004293770545541996,0.02412709927149748,0.028021703423924602,-0.013565906030405658,0.028721239133647266,0.01790068703287449,-0.0367846522991903,0.033178374985136566,-0.01302062174919744,0.012456954052743151,-0.012226016956805167,-0.009616412513045035,0.000588730545207578,-0.004945142379297799,0.013055008526589706,0.010754412619166995,-0.012299646843111894,-0.015545384123191753,-0.003303752591695901,-0.017309230613185903,-0.012462365242115891,0.004901958167791994,0.004803903253647794,0.0019168096299785266,-0.003992058630700519,-0.004535130782123815,-0.010986152517555046,-0.017886054644451182,-0.002686128338064826,-0.00846775648838263,-0.001075853185459199,0.0034049717909797063,-0.023370248120267938,-0.019007580596565595,-0.02508903567313569,-0.024817858920561604,-0.03667733008820913,-0.028041817430689654,-0.008354086838391625,-0.015516707895394671,-0.018868761015365856,-0.012180386823961747,-0.005467516824673654,0.008244518478525607,0.0147927203795896,-0.01376330767474698,-0.0016803386336890185,-0.008213591671468954,-0.0121960214306481,0.00824698317002725,0.0038678636935725445,-0.00806260767180598,-0.013193729520857629,-0.009218184043279027,0.003979186516531123,-0.014743583027600074,-0.0029668465803941346,0.02812662695136266,-0.02502509382654521,-0.0073477283648756475,0.016209077534699766,-0.0013632570523729882,-0.0017892958170788165,-0.014794962864900294,0.005721788713797852,0.011215783778393502,-0.0023009895237374616,-0.025092468220753218,-0.005123762537023271,0.0038811730775615734,-0.016801748744942637,0.018563693011195866
2024-01-03 00:00:00+05:30,0.015606231611471335,0.10764507521903985,0.023790646752915826,0.056789342294837286,0.01459067714886957,0.04873507151097867,0.009746965572393716,0.0038126606331900393,-0.005247654196927539,-0.04256650067521086,0.004881729841793495,0.04710231862709689,-0.0061086805820758676,-0.005083446078418782,0.03588690584831963,0.009276358903327883,0.0010973399687297827,0.010465559537459873,0.013126699664450837,-0.002025810868704691,-0.00664925749412072,-0.0015496594513029723,0.03170301326487376,0.01658175229580333,0.014409343022348727,-0.020844884248614446,0.0025184776841177853,0.00014890067005880327,0.000860201033712593,-0.0012596009587074804,-0.008975622376106007,-0.011649441997315648,0.007691332378162689,-0.014016761148432208,-0.02187681896457588,-0.015540043623030577,-0.012941657483748707,0.012672017763657143,-0.039590233297868246,0.027625508016699316,-0.002777662388468447,0.004716282666675752,0.0018308127051713046,-0.029601181347071508,0.014563327609634621,0.02978914863924694,0.016334561071304505,0.00895978629250014,-0.007479820553767179,-0.02936318632216493,0.021890145119701342,0.005608312480096453,-0.03812271701740812,-0.015184756809347206,-0.0036181883373652838,0.00045561088667804675,-0.030229326284827936,0.0006542441395807102,0.001252687312531937,-0.01035404265514036,-0.0005737476621497565,-0.011846894071142911,0.019069173818929572,0.015807184441307808,0.0006532887523794615,-0.021834143108442856,0.005778990856768713,0.012541090029552053,0.008815073240265751,-0.0033691025208024868,-0.005686270395838613,0.009131322993722397,-0.010933723234265605,-0.010453398494560402,-0.02996845295082467,0.004731010426155127,0.02912766040295917,0.010717682784028517,0.004325120382613739,0.006235856934951441,0.0018500205210715717,0.014494606532158725,-0.024469624703675762,-0.011728787247979282,-0.009595665941754905,-0.030917165415981156,-0.026881811301153948,-0.0014070575359237587,0.012495786822399529,0.020864601921909132,-0.009170063783817264,-0.008407978630856567,0.02165046728971228,-0.028755687485621042,-0.002600819941268125
2024-01-04 00:00:00+05:30,0.010249861788137605,-0.0028776171729793525,-0.0015663597983688222,-0.0028025683953263837,0.026112570401010643,0.0254761754365264,0.024597099850439418,-0.0010580740933185968,0.0018804058891778888,-0.00881209225599446,0.022323204524235224,-0.009253291634731634,0.04251700656644435,0.014380560153029163,0.013063136735934955,0.020825111626544362,0.024645808852673513,-0.018387331547954428,0.012193567618253546,0.008917494818940922,0.02025486857688786,0.027856997809021268,0.015267411744451854,0.04473218889817614,-0.002695585244754283,0.0005199795404499023,0.06196756180248871,0.0028614755909328903,-0.015237173586480229,-0.006865767852562443,0.01710105353220521,0.00614822489850306,0.028608351335050845,-0.0009656407807434935,-0.01245765990053081,0.010672730626022134,0.016729934304147313,0.0016084544941059144,-0.004309114492089639,0.011863107348950826,-0.0053855598390379605,-0.001726708263882545,0.0031453385524635048,0.010969992592996426,-0.001782640016162981,0.024830290060074905,-0.011367995659612471,0.003956443602699717,-0.0004915200522196762,0.01511992573024357,0.0018041129031659813,0.03594202156884798,-0.0006568772698499258,0.017536632711586057,0.02899969769460138,-0.001233389965109683,-0.016005480199806955,0.005319492933099743,-0.00418156702095534,0.0886284612775019,-0.008219727632570608,-0.006206300262707591,0.06560980967073991,-0.011632476185982657,0.034978537206565484,0.01790510108782237,0.030269380823031402,-0.0011549379020048078,0.031673100501039685,0.018391256807708117,0.009801458317708272,0.02851190450588833,0.005154420770781171,0.006236241115981104,0.015096429896354477,0.004812634841538845,0.027418905308192708,0.0008564452123045476,0.0038538718120032715,-0.0010885159990431188,0.010989624773670617,-0.007687548578120751,-0.006781260649586253,0.036738042303869234,0.033559686501594174,-0.008160350085109921,0.002648704075403713,0.00719034951556317,0.008596271019205761,0.00310138263639277,-0.009614278405898652,0.027517919746508995,0.00886886829629507,-0.007706706986872394,-0.0017610629765198275
2024-01-05 00:00:00+05:30,0.0015739725909699183,-0.013482624664372608,0.0027645142814366037,-0.010990753737009484,0.027269065316328188,-0.013427839856945002,-0.013006310140549333,-0.001380779986624034,-0.00724515564868147,-0.00885163573487255,0.01198929819910941,0.008107512882473135,0.0007264670310873164,0.0044263132014319565,-0.01767672323393523,-0.013124604783805087,-0.005095852409398741,0.0009936601893032748,-0.0012413726472165498,0.008979525498122136,-0.01673022899103713,0.009329331143553877,-0.007225657184336163,-0.03084276906706931,-0.007547755197505543,-0.001300456162976397,-0.011160058966062238,-0.006801700788719581,-0.0011217702732669375,0.0041483328718345406,0.026992728032571734,0.0030599448736950328,0.014741105697124156,0.004482177283942422,0.009009042585511025,-0.005128909252976355,-0.0018537921447301941,0.0039566353795648344,-0.005944810189940504,0.032053784272449815,0.010551508294711276,0.0007853120630551491,0.006613313354589065,0.0017212261065759154,-0.005155863669860398,-0.014692470388461353,0.011367995659612452,-0.005444280987057678,0.031101075002102626,0.013037052388905066,-0.013746285841742863,-0.015007586413132639,-0.009240985358562026,-0.012426783455399004,0.009277434292083369,-0.008622619891509045,0.013754969285998724,0.018107762505326443,0.010895233228313412,-0.005988111359990413,0.00018269871877088614,0.00016982077880117575,-0.03167214376186339,0.0022136162036734543,-0.0068031606574236875,-0.016824429948322346,0.008350847520201142,-0.01691703241755345,-0.0043223584173341534,-0.0008286135475751072,-0.0015412218186194868,-0.0034478238465425995,0.004246523661193467,0.015628915750130267,0.005783185932539588,-0.0482061156410103,0.01122552859475053,-0.0028044011682206746,-0.004495004485608274,-0.0012453018228421704,-0.009758335800429271,-0.0016658094019895392,0.019204504741242127,-0.0023126826830702826,0.008546997264266182,-0.004479219691846442,0.0006412022010631751,-0.0019240942270989775,-0.009149294854491495,-0.0007500563172921774,0.0001247641426313535,0.015084131290371198,-0.0011277339296906737,0.009240960662005892,0.0071659261982265415
2024-01-08 00:00:00+05:30,-0.01656733729510846,-0.01776861482854735,-0.014438930666980659,0.0036076118732638776,0.012569510191167489,-0.017203983102494227,-0.022657190021936783,-0.012635442667291233,-0.01717821667994728,-0.01541524243469933,-0.013236273628869737,0.0007663591844917895,0.0032173904455477776,-0.007722085439408351,-0.0025198934896380563,-0.04890739899742141,-0.012718263944754355,0.004184537704864617,0.0023382132933181515,-0.009962932370566533,-0.018182866691320455,0.002984106763917063,-0.0250985493393692,-0.021455163218316663,-0.011842456984358473,-0.010070018131354873,0.00839812824167147,-0.02028020606404284,-0.012813853594279112,0.0018553822426489778,-0.0033815319298381515,-0.01819065297788315,-0.03711932466439136,-0.005690451440225237,0.01048353083699999,-0.011208712139652998,-0.0013925315157653209,-0.021503079253091032,-0.016056634144124414,-0.0010843286894025087,-0.01608246813435971,-0.0096224092592621,-0.011844018233613004,3.5904963554673604e-05,-0.01798978860683204,-0.009694954384482986,-0.00037677481210379406,-0.007972059094447705,-0.01945922867462431,-0.006382329807160526,-0.0009141766355338709,-0.0011914067936094031,-0.009022920903934126,-0.02560520821240955,-0.005143486514274476,-0.01170498395300459,-0.01730688458400065,-0.005923255548253246,-0.024637915043407975,0.030033599828308326,-0.015868200253873106,-0.007042908659601632,-0.014515429655267333,-0.018635123839376103,0.004751444722813385,-0.017822041904578752,0.006906032455969835,-0.0029243340957921774,0.004322358417334111,0.0045492056273328,-0.023408077141695557,0.0014955929719402032,-0.007834402405825931,-0.023025429990030183,0.015733385676320315,0.011272574798778759,0.010964312934769491,-0.015248522111960624,-0.012217305342657182,-0.023563977182608754,0.003914806820789086,0.029127578596109392,-0.01607312822637948,-0.016159182797720394,-0.005296377330141101,-0.012422562458632217,-0.015622578942312193,-0.0017523166442012723,-0.010909785839842189,-0.0068738419542809775,-0.008175258222485375,-0.007572605085234739,-0.028230044280877064,-0.01378267678620387,-0.00498260648839422
2024-01-09 00:00:00+05:30,0.034624220922451265,0.01785450081888056,0.017096205503604422,0.001991988357620287,0.023881644951776772,-0.0036062677370346753,-0.009475087436649935,0.020149530651294288,-0.009412256778284852,0.0016677542030117403,-0.004869246245919694,0.015634888355128135,-0.0013646602900313973,-0.008227777060057381,-0.0046655158261224875,-0.0011194414075901139,0.0057025097691612014,0.01082038827731086,0.014620155271025257,0.012733244530927296,-0.010670302874322862,0.0023383823330266128,-0.0002220070036830741,0.0002436207908286275,0.013744320833070586,0.012928792608960984,0.039129537190828866,0.012754610869498882,-0.00200669039055171,-0.0035591517800392294,0.010855408103898699,0.0021756406351265225,-0.010863641328063783,-0.001766756400403183,0.00859614776541305,-0.007815526422482665,-0.007693731913352609,0.0029398271697382706,-0.0029472517048147076,0.004878526068928136,0.0005815503349944602,-0.005244347081771806,-0.0022939031915325805,-0.0004658007834000391,-0.0020429680863242755,0.015161781980438245,-0.005670016753112439,0.001499580853156379,0.009594093382308306,0.004259268034797684,0.020335455133760054,0.08102338594523041,-0.0006693533378864587,0.01515332201066288,-0.001031917461728139,0.0003011775421492161,0.010855062126737392,0.015545012192699312,0.010384702853335773,0.007181803713839888,0.00847188405839027,0.007751328151114445,0.016542104959551933,0.0048540628098868305,0.010374182658426762,-0.010245801816670301,-0.0059824936949206846,0.003475182036321093,-0.0298941201361303,-0.0002063368000275051,-0.0005263963990050544,-0.01424053439991376,-0.002650963538730125,0.019719033084514156,0.012691148632849548,-0.0006130090502632557,-0.013060944672028157,0.04334997475647388,0.029608243228115283,-0.0025550407841411545,0.014224580413977221,-0.009318034154014297,0.0031485352012418696,0.006045474463491646,0.0036811096090784055,0.012422562458632156,0.005437159046179958,-0.003256723250562336,0.005705051955797554,0.023020411231226893,-0.003569712219306049,0.02185473199050642,0.007516462798031075,0.000887727146596091,0.0032309576585622473
2024-01-10 00:00:00+05:30,0.0031047635642957004,0.005311932621745232,0.0273540154619799,0.023396470485456386,0.0143069859071133,0.004713304281051388,0.0018071593116974099,0.0005602506074662552,0.005904463700742031,0.0029478256582672786,-0.008589973280374856,-0.0056757813451959105,-0.005828849197773709,-0.006320252716962357,0.0029426221458551476,0.002907959684228977,0.005131804861780022,-0.019096196277154108,-0.0016924464307180782,-0.006145125710021657,-0.007003585283346256,-0.005322489096943637,-0.0036701589004549877,-0.012420019464291625,0.030439034259330054,-0.008600595848134381,0.008135563961898884,-0.02079367087684018,0.006483453630686853,-0.007234617778519178,0.002602647676230819,-0.006541173841060259,-0.018576768910324556,0.0061460197764524995,0.02147412202588972,0.0032965497735211093,0.0062992585491655866,0.007977265119437258,0.007093426743065851,0.002339345039970481,-0.0009114263773096075,0.010934221483390707,0.013483577320227529,-0.00499465745144778,-0.0026944127456697046,-0.0003270985653467783,-0.010287769506088467,0.02904460593937093,0.00934102289180214,-0.006165498580127215,0.022724378684062935,0.0216394656802148,0.010174493942754118,0.003975017093109631,-0.004967877882078941,-0.003207682666656328,0.0064266498618667355,-0.0029431378713060544,0.007360697332144433,0.00445166321470709,0.0017777338053745083,-0.0013875770776443593,0.02482199261479515,0.030553979917384854,-0.020218638491897763,-0.0056085861301984,-0.021225233413390658,-0.005447768084236013,-0.008415196458845418,-0.013085737972439575,-0.005809395832562401,-0.01883293716100598,0.02661418726045938,0.0014478992872498373,0.019426872369941173,-0.017385667281353292,-0.008268119648995358,-0.0030212690074699435,0.007980021790389692,-0.005853408030952647,0.000641695140814422,0.0006684479193458739,0.006254380527202451,0.0020667564788400023,0.018204725058493527,0.0033613537020087954,0.0042396712552880324,0.0055207035749876305,0.006395596354442448,0.01849305913998517,-0.012492917815812436,-0.022485141601581573,0.025217105063872477,0.006302978737189831,-0.008592149845592208
2024-01-11 00:00:00+05:30,-0.013020749099973984,-0.009098859044905188,-0.00559953310843836,-0.0052946976087858075,-0.009432019188675657,-0.0039724779425369455,0.022736698527567892,0.011824612411492028,0.00041054784076714225,-0.00017005693498601212,0.016795773124102818,0.03415742525051998,-0.0014071098105249938,-0.0015564174734950381,0.0011447320811313055,0.00978004192772336,-0.006757741732176497,0.016374867413123353,0.00014115636200143087,0.020400594254015223,0.009791440364289614,-0.010407331134693335,0.012732003365261733,0.012338785984061948,-0.0026742305736616925,0.006002318403764447,0.0017570885517437648,0.0006531869198167004,-0.01650774492032073,0.011964441418880546,0.027107976420557324,-0.005955050045610972,0.01201880159226225,0.007297188051261251,-0.004904357502970804,-0.004205718559465641,-0.0014740408719580954,0.027937196035669392,-0.005358672261326746,0.0010433641818249834,-0.01611411069300946,0.00015764839179499064,-0.0019150942238385284,0.0037392939809370606,-0.0014040169098348413,0.0025055823487796537,0.020470777656877184,0.03621164383952198,-0.013778484954046329,-0.017053600365965767,-0.00983028748098274,0.03363623057099052,-0.009383583612722181,0.0019815989205071616,0.04305233173299148,0.0011251852781533711,0.0020911207432905777,-0.011531382377473993,-0.005500430985626861,-0.004009959436008245,-0.002544904595019398,8.988425392695459e-05,0.011914552828992757,-0.0020675801705514235,-0.0014373068160769512,-0.008139847501546324,-0.0011793588638537495,0.011468311828493609,0.012722812228093728,0.011640119288185181,0.004228374453649595,0.004978076161288266,0.025961001280397075,-0.016428169550659212,0.0068478757456436066,0.0025226885059601934,0.05859808739457871,-0.005023586302653516,0.06629803737553835,-0.0024960032988475198,-0.006512332917555188,0.032674026815166464,0.0060414230580775954,0.004746662750750263,0.030837239217686937,0.005947957252284221,0.006826459695418539,-0.0042762024417088325,0.04814437538811283,0.0006929614094009702,0.01464739501352562,0.007381776980070315,0.027879698160199622,-0.011976142895902854,-0.003755887784640295
2024-01-12 00:00:00+05:30,-0.018207148195216787,-0.006488192938442526,0.007502186656435829,-0.0020147302415044195,0.0034438475667513567,0.0018496682944933983,-0.010927890102698854,-0.012721333472508728,-0.00316776429046659,0.005128960480672357,-0.004808350355999459,0.0004246372930606021,-0.0011350586846290828,-0.010448252656574394,0.0012926028675958256,0.016888151746016877,-0.004621441457418629,-0.000981595794288667,0.012621672556929754,0.00640669777433187,0.002799366941630846,-0.00638353079803677,0.01690785407121225,0.01222847051733437,-0.013403768593910561,-0.008491944926868047,0.0038799260430553003,-0.0054563267736239054,-0.0006326639253795096,-0.004626462630949043,0.008636231501474526,0.020843543704460562,0.0003462591639909759,0.013277230414454489,0.03702160420126365,-0.004741430564434499,-0.009987584031169889,0.0013627002802935708,0.00880061055397309,-0.0061438141188564525,0.003070775482899062,-0.0028404419093168917,0.012383268645642721,0.000609906768869658,0.00871593826826348,0.004342582136767675,0.015267497060940407,0.05949549037283964,0.026079863915473813,0.07634985205781475,0.006727055032864388,0.005807932362165493,0.004551413251917243,0.004699238645435706,0.013817834684887367,0.0056891699647401905,0.045445156562397775,0.018081631150599155,-0.005651426190531459,0.06466817226882218,-0.0025822240003147852,-0.004550233040196685,-0.0074977970427366454,-0.0010463454077484886,-0.0007991579059566802,-0.002976263204036283,0.05308535242596582,-0.001990688820970663,0.015803612752338873,-0.010177587484781392,0.03013205253417519,0.01327160123408802,0.007928550388991677,0.005239059745555375,-0.023010685997933433,-0.0013368776985549322,0.005707888074635144,-0.0013712322940478102,-0.005123968729580805,0.0213757036023618,0.007342255922286241,-0.000742763618350104,0.03866151544434648,0.034898625398844106,0.0012586753380976383,0.0029607641956422887,0.045874096368688645,0.007380920505552243,-8.111931747989179e-05,0.011380946591900637,-0.011354049863938795,-0.010262957201203064,-0.007493540436636204,0.037765055606230426,-0.0004260369927303522
2024-01-15 00:00:00+05:30,-0.006511806271680348,-0.0036518180406022818,-0.004714636008501484,-0.009337846352514275,-0.0033192260200572287,0.0,-0.0017860410808099322,0.017225706553833837,-0.0011906176547152078,0.0044809634350360195,-0.000758882390822443,0.0,-0.02418367369718225,-0.011874775559126563,0.021046116006417738,0.005206111805198357,0.02767871485695052,0.0037029246583194,0.023914101206070213,0.007312973173419925,0.005083080851748708,-0.006315400198269473,0.006791413587358256,0.02515239404614248,0.003929679893053273,0.009272038170262644,0.006040046166123143,0.006582441640135003,0.016457745706812733,-0.010061216315227283,-0.04507089412286099,0.017094531067045223,-0.018782047013900148,-0.005008812456557955,0.030299441324690146,0.019071192278838925,-0.036983555570232085,0.0059179730027577775,-0.012795097303812767,0.009482141632384105,0.01141255575989075,0.016767534123652016,0.00630788031970455,-0.015396530179551554,0.0019265474802516022,0.03282136053836825,0.017219636307638182,0.0,0.006534291735833458,0.024106366290104573,0.015148598610510985,-0.021005012594673574,-0.0007873173356289816,-0.0011558159022535999,0.044852262844549365,0.00990575108614233,0.0,-0.00724143951749742,0.0,0.0,0.006809859088294963,0.012093348746633547,-0.013171956791886964,0.0,0.014763266635927554,-0.0008044419669160607,0.044218215805866344,0.006977142700977598,0.018982504037667058,0.0068657389599568125,0.005104743326284626,0.027276129722126494,0.016927232741962492,-0.0036644492292698372,0.0,-0.0022463619107968937,0.0,0.0022721993842121768,-0.022125443187693456,0.010206591410727894,0.002561108580202507,-0.03126326180162976,0.0053939658542520265,-0.007100143706229191,0.0032093782278326995,-0.0029607641956422718,0.022376842260134013,0.008777763640361612,0.002589037538899847,-0.0058856393972394425,0.01478541049205155,0.005242974013949331,0.0016498131480358448,0.060744661129524306,0.0
2024-01-16 00:00:00+05:30,0.011796646720123054,-0.019039003340887758,-0.010738758286014304,-0.01665911872012719,-0.008137007417330365,-0.016489304178838576,-0.0051878926547090295,0.001381262333515804,0.00700069555668126,-0.007792859618381583,-0.0003574233268347969,-0.0010961838343080564,-0.002859069805156413,-0.005466985474188633,-0.005542588946798147,0.0006488711501874162,-0.009854892359001118,0.027660469683918366,-0.005913689377596524,-0.012981361122966113,-0.009070807630792226,-0.011756443362905097,-0.0009674075690694365,0.016449097070126203,-0.008258650333704733,-0.007175127387656289,-0.023301506193541977,-0.024625502228830448,-0.004349661720040786,-0.010440232182761643,0.0011238746789883525,0.010237978099385791,-0.009925458871017746,0.006735886490038538,-0.02083638084265925,0.003788918299047555,-0.005221510182912031,-0.0072107061606599306,0.00849079348902915,-0.01228419323627313,-0.0015945889706639091,-0.003580557509114533,-0.0007924603911835907,0.001019191404865118,0.01000110419807098,-0.017982324246113148,0.04231747534980906,0.22384881788680802,-0.0247656034767627,-0.012516736055139562,-0.022006672870173376,-0.01671942389199329,0.008627696255525704,0.019801299846578226,-0.0694615257667315,-0.0018921067276046481,-0.00018434418524585695,0.008557503974283544,0.07350057968311699,-0.0226882798774063,-0.009337033194109223,0.009536048173876302,-0.013278226572807318,0.01452886870766988,-0.018448300441205392,-0.0021613494768389927,0.006828902049618386,0.01488373943264871,-0.02234786771852647,-0.008746373421263116,0.0005089793642493543,-0.005578635499049405,-0.01408606926744412,-0.014971235901176865,0.017993627385810736,0.00996008707225418,0.007343906566364019,-0.014539838652618372,-0.026388722304542117,-0.005011649254249206,-0.012032966968967485,0.005942942553983384,-0.010946597985441333,-0.006188842582601397,-0.015301743219049965,0.017270257683358815,-0.012979637309497189,0.01621585824157029,-0.010335296501098629,-0.008554284077462981,0.001510745042624789,-0.004413268085610051,0.000732384691617735,-0.019600458475329475,0.00411109522096395
2024-01-17 00:00:00+05:30,-0.007566033383771405,-0.03542267900061621,-0.028355100879121554,-0.031570693186072495,-0.022456667514404116,-0.02059383023309044,-0.015535318440065844,0.0036094119099457003,-0.01669960062189979,-0.010991961397904912,-0.03343628382683013,-0.017704640907141096,-0.013202633266401658,-0.02327473938163393,-0.009658477900922844,-0.02517921068237778,-0.00617533410744574,-0.0025410733933119195,-0.009765682327722626,-0.00777310531575685,-0.013520089167989935,0.023376343473415682,-0.017684139292550832,-0.008772943236584323,-0.006432111950292733,-0.005909044814107728,-0.01478753523272825,-0.02272309824880431,-0.01896947776135134,-0.010923538503437673,-0.04714420729188589,-0.016918728945216788,-0.020060992444999405,-0.022639847423178403,0.01306171033459936,-0.08813005893591971,-0.007636435696338063,0.0008037524072441864,-0.03386883725200162,-0.011845123407568554,-0.002416283419861979,-0.014768550895633248,-0.02742788691445426,0.05675618022375024,-0.012141996144532265,-0.01397267192020118,0.003475956505097924,0.049847081503017546,-0.007355608240316034,0.005287673231900328,0.002340293068737704,0.013863938924336848,-0.02389233713848589,-0.037576151831596946,-0.025642493621305863,-0.03768725160580959,0.006346142858402958,-0.0007138007913218607,-0.005673997817445196,-0.04449987376039224,-0.01407708152348353,-0.013031806976520934,0.018827413534026047,0.026766812529143872,-0.007087896325887128,0.00041304172484502125,-0.013058108017459482,-0.01361374397412123,-0.01992502891071804,0.0006272255219108343,-0.010744494742371583,-0.02672703026104501,-0.009538925012435182,0.008728129044053245,-0.0114970786390534,-0.03552111185045305,-0.00943957131688453,0.0008158954808041484,-0.027118866921540998,-0.017262303663442877,-0.011062447637197464,-0.008320122585232778,0.006016155465676705,-0.004469197770837991,-0.013243395615175062,-0.041657206216412536,0.004797528698683844,0.002548948280029645,0.009142832105526737,-0.005780859429975013,-0.01159695631960839,-0.013998489312978136,-0.031040626537115472,-0.0053752412017785516,0.0040239797606873035
2024-01-18 00:00:00+05:30,-0.013223279549209384,0.0,-0.017708578928537,-0.016702175510114232,-0.011030302608040228,0.004019126644123961,0.00689202919562258,0.010900734336226446,-0.024493240060896,-0.009979739449047476,0.013946443878554206,-0.011558381790480562,-0.012759638045880534,-0.0031572474438818806,-0.012349446881438741,0.009708826988034547,0.013642083186400374,0.003281060802688783,0.001657422677491925,-0.004618023865808766,-0.009239152670405888,-0.021940607733093125,0.003169236521180038,0.0027523453016709996,0.022126001859175723,-0.010591902775908657,0.00019354322479904343,-0.007699577754887315,0.0,-0.016111103304929146,0.0,-0.00335718747346001,0.003084712281833569,-0.006890897473132133,-0.005312736712709712,-0.033968782304646894,0.0019762696374979525,-0.021931427628869394,-0.00959516348507385,0.0031387050646833653,-0.005830748184427265,-0.012262268493591213,0.0046745067755643195,-0.0099499633567983,-0.0023601960602250443,0.003565451183992414,0.0027718223491340482,-0.019299796726055852,-0.01271040551806888,0.0014622184378413916,-0.0020126570128125095,0.013987735015914294,-0.011136740364963047,-0.003329108116200356,0.0,-0.001349513433798833,-0.11336692079234041,0.006990460977334174,0.015318685803737887,-0.0018609175134661948,0.012162133941998278,-0.012735387091594748,-0.03751954172190686,-0.029543660738000542,-0.03286515216405686,-0.016293510064886198,0.0064433255363905186,-0.021756170642923116,0.0003821533281849178,-0.024332098296246725,0.013285835467180419,-0.004936957833939005,0.004671213669067545,-0.011500287311252463,-0.002315277407719148,0.01293023088356506,-0.014350734172650351,-0.015953997307885794,0.019977571212647392,0.003667271860319414,0.027898148550449184,-0.00263138302174021,0.00462292680564313,0.007176165653341721,-0.00936135684956928,-0.0049494436608920845,0.02117994793377977,-0.025210375020114088,-0.0039111022052835,0.0012381251064688752,0.0038081644211545355,-0.014806733622594615,0.010142929275258387,0.0005181290063330249,-0.001127915170742696
2024-01-19 00:00:00+05:30,0.02310515072979728,-0.03424573252432039,-0.0011140674603464756,-0.01107956886358622,-0.001387488949712263,-0.013073344192325592,0.024406316586668413,0.017177980934340087,0.000631975392104792,-0.004585271516264905,0.017208696178204728,0.007447101918517927,0.007343310617941752,0.012163641840787196,0.05750069661803344,0.012872439405665686,0.019208586336372235,0.01624511770807255,0.034315277395975514,0.016105377938968057,0.02432702484985108,0.002645237538674866,0.018164653476112656,-0.020413649306613924,0.003772182917994352,0.020029668624572443,0.012940498745453645,-0.0017311745314227763,0.003224971727825292,0.0022461085380926725,0.058313347720734085,0.028629331608612932,0.04026021924634136,0.013326028812191774,0.007939784927004777,-0.01048441881859511,0.013238827984041966,-0.013191157289353946,0.003956680253630394,0.020198247749343867,0.006805645210021485,0.009885259215459748,0.01294375301261849,0.03204902967878949,0.012806927595094173,0.03933683513795215,0.02831501213974605,0.09141745247138658,-0.0021357621483417857,0.010055136616542767,-0.007579631323794871,0.046225588795254756,0.016046759698985447,0.013182042744037838,0.015139426009675896,-0.007313199583401308,0.008733725040696281,0.013808489635841813,0.0007764193253585707,0.004071748399602635,0.02340613973274439,0.011341596425574004,0.03745128982688644,-0.0032602717254997518,0.030113435565724975,0.004844359512331048,0.03574812954154191,-0.003973175479278231,0.048826346531132325,0.0083182277819872,0.036875030564912814,0.06235591712006474,-0.00036558567843620297,0.02509352920460109,0.015639616264778434,0.006488226675151599,0.02038575708105186,0.024367987202772955,0.0034941155755388188,-0.000875648104302631,-0.00011233031863410248,0.012597420151694669,0.017254053530494005,0.012908867121808814,0.008931210975379337,0.024506300931499178,0.025319605829619795,0.02011918154224604,0.0005277771537769618,0.018328696247608106,0.02015984433640743,0.02979196766915323,-0.004119785382542423,0.0049601907560879056,0.0163002213213261
2024-01-23 00:00:00+05:30,-0.010405754150026864,0.0053163607356582435,-0.0065723978915495865,0.0677761664806912,-0.013408867029853696,0.0015469756699840634,-0.022690793449488274,0.009650278356921602,-0.03574035379282246,-0.015065906742454959,-0.024754263629164615,-0.005712252093837431,-0.0345278613081964,-0.011310185199017046,-0.04225986402730583,-0.03642387819814648,-0.02507062357419839,-0.03792823427671208,0.02891134406449155,-0.017820720971435583,-0.017778405638561548,-0.015194659525522288,-0.023306121455882515,-0.03645098891314083,0.05924397032257524,-0.020961868527262003,-0.06068031769827895,-0.021467041901992345,0.0010931541797408663,-0.022622184427605642,-0.03734167040337739,-0.06822934933587944,-0.016538063422622734,-0.01529996675489339,-0.028660016692412423,-0.02988498057683922,-0.04950887993453196,-0.051066485753378854,-0.028586309055080403,-0.046522284899252656,-0.07688535551163525,-0.014220842520928388,0.02943640840899908,-0.005225610860664172,-0.026215527949205716,-0.022864200278139703,-0.06748025475185247,0.006531084544524067,-0.03023919334615481,-0.010329075609910813,-0.03964261978742848,-0.03346149250982386,-0.032671449210431934,-0.04860836589069588,-0.02404309658521395,0.011384192820438527,-0.0024177864770661864,-0.0264013855035096,-0.029994039322425833,-0.05352509417720392,-0.037134163565640955,-0.017816156820703203,0.058709663698225265,-0.015188279323906538,-0.019148054206581427,-0.020595276816442746,-0.05149994877982229,-0.06339557684039612,-0.04159535197557802,0.010774356600017085,-0.03434021232227207,-0.03802554987638092,-0.028840732785632494,-0.04624242013749801,-0.02964542869830779,0.031188432448285338,-0.009756894745577773,-0.01400558173602511,-0.01370689571034523,-0.03674839517661213,0.03147028146191984,-0.02467604448167407,-0.021740920815155572,-0.013912218841193326,-0.007051826597598441,-0.03140025071783123,-0.016869192769785074,-0.018794745909217644,0.011902093254418928,-0.014402065642765907,-0.02637085701228305,0.003465876524489575,-0.05516267749452903,-0.0317320610449,0.011864833077499283
2024-01-24 00:00:00+05:30,-0.008272145084257769,-0.01902181629984077,0.0023793477834313675,-0.023810319707387485,-0.014616915834377445,0.004626473095915933,0.004560663982835915,0.00963861296326219,-0.01825242227282845,0.014006860414129674,-0.02802261137440505,0.016347058337310084,-0.0021802580623525776,0.0239448112430521,0.008428804551786587,0.027714945495317334,0.01142563512738018,0.029995883243188592,0.027216912223421815,-0.014624655123542812,0.018478838526906398,0.004349068837569419,-0.0035156436352647446,0.020722136047326926,0.005908681830640033,0.01926450289986057,0.010896798792686093,0.007769796672282373,0.03934346980895229,0.00504714410719812,0.045820938876475814,0.04569567273153862,0.02873212325365442,0.010531835052276242,0.034034875619485136,0.019804717030928315,-0.007706986680768897,-0.005766389404494639,0.042932875512495826,0.014067669132557626,0.0274449280428843,0.0017686301735235289,-0.0294364084089991,0.019614489768568683,0.009318622565561761,0.019020162023618645,0.03187236167308373,0.0636468204402808,0.015218980888014254,0.020045473492550973,-0.0005669045835026702,0.00801071582198939,0.027207445144764253,0.016631881442252985,-0.002707484005351567,0.0022949413868646623,-0.003366541412065771,0.010700060605769392,0.035853369424282334,-0.011151804478018303,0.020414472519246673,0.01287255382853929,-0.05156122051412624,0.02148342049621358,0.020443941264606462,0.020515902530911796,0.01917136846972245,0.027158934323396344,0.06413561577293464,0.034083694174858896,0.034340212322272134,0.07262819374067704,0.011450316924409381,0.025162547522081784,0.033744807438060416,0.005129718706644583,0.010017558494103995,0.027793862888720544,-0.032607214838159114,0.021580047758557853,0.0027532407353011426,0.006819964072497863,-0.004272597202107631,0.011585370125711146,0.030579020362539035,0.038081802430258715,0.029772170171235245,0.007512651397444653,0.00547953946375191,0.01835054372517361,0.016094040576383663,-0.0042551217775815215,0.040417392815882074,0.01932584117399761,0.031388559967933764
2024-01-25 00:00:00+05:30,0.0016998234440585736,0.024357199686244363,-0.003398306563674564,0.014185966352788331,0.02267521644550213,0.04392905469634885,0.0601505186693643,-0.007187795051869483,-0.016895040971235887,0.0017421607193850734,-0.016084871649751885,0.05195502928031882,0.0042712821691551165,0.005721370705239125,0.0004577655667189432,-0.007022227626612768,0.0023749911139861754,-0.005780146803509622,-0.025017218473460136,0.014822323577713157,-6.812078392601055e-05,0.030140960882371,0.02392452335948638,-0.0008835315167903193,-0.03423372935352869,0.017617028582209954,0.014939953952296607,-0.01790305546179443,-0.007926971614855427,-0.005116283125256697,-0.0003671970185463141,0.005152211670270137,-0.005213972091026235,0.0025072645490647697,-0.016727584389770025,-0.014529015317675259,-0.004566290461784578,-0.011749146069279036,0.0036208325503926104,-0.009476948823343087,-0.005482526488578577,0.006245540711230982,0.010701170027621238,-0.017588397051181908,-0.017297221597308406,-0.014151851289426236,0.0017411928292216034,0.011280063109934853,-0.007876516831666089,-0.003767410585655872,-0.016317040541550372,-0.0023554345576154516,0.00429998842002587,0.01405898826586961,0.00041705264077694805,-0.011357947958744759,-0.022476719715324785,0.0011834331956083793,-0.004086848688969865,-0.004817696275720937,0.004534914020321861,-0.01079064808959062,-0.006192337520956292,0.0072374835765020434,0.018923000353585823,-0.012730167237046869,-0.001280943107446039,-0.0007333343991525563,-0.006541891632927047,-0.0028473655684797556,0.022255481472403058,0.005652417376995714,0.006822486557903056,-0.02124435244039518,0.047923885872462754,0.011285862319976608,0.00203924563048531,0.0015229962317160216,-0.017644161076963365,-0.009016644627879105,-0.010034918141914012,-0.03036726908553183,-0.008233030894354653,-0.01938423200236678,0.022575595619761725,-0.010412919507470988,-0.0629512129403284,0.0006234108976931845,-0.013513175067168879,0.002804276682422522,-0.0021193236738002576,-0.007092673924968194,0.003991396116486935,-0.01698265577448779,-0.02135890893362578
2024-01-29 00:00:00+05:30,0.010964576557256207,0.03357029670558601,0.05743193282008511,0.029999557889355797,0.042986556020261024,0.04876380368401483,0.024598907851281413,0.025748380558636385,0.009062949478363813,0.0040488059268548,0.018065601160577347,-0.006430625883863238,0.014870085014786214,0.004162691663214643,0.006307199660181978,0.031218679071834066,0.006305952324004817,0.03774809646767802,0.001377654234888546,0.020401200314962207,-0.0009728109536359926,0.0084931923806458,0.019684711348026053,-0.01123008292783225,-0.02423919161906525,0.058356048409425675,0.011402428984822426,-0.0023217551611574012,-0.0020172132169829684,0.01443996498476277,-0.004416575831855925,0.0376731904306111,0.009288696176088213,0.013394142335250412,0.015553330698247598,0.013670185180015339,-0.00077755113732239,0.02112611536278779,0.0012333268218588695,0.024879112908845744,0.006608269300821153,0.0025509914495379666,0.006366113810995744,0.004476547659021968,-0.012921916320861482,0.04651519527261726,0.020661877734543938,-0.017406906255330645,-0.0014661849903408453,-0.00751716828478088,0.011442940951109478,0.01758262775549223,-0.004915828067162785,0.01997236568831636,0.045439166568942,0.030353414702169908,-0.008461946952031646,0.03137992898836584,0.013303388276564285,-0.020859008799177518,0.0027477215772914753,0.011111036548372134,-0.01008474156921603,-0.010423234831797265,0.030661011234785297,0.006585425211745552,0.07587640775275496,-0.008082275279081836,0.06412836953990393,0.033840507191448876,0.028303734091382243,0.06095610333579206,0.0678381389917166,0.026794046251633657,0.008628203782000382,0.016421446176033555,0.04319861504107472,0.023535565251787214,-0.010185078165151462,0.01650921506713722,0.023510031341656235,0.012084764916813968,-0.0024437860688138937,0.0037756829969789935,0.044987463501645536,0.009302383840308178,-0.005841440388176113,0.02526049732547503,-0.014456753425120792,0.004507366815181713,0.03010604213197484,0.009616419345504987,0.015807494480212105,0.006362739184375377,0.016161994563784414
2024-01-30 00:00:00+05:30,-0.012981536793079392,-0.023357134756853623,0.008593709321298406,-0.021238253528302484,-0.007802069564312087,-0.021529005830670633,-0.005677107877148481,-0.003156952238688296,-0.007402746139247064,-0.016701304985968297,-0.006760176346024114,0.0023288187439361656,-0.053471728205679525,-0.02875479780727245,0.0006182732735700377,0.013568084538839018,-0.015839948994387943,0.02317411712844199,-0.0030161276129091158,0.026595111974000375,-0.008828166030877242,-0.011412663930791241,0.0058829118925362665,-0.013702464658021267,-0.014883748676053243,-0.0251439851561241,0.02515820078041572,-0.005307328389973812,-0.0004708248881755719,0.009682974338633247,0.012099094590087444,0.0014546254955480713,0.0031627128101355652,0.010234838092231345,-0.009732466446353581,-0.007140594681071924,-0.006154901502051297,-0.017451568037624876,0.002374333959661288,0.011887512297628716,0.005812901275053118,0.012815627401215073,0.0004918791980182631,0.0072610525615795455,-0.026470050652562242,-0.00596352153639004,0.0067936096980134395,-0.024890268581539844,-0.01673137500939386,-0.003113688667791866,0.011330596435843766,-0.01287723093803471,0.0003695341055778865,0.020922256953047096,-0.013234597597394152,0.0003839616541821507,-0.01769307495304353,-0.02035134949631707,0.01871852111602115,0.0011112522446356863,-0.012054136702478324,-0.003986418776149941,0.01539487488852331,-0.01422191034204994,-0.02843934967954422,-0.0026048756430381154,-0.013155525097253061,-0.0006230139348505741,-0.004149707784841912,0.0005905643022742795,0.016148041698838794,-0.015427583358252084,-0.02831397640794367,-0.0137717379970653,-0.018643610189537054,-0.01181842551361625,0.018079786770964137,-0.034387490424411304,-0.013549596816524673,0.006081474507570424,-0.020991936059324527,-0.003620335098937206,-0.00011839715559278311,-0.016034335620567285,0.003528784961831607,-0.0022245415506649026,0.002659537822434362,-0.03443988183745793,0.014355737113317635,-0.06078344726024324,-0.03068293470471126,-0.01455943109586078,-0.005804551112746016,-0.001057649084194257,0.009837868946278543
2024-01-31 00:00:00+05:30,-0.012370679084592762,-0.004531530729310084,0.016332536514146557,-0.005972128169559728,0.016952343932861644,0.00785014946107996,-0.01865407963642149,0.006815446372920408,0.0012685377364875974,0.028183657489175767,0.012866405144452586,0.01327967372428725,0.006681263606202544,0.022842279519070332,0.013798559482306582,0.04185755058100043,-0.010700985631287577,-0.0036759284616068896,0.010346253822591144,-0.012952361495756872,0.02072913755568582,0.014619162743363464,0.009694182285558654,-0.02493670927773524,0.02541276956409918,0.00890325956665385,0.019755289918615703,0.03292880979019468,0.0468566445605275,0.0357524255320673,0.01698328880224104,0.0034823210890378904,-0.00650698090370768,0.022715928262910818,0.010653120712465932,0.012556718246111407,0.002778686874587387,-0.0005407018521749317,0.017587042109434618,-0.004374609309845726,0.009270885050063377,-0.0025185701378300012,0.011002257484225848,-0.0017351990811072713,0.007958175844487984,-0.0011158092869894712,-0.005090958408698256,0.0497469343947215,0.028003706802763054,0.005705974797403434,0.010984255657351488,0.029759909034748795,0.008156345830157697,0.01456775201317931,0.002217986101238947,0.0009043642525714886,0.017729743748311797,-0.043180792688108434,0.017900751456618097,0.032964275192092794,0.01907211950417249,0.023364244956431877,0.05854550742947442,0.001966141409165435,0.006477496052647108,0.005582261248877375,0.012164957100297262,-0.013586347885750565,-0.0037155558810952997,0.020257649299843073,0.04606221932565776,0.014125978523822727,0.013407675843629492,0.0015355604379174716,-0.008791187197171488,0.016898534973211598,0.005630334517019812,-0.0007604947401201288,0.01589846593877492,0.021701374875995043,0.033477501402674935,0.022102760191632286,0.004043858735958323,-0.00437328751129314,0.01681801630321415,0.009237077571816818,0.011917889263418947,-0.010278166478882135,0.023161520475945052,0.010420262728540923,0.020243195878809836,0.023069357972434226,0.028144641605046577,0.011886728430942324,0.006461428220244945
2024-02-01 00:00:00+05:30,-0.027242942170460818,-0.00014050190298011637,0.0036534111601612676,-0.002098699638503992,0.009231458385917119,0.002928016161303984,0.008441893095869627,-0.01028410342413717,-0.0096821527625258,0.004078470098176688,0.015334710270778191,-0.0015400688321095426,-0.017580569194879568,-0.0031080962533463425,-0.0029206785591057226,0.03316752061882242,-0.013539343881030801,0.012069815533984432,-0.016797018573752945,0.004721821438096007,-0.009625898687460766,-0.025506577840082,0.03965946791431117,-0.033576775696544,0.02676662398190218,0.0013534171538209807,-0.0031822210295637363,-0.004149682636990669,-0.02113286385231094,0.024085119202918278,0.007140337214616874,0.006352882271395845,0.0747429311425753,-0.021564106425821527,0.0008876883275474068,0.0025947753585598113,0.018046341510828325,0.017805623365291654,-0.014079808267650007,-0.000616911985346839,-0.0032087554924966153,0.0,-0.002922107536024432,0.010134815474228237,0.0030528852922654362,0.003849245378240626,0.018875027564560127,-0.03043272542996015,0.006013762574608037,-0.002320658034459468,0.034924152027939914,-0.026296179589920945,-0.020922147604893866,-0.01960586045403344,0.01657876974150644,-0.0013706129993512981,-0.015518379451827444,-0.02377347004860953,-0.013515536605932124,0.002007122497312702,-0.00024214685446759344,0.04332519477562294,0.028160230344557894,-0.02492652071272737,0.01407359274251251,-0.01536087438026082,-0.018404231055316456,-0.008962232706169259,0.0056243090661505755,0.024758548544694052,0.03816113796607834,-0.00966479613502995,1.749826601281411e-05,0.02230241855767136,0.017072043471639327,0.03635615285278759,-0.028620381351841848,-0.008671840846855744,-0.018040597415868623,0.011101343905921351,-0.0074302200616738505,-0.0030525441095083827,0.00996076412043751,0.010366583489521887,-0.002311803656179811,-0.008495053132768458,-0.015985822033192966,-0.01914055384085548,-0.007375849293249229,0.005121465800637903,-0.02439689206759833,0.0031971076037005408,-0.019729588194984285,-0.01432354122791182,-0.0016443035665722923
2024-02-02 00:00:00+05:30,-0.014535221182704072,-0.014766068354509658,0.0012517606936988399,0.004969801828021307,0.03435407256944794,-0.008809894517163325,-0.013631152647199968,0.005171035137230942,0.0023699124879881035,-0.00629568160271111,-0.0159904996398514,0.010712088589625671,0.015450939773193558,0.01786986772426859,0.014229594743065564,-0.002738685549562896,0.006521780049497779,0.09361912729449273,-0.00034745677531889047,0.011632023282664107,4.846971947677623e-05,-0.019342947106628518,0.02530041426900699,0.013703966660722218,0.0035967079696210104,0.031702520251125965,-0.01080748778777353,0.011965140265752851,0.00770407500373319,-0.027751094425928557,0.022860147443674244,0.02389177504521892,-0.014209310994760367,0.005084183924689159,0.004017688616218453,-0.013871471409806874,-0.014238091180371329,0.020106771886714198,0.021217489065650436,-0.008997737453655685,-0.008525890930005933,0.0029901483162293315,-0.0011224928740164366,-0.008833092702853294,-0.0063420724373411345,0.010959842588999616,0.08416910328587551,-0.005607141466708579,0.022492999556437878,0.021669827130786523,0.01953660638645409,-0.017957520760166327,0.02688971886885719,0.04419698013511227,0.005531451905635714,0.00010966987633202426,0.022341054869857057,-0.006480659156958482,0.00897774176904374,0.03891592459220206,0.005797268258465455,0.0016436796734573345,-0.04677491292822037,-0.012995102162279283,0.03208843306570424,0.005495763027282362,0.03803191639151101,0.0019500182658093194,0.0112655518372221,0.04163429508407337,0.05364644904915628,0.005347244613310531,0.021530745560133072,0.0018826461874948538,0.005626422195441786,-0.03994515126754783,0.003456434782370968,0.013947300434276761,0.016986885077420792,0.0030833119669951867,0.006160375057903696,0.024775095469517734,0.02868323489551702,0.028879998885532984,0.002439979530111187,0.028521141877846226,0.01931695524686641,-0.004157592216180454,0.005220245659703941,0.007465349339911683,0.017607108891797073,0.0009725571844217127,0.014971176589377657,0.02472615734491385,0.00210421146053751
2024-02-05 00:00:00+05:30,-0.025372362870612376,-0.028392308326282027,0.005054576464155425,-0.0033503728997866123,-0.002301512289509609,-0.023696461265023238,-0.0043150829329504535,-0.013707874861284115,-0.006474763009469616,-0.014559926650329187,-0.005214973461393789,-0.010385602507355719,-0.03568919233255872,-0.022410911790593728,-0.015615273812684946,0.008582144210874852,-0.016660127309833277,0.02894906319543515,-0.03290424149219811,0.008576497178904604,-0.004740404858209514,-0.015908299531552685,0.011405453947287035,-0.02133100220821763,0.02918966138860373,0.047564329087095264,-0.006146913816567418,2.701396532124439e-05,0.00905729071827595,0.016694046177461917,-0.024996922106378338,0.020585032402071834,-0.014988176557692318,-0.023504243768952385,-0.018094954500223488,-0.0008993414141037553,-0.027055945406602458,-0.0011562466781658049,-0.006188749597163732,-0.012942293258613154,-0.013587940617329927,-0.008521474841057567,-0.0004883466937969981,0.012957380885764706,-0.004668988699412397,0.018036372387571213,0.06563146683062283,-0.05099739654294599,0.0012160302275736577,-0.0036384069610622136,0.0139882090324398,0.02049676669100608,-0.010865641476782328,-0.016763548083002327,0.1302261508119788,-0.00804119583077119,-0.008678111737428423,-0.010211693313608786,0.054943585123977456,0.019937942956489433,0.025444935150741747,-0.02152435767196252,0.02975885702971407,-0.050155536068163996,0.010768790834891857,-0.007564662612889341,0.02191568136459085,0.015327114399135528,0.016172828304661817,0.020715027526037856,-0.03036062598310689,0.0060191768998507054,-0.012893999116368042,-0.010927180538101305,0.010305009756123255,-0.05412550724335051,-0.020325703358508963,-0.003453637724449946,0.02765061486918161,-0.01036678125213819,0.032740924393150794,-0.010394630705843028,0.0017633958680829415,-0.010374024158337788,0.010717230054938987,0.02033964569797262,-0.004006247858974279,-0.01684739328636384,0.04568091553239639,-0.03214870224835477,-0.018206975033698638,0.012943341280935319,0.003845101633729094,-0.0016571189631141116,-0.0003283794795100402
2024-02-06 00:00:00+05:30,0.007934933877087923,0.006239077062649864,0.009502646444624367,0.03126821658690795,0.011494532123003375,0.00620440211985039,0.020685446099722834,-0.005984689189182516,0.004650944046486367,-0.0005901020185988661,-0.010845216797998275,0.008082657640080572,-0.001521977052125573,-0.011114869647547803,0.014551019059021977,-0.028165316547614686,0.008501404313600391,0.05837557825415436,0.018242213868069703,0.029697754348109288,-0.02318599306424579,0.011982995476343815,0.0023039198356393626,0.018052212029125516,-0.005910546435706633,0.018900269868598846,0.013573907778065719,0.007271770908249372,0.011769105490048675,0.013951352439650053,-0.0021413502474013756,0.030478998988967252,0.015149928943459815,-0.011430147497943697,0.04303768176790353,-0.000519272410412794,0.05087164455617864,0.003910914904935701,0.008585209180506249,0.008810170441190548,0.002827222831941374,0.0012669587262104725,0.002829386976701091,0.046542372886761725,-0.015297299071995743,-0.005811385703383863,0.058881547182281516,0.0021775688759187286,0.032700093649449695,0.024733072955257295,-0.01055639240090656,-0.002539245930839689,0.005020192508618188,0.023442184725947203,-0.06483831825228997,-0.011876555617842179,0.005839352776511902,0.024387752402928523,0.026672147899082614,-0.023082488369269863,0.014047861579957405,0.03914320743976875,0.03954707178570978,0.025508204395904177,0.0040478146576880475,-0.0024596341379194285,0.03494020651841564,0.02331465553889631,-0.009099404527410029,-0.03105331895336577,0.00205306742390546,0.0060827775615453165,-0.007831037351443759,0.030621229148327746,0.014419178833370986,0.022545125706375596,0.020807885254635564,0.01645048490719072,0.014944983774202319,0.011289933792819158,0.007689902143705039,0.011469671790919768,0.04013206225667689,0.01106182840322264,-0.002668578347669808,0.021664047287911572,0.013637645120621883,0.001996796903778613,-0.01254186946260213,0.0025898624611887903,0.01326339938558074,0.03370574405888097,0.03377977210945917,0.035237791280850216,0.046854478484236725
2024-02-07 00:00:00+05:30,0.03834251951796279,0.03518512313943291,0.00811378192973789,0.08051395493000825,-0.01380145170176011,0.03573723084014199,0.0028200796707179066,-0.0031270516897852338,0.01698246524010314,-0.0026057290972954805,0.01797938054174001,-0.002399084664518005,0.016690387332296264,-0.0005324173064948932,0.018682693964211294,-0.022831587830118346,-0.007675610100508033,-0.011970226401536626,0.0002203410362116335,0.013237845327501286,0.01411969332122662,-0.017571113810511726,0.05720636603995956,0.003498147330640419,0.009287158080681852,0.008876191144766364,0.03705492145793858,0.0014212640033747107,0.002130270543355112,-0.004306373301389283,0.0032102539639720573,-0.014424644372382061,0.0007273585792073661,0.02178426692656365,-0.005186670717381904,-0.00984680300116941,0.02070364367799307,0.004710099777598979,0.012488022045261091,-0.002945034090319493,-0.000371056119584602,0.0,-0.0041492793789405825,0.020930278863712796,0.0009268540632792792,0.036088875612713005,0.010513696752382635,0.009895040784327827,0.008070611473610708,-0.02085840358778863,-0.007453188469078411,0.004667265844265638,0.021567274399849252,-0.0007042478188564301,-0.009083432177828967,0.0031288298923115303,-0.0041032098470313375,-0.0086669982550031,0.01796888542037238,0.01783684926050404,-0.00385667323654453,0.008342342958627555,0.013242715594586485,0.0014163490920045146,-0.010527982403154081,0.017332154367858062,-0.0014699916633245944,0.030659815339301646,0.03250562338547359,-0.02323960175442202,0.01627364138892437,0.011957181522460876,0.01000029929775351,0.0037157083477781135,0.029456709915297544,0.01964295524494328,0.007151620964742943,0.007666108131683159,0.025984374112816684,0.03772602036517251,0.014202690996045026,0.008002002362030232,-0.012799162174301593,0.0022747594950879,0.005583029120905817,-0.001729759091717355,-0.024766710782127384,0.0048629651575794654,0.01467681892553331,0.17280359273770146,0.017534118445255015,-0.0014485841776934647,-0.002476645320693777,-0.008946036501835748,-0.007300360345069533
2024-02-08 00:00:00+05:30,-0.027634668769318853,-0.015077635198884365,-0.019145868383333545,-0.020602008776826865,-0.008357308522408444,-0.010587751774234528,-0.008572551561696935,0.008550137538683751,-0.017443065787666058,0.003584524101535505,-0.03154648975494487,0.007160861928107533,-0.02010617545096503,-0.01619984615195921,0.007196659812476981,0.0339560478769059,0.016917285261261336,0.030185144158330537,0.006896771428268448,0.0030046219027731226,-0.040733824188108614,-0.01208096090787891,0.03049994814147475,-0.022981599801641772,-0.01297703524659323,0.014366687711613552,0.0041006013267366566,-0.012783042578806466,-0.003192897350302997,-0.031120967571038476,0.026012097242210406,0.004182297291770655,-0.016944900944439473,-0.02600424012118266,0.011356973871747467,-0.018990879834676313,-0.022476656831975184,-0.0014810673783530518,0.015165057591055853,0.04877805754736488,-0.0034692855631888006,-0.004918575760462861,-0.032665931253258416,-0.0024034969429564813,-0.026188940926826793,0.0006667105928891093,0.03141338284825099,-0.00339044823563836,0.018142969553527153,-0.0009747316899525343,0.005714784460808875,0.025780768203650453,-0.017484059304389444,-0.0047509534103389066,-0.02145765007982253,-0.035719102630265606,-0.004986914218515408,-0.017592884864119435,0.056581201541643075,-0.02004397360597297,-0.020605892467095748,-0.01769450045198295,0.035350318283176085,0.013870565831029915,0.0006044267986472684,-0.031103650760703025,0.004586705878133574,-0.02758551415655439,-0.0009601542993619713,0.030324645274637428,0.0032233031837069497,0.0016686498686718293,0.00551468632841969,-0.007102601869571205,-0.02065345836850409,-0.0251147313978813,-0.027597537006726534,-0.005344732788192699,0.0003039262805096027,0.035354361153606864,0.0022699320721814146,-0.014740154458139691,0.0123397433193141,-0.024566002637226546,0.030530083585840924,-0.005207524238718293,-0.006660950224065196,-0.007690568122100111,-0.001303129751060178,0.06296502847389937,-0.022632274952012827,0.022165554321026303,-0.013193238902687707,-0.012906087363594814,0.013114770690150013
2024-02-09 00:00:00+05:30,0.008736358029053991,0.004561375212221809,0.01459962651003388,0.02844892835483,0.02090119644946822,0.010236620144654028,0.022553916840637546,0.03258018346725828,0.007498280484838001,-0.0031811302035301046,0.014852025519596121,0.0035516328223169844,0.011919769730464522,0.00025456677921210984,-0.0046220335180652125,0.04026865084836555,-0.01891764262746909,-0.010042221567036816,-0.019360639867309758,0.00622978578588307,0.019488740092891182,0.001156909991100267,0.003069456296568815,-0.009885843235536516,0.013671818517428625,-0.006554487847079351,0.004263649189266529,-0.00875057097364688,-0.0006820793992919436,0.008799389886314424,0.036454322948434904,-0.03741923391313277,0.001231808239912767,0.05264130090042822,-0.0019605457838632397,0.0003918706682141085,-0.013098698360732745,-0.0018173866940543603,-0.016770563445766065,-0.043503362677940624,0.0029331888434474666,-0.005582602142446289,0.021400865988530568,0.010862027242078921,0.0022890188658716854,0.014838925013495735,-0.05282636234141041,-0.05228493008550028,-0.0009826761270213522,-0.013536060046394459,-0.008479902356593507,-0.013207043076567627,-0.01266959349805127,-0.02015141863907866,0.038078483779639676,0.00734415091302001,0.005977591789186518,-0.0032881784816968904,-0.022323744267661726,-0.01824725707263835,-0.0237084820837073,-0.0010290847705681522,0.013934639656949757,-0.03147189805588438,-0.01829862534339206,0.01110184827108749,-0.02071458064182271,0.01342708006209333,-0.08853552972226401,-0.011653399220016318,-0.00322330318370699,-0.0553429047168093,0.007300199842815507,-0.01335083249101328,0.012030937771539062,0.009450876882355698,-0.0059161356367155565,0.011585101331569043,-0.0028765253848807436,0.03607912185108383,0.02888596712459061,0.0018912492028283052,-9.673363788059327e-05,-0.007630778106473612,-0.03827856599908633,-0.01649443899533538,0.0013739845431173434,0.011903691321417472,0.00431805583722177,-0.02168077713183867,-0.005204789517594441,-0.003897605158546339,-0.015372456573063848,0.003267731169672957,0.0037334818694345854
2024-02-12 00:00:00+05:30,-0.013691925311862994,0.013888131967416274,-0.014236763366293122,-0.020466417560250364,-0.017573906605971412,-0.013523861487672862,-0.022287607955437584,0.02713969506283433,0.0007282687457040532,-0.011792167052190472,-0.004480268123301765,0.005776551138036628,-0.012908902359332675,-0.008759006940671405,-0.0016751403819046447,-0.033966968806933555,-0.033777612326145304,-0.03959845428809429,-0.0013845177286432098,-0.008649829860719323,-0.0002614042929647295,0.01605719911181817,-0.04522814425478355,-0.018661789906610483,-0.0034788403965350817,-0.05265559112823678,-0.03264603053460588,0.023768581968482024,0.028450177514219546,0.008012759162753737,0.028691208603900432,-0.02515490089715237,-0.015922340909943034,-0.009801049275839498,0.022047616660237787,-0.009736573617066754,-0.011712204462759545,-0.01029863606618828,-0.01508001723696529,-0.04106302381801846,-0.016009428117907017,-0.013851062874259665,-0.014550863691111618,-0.014199399874201496,-0.021037935192816624,-0.004796083089997352,-0.03968111982194441,-0.1450294833692275,-0.0193760493677594,0.006418992916949589,-0.013924766895702458,-0.006015690473154627,-0.0003080051145750804,-0.023855782582543335,-0.005693798620142852,-0.01906194222565159,0.011522696316573277,-0.007548267327229907,-0.05554608109074752,-0.052996306129082266,0.008497465918694744,-0.0021592278445616377,0.001714043408930732,0.030029509496190952,-0.0273007228647931,0.003646143261520176,-0.036734433729731085,0.0046357005539198375,-0.01101998703313498,-0.00993933397143608,-0.046673744347835625,-0.061668205016366905,-0.005767049266956896,-0.0025732389486103667,-0.05815354805154606,-0.013283515670800959,-0.031266419467306815,-0.013527154789769406,-0.013544188662241021,-0.02421359876259667,-0.00022817401488540488,-0.0009083929810127414,-0.0031498167060661298,-0.006262742293642337,-0.08070172495836976,-0.02798892245551764,0.005893880306378895,-0.001769580008454836,-0.005975220976027522,0.01124112091156251,0.001818211118092687,0.0140253494456668,-0.022857944069536108,0.02218053008893804,0.06212511517892654
2024-02-13 00:00:00+05:30,0.008197350754324017,-0.023318925697647683,0.0027408876082215526,-0.014789125433071293,0.012290638019333576,0.00044481892418725877,0.008394154293911708,0.01566772723054078,0.006008087768046237,0.007480886336152648,0.022717029022054053,0.011106770493988172,0.005238121628229373,0.006879428254074207,0.016362861807147754,0.019055619408420887,0.011103409188912644,-0.01047045976609855,-0.0007601877192878367,0.041250640314644885,0.0022910348058065243,-0.0075377487005009736,0.01174929358839582,0.03579999211827544,0.015903520844310057,0.04418037425483088,0.026575362772017316,-0.010671240339220065,0.00029203473996849337,-0.004569038249815589,0.006157834650783641,0.009140594596746978,-0.0012512753255417073,-0.03951610215423727,-0.0008101871881678229,0.0031961744490397767,0.021170733164864078,0.021924382188065295,-0.13263657295066136,0.026541533085458775,0.0034940741246902002,0.00032420967249457706,0.02351417451899237,0.009457980015853214,-0.0002458749707758261,-0.01290347549423174,-0.00543088064520453,0.14340166226586581,-0.008500604893694492,0.0026452840892397978,-0.007060461728061103,-0.020625631959205446,0.0014162056644135936,-0.009391726368094733,0.004777655650989086,0.01601569148494958,0.007341717006271664,0.006630341156949561,-0.01081677357424872,0.009589830293051913,-0.008284878883489931,0.007886817021181472,0.026142276443962574,-0.016077339272430137,0.01693624179138385,-0.0006914759890572176,0.006184811094127105,0.0003744575243067512,-0.00864276933064073,-0.00018487753947662224,0.032039332261380275,0.023748491027794964,0.00874059803977123,0.02176692966421565,0.009136566097253745,-0.0005814781807081119,0.029787216592561956,0.02223611350453969,0.018653983553290246,0.007809599454647877,0.005037976179697177,0.004166711402970022,0.006964683999033022,0.013805701229199736,0.009219153519957717,0.003269763610679823,0.007290534930005405,-0.007081713426273217,0.0008014128369365964,0.012857393873121997,-0.011248423864601743,0.003699882205530412,0.00502171349812622,0.020039154346141622,0.0013414760520255972
2024-02-14 00:00:00+05:30,0.020735964618468924,-0.007541861285421189,0.00900467389737436,0.02001263730479568,0.0024085063258260436,0.0031971662689758377,0.0046525959003346305,0.005225298030957162,0.0016139575566388297,0.005171297764010242,0.024082997688651547,0.02073729108148322,0.006467932971258637,0.007434008591513948,0.0002966347035572804,0.03109832888618067,0.027919123662438036,0.0651748872295039,-0.0017907379835482454,0.040929234483524514,0.005814395858954453,0.002976206632462841,0.025478496853677746,-0.014557590444281662,-0.022476714112118983,0.030480317007759838,0.017273227759005593,0.005175199407905695,-0.012228513773198552,0.012210523246295136,-0.01628700497469905,0.034048230056022824,0.0022511485216589293,0.007553150329412559,0.003536002488442336,-0.007485986331769515,-0.007149623332459449,0.013195463692613534,-0.004519220694867577,0.011735460883851226,-0.002530379968919644,0.005980797611114343,0.0028396986921964944,0.0054735216708591584,0.011731755900930804,0.007799956040885694,0.05084895985908774,0.005523915758850301,-0.043826816199276995,-0.010952957259700472,0.01722738190372964,-0.015205819543088788,0.0007379164249622393,0.02890421008853176,0.0009161429691538309,0.006769658477591798,-0.009401367248693589,-0.003770440067042453,0.056740772145262464,0.049541159095103454,0.006235214185193559,0.02139627979767578,-0.02181326656187457,0.005271941255997123,0.01986058473847132,0.011993465716789296,0.03539698144185508,-0.003036885842773021,0.032981655847393584,0.012502360874158163,0.006937402281436471,0.03625992226769471,0.011047189910893164,-0.009516323965686881,-0.012200597961997763,-0.012972112967058325,0.026525933084391284,0.01523161031772062,0.013495025735097551,0.04112182684284391,-0.014236346449664065,0.021151746418890865,-0.011976513982548192,-0.00193561108224557,0.023419023045808514,0.024011167866451598,-0.027125064289480614,0.007165378052044556,-0.0066973886598401654,0.017948889716257056,-0.006578447546816505,0.025628040909119316,0.0369705096308666,0.005652464095923113,0.011590272332594548
2024-02-15 00:00:00+05:30,-0.01989646877824449,0.014409449326487949,-0.004186833795501063,0.025847428811779788,-0.0006310906885939949,-0.00364198519316309,0.0023619605225213784,-0.018906956439894866,0.013399335503581146,-0.011836323751863182,-0.022729734819940985,0.00490544939966348,-0.004085675977420732,-0.0065415488351379366,0.0005361185227483687,0.029073046185067862,0.02367135674736398,0.045604928931092484,0.004337105540292041,0.020072942118117467,-0.01206700736958668,0.00262546688877765,0.035721216304437454,-0.0006222330713060688,-0.002107069088018807,0.022265500739337814,0.008966641063864899,-0.0029077451171422722,-0.0009112580900257621,0.0038372632163298738,0.01693303924486894,0.044390020836003775,0.02565524554943363,0.002401233238149,-0.005368906651104282,0.021443963348835613,-0.0004272002701838235,-7.239429955625355e-05,0.010578098576694558,0.022106778690662326,-0.015658183161125112,0.01487666532208976,-0.005933302099176611,0.006050267065237619,-0.018763176350394525,-0.0001895548312223464,0.03374722080048268,0.02937624188556969,0.009887419438582892,0.006073277762647266,-0.021378704910789022,0.009233827194340098,-0.0011072307862384663,0.009256002649111405,0.0038387951817018713,-0.00556155253482185,0.0031105551750989884,-0.002632689074795407,-0.013542815610253126,-0.03308357721101943,0.06314011484108945,0.00563333293588875,-0.017892451028129263,-0.010314565315244356,0.03372371638580829,-0.010722488769320465,0.03094615671366496,-0.003630018019041336,0.001954021180922799,0.04539639534282061,0.04687130887771899,0.00362714144659216,-0.007300289823310668,-0.00024082578832051654,-0.007039263658617812,-0.02124947144402832,0.018340682771388013,-0.007483337587351915,-0.03689707006996228,0.024318471957142627,-0.006930132806649675,0.002415807487502923,0.000755829687750092,-0.003705295757973373,0.013686976499692239,0.0,0.005745610669233127,0.010128265108570548,-0.010189015043989617,0.00803949341983768,0.0027037827851170365,-0.0037815925201739567,-0.04273833982615917,0.007744466387726525,0.012766791818143653
2024-02-16 00:00:00+05:30,0.012354557912404628,0.009084066722921013,0.009287298435390178,0.002102221244573068,0.03092821303981517,0.003375956020670166,0.022206691064741376,-0.004089774322335524,-0.002871833196164839,0.003988108998588784,-0.003222929256587267,0.024563418123933135,-3.0303842646106647e-05,0.004133117118391946,0.001783107130133315,-0.00018139596664426812,0.012558605281229662,0.002830053876338382,-0.0006247669411068332,0.013288190576083814,-0.007471314362480644,-0.019570105838876535,-0.0020462735534424493,0.017192409191642194,0.01281868708266126,0.0065840988324804605,0.013880129155089996,0.005471837449163613,0.010262821325401211,0.003084690359497178,0.011876184051937976,-0.008995452772291967,0.00772310120285606,0.009951244342664934,0.0029429247494539065,0.0041285121837181925,0.012483766728402092,0.013274668545156507,0.004859503339421625,0.01822412696209895,0.010325697764673552,-0.005572825017629601,0.006470957126085721,-0.002519060437756213,0.0017316640979686449,0.018683318741179705,-0.015125753492076762,-0.02195088322300116,0.020587034247441124,0.014979565646951583,0.0054164467623988855,-0.00767156273652208,0.009312098556570864,0.005603726235272639,-0.007876274716952715,-0.0023025307470665463,0.010465978497187904,0.02585738953026409,-0.015506457444188992,0.012564105245190929,0.03916518192299296,0.02582623945936103,0.0015610474969563921,-0.02327464484337216,-0.004431262534334152,0.013802442483134615,0.005109587498723782,0.02145610518957443,-0.004027106315109777,-0.02553187868964952,0.010038509448953674,-0.020272305393363572,-0.006840251853232522,0.03721132168606795,0.007039263658617758,-0.001326233683423402,0.004829319390706891,0.011869352073658792,-0.011176920388472024,-0.00923236453835546,3.315289834603219e-05,0.021623075874137313,0.006098500735181341,0.01408621543657638,-0.006753686687695448,0.007760243935109738,0.001690529615616664,0.009165325370334307,0.023614860848806592,0.01803933518663839,0.010329370542940315,-0.0015797682776630473,-0.004301272953849156,0.046169323149998255,0.014626010597202596
2024-02-19 00:00:00+05:30,-0.007833242142005823,0.012031676263230403,0.010860249875912296,0.026065027162255155,0.00011480844158178344,0.006894130041402924,-0.00042728705306520706,0.008538511779391536,-0.0032632163772029405,0.0037699813127686148,-0.0054417465788463805,0.021937668769122846,0.014041685654526223,0.027692273869255334,0.010361915282304509,-0.018120667178605547,0.002387029078411184,-0.0031365107412620555,0.01962752591879002,0.023194237885962928,0.002347769944194597,0.014312260835762779,-0.022439797320891786,-0.00935310287218195,0.020371364921055436,-0.040387966790484627,-0.017174300959058503,-0.001542994507539273,0.015706031736999273,-0.006588746302828044,0.005092328378874309,0.006822171719345117,-0.009185516341695612,0.029457687976595447,0.004667057584127306,-0.0019739338830590857,-0.01231280175455281,0.008150659756924795,-0.006614827806169515,-0.018703793050480574,0.004997383502128312,-0.006567833570188525,0.019836136295273993,-0.001490072512336749,0.011427232101141228,0.009074119765948767,0.007989470661759814,0.020376374363163818,0.012762533703415058,-0.0011171853278787948,0.007442698456676205,0.03838384601182748,0.000304831445351504,-0.013739271264385676,0.007693792781432798,-0.002221067361650204,-0.011961110252136855,-0.01394472495189057,0.011806772990727743,0.01823479511274262,0.007057364123111086,0.009005569933467952,-0.02657922010626272,0.036734722461828566,0.0029564182638991006,0.01023833855633892,-0.00018194603747625777,1.8316815014449008e-05,-0.005896948623298344,0.00653487138871966,-0.013147874648974102,-0.011786712337565694,0.009149634801087754,-0.013078555996117028,-0.007922627601701319,0.019479779310673514,-0.0038860265963473555,0.004072436297313166,-0.009672019140066603,0.006010744476122886,0.013256585511708231,-0.008616976874368115,-0.005952263011887551,0.00655834141982082,0.0110995099855442,-0.0024626015944729024,0.005703263648642463,0.01078862551606263,-0.009306445994349072,0.005587367769786637,-0.001412856851128168,0.010659495554211595,0.01247809764470567,-0.01306845176914326,0.017394580490513845
2024-02-20 00:00:00+05:30,0.00791064566069024,-0.0043370965443648435,-0.009310411978228147,-0.014633037401739572,-0.004985646528252175,-0.024972272397786596,0.006731196300424023,0.01615178850795047,0.004509161813666194,0.013117433192317507,0.02384446633245005,-0.025529670701066067,0.007539131826484314,-0.010735497814640916,-0.006640867440085032,0.00937580544894778,0.010015811798047758,0.007708896118416095,0.0015308117367447277,0.005317979679701374,-0.000832823342515823,-0.00011452627766794215,-0.0067434608420550175,-0.0299584323159833,-0.012799551225727958,-0.020505125108249946,0.017869169929401216,-0.002877855670018823,-0.006433261369227176,-0.01933849188235285,0.02228943646065251,0.0008155556292400345,-0.001993829685344063,0.010846525591343411,-0.007309277201676861,0.025912192813509,0.004688291189282709,-0.010942032094570665,-0.001367271589253973,-0.001484653810969712,0.007075683632982215,0.0,0.004778929619310324,0.003645282022928979,-0.007726703174208864,0.01136488924979665,0.0013253371925503108,-0.0009457980407246486,-0.004101277218979617,-0.008567311368046811,0.015154879531055664,-0.017477882620921755,0.0012184725164829642,0.0013167034808521413,0.027714594590306195,0.017802911275114446,-0.0017606894466614712,0.00504728416779177,-0.009597298686840615,0.022212622370692586,0.0027551234517591075,-0.0032185013358178717,0.027387806335923054,-0.013296170991620138,0.02030901081847368,0.010351043361311547,0.007074709790980498,0.012626957929433788,-0.003631008230677698,0.04094482261459448,0.008141185661878204,-0.00192455460283402,-0.002020261503799059,0.016453883396307326,0.0030884677687833227,-0.010888789589029781,-0.009574899315468444,0.0043264758596626065,-0.00490928255204791,0.0011188912820021288,0.005604751140620813,-0.0010378875132170634,-0.017985836186410937,-0.0005196550019583196,-0.004081869700384059,-0.0063604566091584585,0.0080212423538083,-0.0022623525405498345,0.011274527516054436,-0.005264378719296174,0.007720963273579508,-0.0005564569401153839,0.0,-0.007491426829715838,-0.013087301223560766
2024-02-21 00:00:00+05:30,0.09686607290385592,-0.004684726801924535,-0.0016739378556971474,-0.011327020248679341,-0.0073316616475623065,-0.023575669518423603,-0.0016999064215496749,0.00010358593027969859,-0.0032758329744899876,0.020957187777819294,-0.004050051161801589,-0.0076177077181442615,-0.011120774948168644,-0.009969414774836136,-0.0011006395173321546,0.006747567293286812,-0.01028083805868285,-0.03781037877881241,-0.0035465171695864555,-0.038259892541560016,0.00037588443238498675,-0.023893495927723,-0.002904054138309566,-0.013132594856540182,-0.0030010791791223136,-0.030817017830524984,0.0262187448580987,-0.017292246742208934,-0.004219951075659401,0.0021528054607372767,-0.015014415168713017,-0.020313625239311857,0.00694094994072255,0.0007979842545947143,-0.016215640958808005,-0.010472113188308436,-0.01802001339724801,0.013985784335944641,0.00039080530134040113,-0.015900435605889416,0.001247044686673085,-0.006449637093700037,0.0030465303910611656,-0.0026718666758367717,-0.0067947849158260685,0.0151045026511778,-0.034769653841730606,-0.02750431533613296,-0.015323994278872384,-0.01778060000474917,-0.006199150351821565,-0.012202126858839596,0.008548309931938456,0.015018300398653426,0.029383052711758662,-0.009348584295547085,-0.015424329395280436,-0.01814233180754454,0.0013476422657979295,0.016550460993726673,0.00323157451678511,0.001693327315343598,-0.014068446185741698,-0.027711601993980355,-0.028162888904170385,0.001652699057622569,-0.013283746989659223,-0.00600961747058929,-0.03268025810327952,-0.027466314003414236,-0.008919916188659954,-0.028660099291307018,-0.002262947408337645,-0.007860080282475344,-0.003530442537204941,-0.006805397310471634,-0.025438237027783986,0.0010365674466975593,0.014177756644677915,0.014886659195652071,0.0030499035307103477,-0.011729408519675024,-0.009760446834707982,0.005485626551104804,-0.009278933897352055,0.02000413744058131,-0.01830292767754765,-0.008266341445981125,-0.015874019452707114,-0.03311896853026113,-0.0010577979680515507,0.01840349166047286,-0.0005553263833608293,-0.02003193089054354,-0.002179363085994846
2024-02-22 00:00:00+05:30,0.08464480032191961,-0.005556377445048016,0.012287654493249459,0.009248719576329594,0.015334829496008949,0.038989484758546085,0.00838609649528978,0.0013378182484475557,0.005183305695103354,0.0040847052505015285,0.015285619940657674,0.03182444484673356,-0.0020727697120623487,0.003522650920807932,-0.01416688106548358,0.0018159833044421848,0.03155819805572258,-0.011595765164166268,-0.0038233246901984313,0.013800589557771355,0.006872594132400676,-0.0031744228885823814,0.025837646373908833,-0.0028598196599786867,0.004137114895141189,0.02778898427082357,0.0060704989676541804,-0.0010144985521547316,0.0023283415848351853,0.02954851732034936,0.021512986836782464,0.01075731629258144,0.016249426964956258,0.0032762127348041925,0.03015839089574799,-0.013712597195809497,-0.004860731040999209,0.012013573364129847,0.018104121582291226,0.019349873013742257,-0.0079246610786939,0.0037136303594283793,0.01016739670549478,0.0010331978487443394,0.027147651212058716,0.03847810669342646,-0.014365021154192935,-0.013054934854896023,0.01978109566192872,0.015463745381717662,0.010491842683177864,0.006888385377622786,0.0004828890887344038,0.015689589354423075,0.04301188745353942,-0.012302651190112061,0.012221757386373388,0.02022547365233196,0.023623342664138142,-0.000660303987408151,0.026898159149109282,0.01660246024504824,0.004497884145928983,-0.009208236718435934,0.010212529823405012,0.00765647844891407,0.006390983236155031,-0.003983397383864933,0.007729494478181738,0.00888579099910813,0.005051434893640623,0.016493124775576434,0.00952719128076461,0.005280106810412811,0.008802896420735526,0.009758580006411863,0.016522751904627538,0.024943290702381063,0.021149208935606973,-0.007285067533408973,0.009447297065279272,0.016650646693346982,0.023668544988523398,-0.0010774631893867624,0.006504225756183518,0.01380280559644764,0.024003897824092044,-0.0011767495757290056,0.0019189871212840417,0.015098127423667923,-0.0007225265747095505,0.022287765184527752,0.005540216178868111,0.01833865727324759,0.011679163946840388
2024-02-23 00:00:00+05:30,-0.006092405702104056,0.02139570908085678,0.003136337352551875,0.000338030607716101,0.007409954202910286,-0.00570767094256217,0.01706143430678748,0.0007161596251453842,-0.010477574029947652,-0.0028340898698586215,-0.0037311063888545177,-0.007262836435283559,0.003424865253173432,0.014957716497247139,0.00824544721313413,-0.024797035935468347,0.052755785486713974,-0.01278313913495748,-0.008667656824843535,0.0014437490928248804,-0.004164541698634134,0.02120545796692099,-0.0030103886615277437,0.02098022598443012,0.008973482606952413,-0.0028120909540486076,0.007814703944904544,0.000740391121630077,0.012213087602073267,-0.006181380455629794,0.011957811615308723,-0.012978262236448199,-0.004307334252106322,-0.003093937733786669,-0.012320628002891496,0.000739348779767163,0.010473011988667439,-0.00171237742047259,-0.0053873795290298055,0.013171303133004828,0.0025093212419262903,0.001288384212144473,-0.0013181690331904071,-0.004261102139094368,-0.007386388022912288,0.026677436075303953,-0.021657337503710232,0.006548822201531139,-0.0005991681159666516,-0.002680016635409539,0.016076966763129325,0.03789969868450935,-0.009274804829521264,0.003630028712498475,0.09775372642667304,-0.0004349256267703897,0.010136469934386482,0.007168572804043169,0.0019709667639545366,-0.022533830978235074,0.010207644286361275,-0.010537525766196492,-0.007018387658957002,0.024463902925782734,-0.005315070001607349,0.006164661139511445,-0.009142537873537302,0.008005901116688658,-0.006517979698071406,-0.0023025789506826684,-0.008172807900347986,0.005186379642076091,0.007982289435052168,0.012834135989963238,0.013493101176616638,-0.00428289823223671,0.020762451145757827,-0.003520781946149095,0.00607156467451676,-0.008983992391249607,0.002051682349331195,-0.0059840488438321175,-0.008600369259070637,0.0006898382260311497,0.0013222226599687616,-0.0030889667378928677,-0.004414583003654684,0.01086614541842724,0.007239848834057974,-0.017398777435416554,0.00397758346566439,0.011488629817441531,-0.011670103228093,0.009557802637350328,0.02073890654622358
2024-02-26 00:00:00+05:30,-0.017935985564609083,0.08362004752932425,0.016497722936650076,0.02421943221344535,0.013126113946885627,0.020186598185887434,0.009326925950579603,-0.028456666914752047,-0.040146127444257135,0.002548480397753731,-0.01063267767835342,0.0013087921757631877,-0.008185283902793926,-0.0013927916538608277,0.005285482007814842,0.002600206252010552,-0.005127603441733478,0.014778229623574201,-0.01404450349210235,0.017277449179524756,-0.007003291875679437,-0.012295748277622233,-0.012481772825738079,0.004918248868152189,0.0023499735913760744,-0.003610883816438874,0.004050790668192532,-0.019584203649100008,-0.0002173532710919921,0.006573579142346913,0.0009139004229953695,0.012154872322345111,0.0013979116539679748,-0.00342370340608845,-0.009621243666169507,0.0011959125131683246,-0.0075191512757742645,-0.003819766380714019,-0.025993218747241236,0.0013944889147430692,0.004230520586320028,-0.0012883842121443573,-0.006712596946323875,0.0068697210781421434,-0.005361944820958406,-0.02521007629388478,0.009339233891906473,-0.0058920272141560134,-0.015140868915761324,-0.010009061651679363,0.0015872967961254342,0.03270388178510069,-0.015033249122910146,-0.019579007519630463,-0.01858775890814453,-0.01031982778953079,-0.013898072902457707,0.023972778207149065,-0.024056393001616924,0.0047179889286517625,-7.771588770995781e-05,-0.0059645625856956834,-0.019917815257551322,-0.00890068681686617,-0.000444208155470529,0.00189830948160404,-0.008670836613095673,-0.00833715144242305,-0.0035177509511381314,0.020535918220448222,-0.024526548639701145,-0.00963789567862219,-0.004226894594917116,0.012994403601410418,-0.0021640652811387,-0.014830432691733748,0.016103905265983643,0.006427059756769616,-0.008937840622951393,-0.00019751083037441514,-0.002758052954863833,0.021576151734726347,-0.012678515119072933,0.014375120367174185,0.0,-0.019438366013156388,-0.01831755903980702,-0.018990467277143243,-0.001085404475669932,-0.010659346554079675,-0.007109733558181498,0.014258951224282158,-0.01161932166258533,-0.0060801375332048485,0.020688907546591286
2024-02-27 00:00:00+05:30,0.028717785269427004,-0.046509958129611284,-0.007677210200958369,0.004582369283739041,-0.006522709554402241,-0.006595460079208361,-0.0086637454225986,0.00554349846312653,-0.0031074764352598395,0.00048032237102342334,-0.005683168810461135,0.0018330857742626752,-0.01318250696283441,-0.008522865579892118,-0.01133391995578777,0.0029636489910646936,0.0053710522579356,-0.0033539865974699223,0.015597776509774891,0.0032165947555077164,0.0004996753849294285,0.024669889776282556,-0.002357843014873571,-0.01104330389047256,0.011902814344129228,-0.0020368229869498376,0.014841133010179012,-0.01055209858809335,0.0013731550389696069,0.012519488554301846,-0.017819174381787428,-0.00882530039729212,0.010600612430423557,0.008151898532142113,0.005440359005509664,-0.001512709343187676,0.009067792952330225,0.0311791307004406,0.0090668090078588,0.014889853375147033,0.00043673682980764926,-0.0019358532464935497,0.005675463393394108,0.04513247979175823,0.004753984696665353,0.01633985982678945,-0.024234906019013708,-0.004606855942789069,0.016694560739690917,0.0020759206827784316,-0.0003298580733749643,-0.0035388180491866387,0.012533144486519836,0.006203930232025474,-0.028781103704395024,0.00026368491139526864,-0.004299234418956712,0.010406311752094244,-0.0009129254503222526,0.028154655729157374,0.010720655743564017,0.0029302383516182284,0.017567339681550106,0.00045394723855764224,-0.004453251666326974,0.005711450905122913,-0.001854631641858767,0.0053401498104838204,-0.02448003127578905,0.01619875392412179,-0.01168189932538361,-0.03611777324750609,-0.001126752479720746,-0.0041723871725493225,-0.0004332552866623803,0.0035035346715874167,-0.04643093996838489,0.004272734627209515,0.005702233871785755,-0.011996902680441117,0.01643512158090548,-0.013480271651223409,0.025502776456989774,0.005506819059677582,-0.007560186960285776,0.010807105025991182,-0.001696034042236382,0.008617094166154794,0.0007045744695261416,0.023876477884867825,0.0021175693555578533,-0.04612486984862633,-0.005102580669214722,-0.002724778233243845,0.00031820584431279026
2024-02-28 00:00:00+05:30,-0.004026124838099985,-0.042067910426029816,-0.02554837094146267,-0.03148309496777877,-0.022785803757243744,-0.03063930661467108,-0.02364680961846563,-0.03978817134798334,-0.02306478838930439,-0.0005712526929052041,-0.0045048643336322745,-0.03301376534415235,-0.008816676274951316,-0.010109669773911664,0.0002642330201934323,-0.03232763552838092,0.001459825855088939,-0.025520997497821434,0.0011079427829541293,-0.018810497838618472,-0.0033802529636347747,-0.0233867670557575,-0.03822796662829118,-0.026703989757647015,-0.007050204273411475,-0.016446233983287283,-0.01916996138043816,-0.006078068869158533,-0.0033469384101180283,-0.03534342601763581,-0.012162924885004664,-0.006391471239147565,-0.02560027983179712,-0.008563414736646716,-0.004168318293740168,-0.007598507540144253,-0.0017208258522825822,0.043422748451218185,-0.010354662464183893,-0.0033330267158784422,0.006733028659862413,-0.0021013588153256713,-0.01329308538099845,-0.0013329305684105848,-0.006955831871801517,-0.03163648989734872,-0.034349558888018696,-0.028095392594775934,-0.005731501669889651,0.004588019538234151,-0.018101904184107565,-0.027686361352409657,-0.025162803169082648,-0.027232478534856042,-0.032549217067216904,-0.013656690686900166,-0.006035359925877122,-0.01039185494962814,-0.0324869814488154,0.003827983437810552,-0.02541509612225152,-0.03071295403556877,0.0019394654876041366,0.010151169282293659,-0.008365606724590741,-0.010755485519439705,-0.013455614611651259,-0.011078872885003263,-0.030343681414169838,-0.04528348271402956,-0.021708837223282023,-0.0381742816266555,-0.020417051824686665,-0.0016218147607491976,0.027363739593390623,-0.022584969828901208,-0.009997630360300377,-0.0018554480930939063,-0.011289323557616249,-0.009850322110096796,-0.005639000517158365,-0.018260953986726187,0.0035387357768493356,-0.013310648428681977,-0.02644159426244529,-0.024215964933851978,-0.007901217112909035,-0.016320891161249393,-0.004905324882971353,-0.003230638333313315,-0.014795716884808593,-0.04828429598282247,-0.0036062820164927626,-0.02621311133053496,-0.010930756966841612
2024-02-29 00:00:00+05:30,0.00300721351407812,-0.010834623320736122,0.020417595453986383,-0.012115943419548842,0.016030906586916683,0.0006366213310101011,0.027864455334933036,-0.0418467173364929,0.009810877032073754,0.017737828959495754,0.0008373883440647925,-0.03470348151189873,-0.0005155510670519337,0.005852241058853431,0.04977811188082071,0.014036703875869307,-0.002678040311699445,-0.008984986940575715,-0.004795431543221265,0.009251899510427843,0.015711341753012004,0.032793525110124795,0.02511572009734954,0.018065257404126504,0.0022655558968433633,0.005741246877089769,0.00244419252541413,-0.008434209470308448,-0.0005914047650417368,-0.018639216263559542,0.03756593675650263,0.01604016155054278,0.018982980777358185,0.002467234330683468,0.007207911638065676,-0.004266204265372939,0.002408412315869373,-0.0019571393588057435,-0.0010909860613924128,-0.00037273443648665574,-0.0038271213133091,-0.008286642238658581,0.005718738158059378,-0.007391959287737941,-0.0049104472580767935,0.02729954027662382,-0.01111279774857435,-0.004419496046836863,-0.008910705504287854,0.0015843443642994959,0.009377206667037872,0.0013779506628912675,0.0018764872326730944,0.027425843557021077,0.005499074360555265,0.0034687030993127807,-0.020372725921007803,0.002115809483458168,0.015617984286469109,0.011739791278227666,0.016040896744087176,0.012080536196639569,-0.07079369948659778,-0.013813559207609707,0.006877024047028675,0.009792858368074664,-0.004336746019930481,0.012560256037177182,0.02834914866374991,0.011735595752912447,0.009068471855540659,0.03557596379323922,0.003548942338587882,0.007986545444452613,0.005467961148834933,-0.003991356907843725,0.0375195813478084,0.022137768326335332,-0.006383529111328887,0.00751371239039761,0.0026016688295193,0.021092973672627753,-0.0058071518123341236,0.018745377789610218,0.016271577364106553,0.0007102537379581479,-0.009376081642238503,0.008228176554030126,0.020079430670296255,-0.011016437758664063,0.008879609939900725,0.0075900757799070495,0.019209569155531802,0.0017368391457794712,0.009922746618160212
2024-03-01 00:00:00+05:30,0.008212472019804363,0.00706522890134857,0.010099814353733819,0.038559865875467704,0.0012109273958374907,0.007608079161870072,0.019125962828046794,-0.002658523168845544,0.003484484730998362,-0.00890683273868467,0.022214624647616393,0.016389711679930426,0.011647912209937718,0.012222664313872257,-0.02268818173699695,0.02124558402018299,0.0024349466722628334,0.031702234367910316,0.004751128619561085,0.012127538582729105,-0.007581177067439549,0.047903487337524885,0.02484604711003546,0.006086858262499771,-0.006404073424284854,0.02185694207239991,0.009607517426316754,-0.001836169461980686,-0.03657149789253026,0.01339748525524469,0.006326293498074335,0.010371199986958747,0.0077224321670513385,0.028564886169119744,-0.011940937553298801,0.0193009141676856,0.013567285217243385,-0.010338279185018619,0.029817909984654778,0.022522946863843575,-0.0010784358407014956,0.007477282820987255,0.032446384883064346,-0.040475102900532696,0.007845167445439278,0.004336949620724878,0.02298941343507076,0.004419496046837013,0.003127229176285219,-0.011536606209962748,0.0006336293762292983,-0.009190181673835089,0.04413116500966543,0.058299265823779596,0.025164553844435635,0.022388048661273294,-0.005163399836682494,0.04386836453091184,0.006723597086753859,0.006884764582320709,0.0207670223523757,0.029038378285585743,-0.07401582304440968,0.006835324079674146,0.023266983496697088,0.002020257318936352,0.022237589154699745,0.00782745457083659,0.03083963588178381,0.01700149245619553,0.024322264693124908,0.039042473990705324,0.02121696067265036,-0.00672123440594481,0.001676392531468436,0.005216859599910351,0.004847568215941073,0.004584221911366482,0.0216647218048014,0.027749418945519896,-0.011921574759409774,0.04720405144255983,-0.00018307961060674483,0.009159242575427353,0.015084007951002513,0.06260643806185907,-0.0016106074360958118,0.03829816089226194,0.0009558511180095799,0.0049980093007772,0.0242772155739001,0.006616344838774225,0.01389306186714743,0.000963676684036749,-0.01772711877522033
2024-03-04 00:00:00+05:30,0.025483673547933988,-0.007534888886936635,-0.00048225418970508833,-0.014756407476334358,0.015386656499046346,0.010322801589868731,-0.0007289124777866447,-0.008598450005624463,0.0,-0.009779472465020523,0.006799530714226024,0.020588735138873392,0.004706305085801154,0.0036501426737719322,-0.009972008664180208,0.007531955176167588,0.019268366291556246,0.02714310605223888,0.004243718905974954,0.012830444789749736,-0.01818508722419658,0.008671911886852467,0.022639826138347485,-0.01869813217605355,0.00040779989312174375,0.02007265442992946,0.023783491600519537,-2.8768954473660664e-05,0.022597242648924796,-0.024254012659586,0.019625982429409133,0.03573716172362172,-0.011107281321869871,-0.009244700839463769,-0.003747779591642835,0.0013619913892658484,0.03391280796415236,0.024988667381511575,0.011206561007605673,0.01904513440627741,0.005091506095358477,0.01111217985380983,0.005001687103622992,0.0037948400349357104,-0.0009773357805980241,-0.0015286087858132884,0.03395072928184944,-0.012630254342845107,-0.02425917601026652,-0.010632158162544812,0.004345463744877615,0.02596786667434405,-0.014333303884484672,0.01997306374089314,0.014676314673114234,-0.0002895287090629324,-0.010810038851841683,0.003009078980786699,0.006968018895660614,0.00992247130645247,-0.026657884286095994,-0.002308815895366249,0.014351942922222003,0.0025927892759647748,0.02968613471970451,-0.00475864614212283,0.03147153381587591,-0.02031373736955943,0.0198856930965878,0.02386998173516436,0.009565660353121775,0.011464560851313388,0.010185079782070556,-0.015816805286439754,0.0016736836450994082,0.0036015310177688995,-0.001613267857780664,-0.0024600094388408833,0.058007012606984314,0.003763297034110248,-0.0045961278782150105,-0.004580958308764153,-0.0033395226089103854,0.0018715708576611959,0.0373182823332061,0.020789434139231972,0.006465848057845802,-0.008935476573883718,0.008284490626796025,0.004743681200811281,-0.01562138496491133,0.011430668800195075,0.0166017147630756,0.0026934255984140724,0.02233475196396791
2024-03-05 00:00:00+05:30,0.008716218027820183,0.005574767370615096,-0.0020973566189489076,0.003446454523412626,-0.0032077619546937767,0.024609782544629744,-0.00658413213627103,0.0045972447192632404,-0.004016167219992202,-0.0030856238327064945,-0.005390468837561089,0.017447074791874826,-0.04304936108067569,-0.04341642247885536,-0.014725685140750308,0.01777664955994514,0.005471599399034812,0.007234384663904325,0.0307529722717758,0.024748045728611587,-0.0027419996826209356,-0.012442510509531388,0.017666969269508347,-0.026998698936695514,0.0013243289699831975,0.011462410290584134,0.00026825188674494836,0.0006172171326384835,-0.005032294459055101,0.010724717522266636,-0.023537489655426205,0.016885774121877875,-0.007005277641987594,-0.0011868753746581194,-0.011420527501333202,0.0056723584379697435,-0.004269199601067939,-0.008920214326728414,-0.0054439687631235405,0.006835180120047811,-0.009187438033332863,-0.0130573406306686,-0.0039440626802712386,0.0014230481311933861,-0.0072370475440527255,-0.005966563844599296,0.0034178860467800128,-0.0034412725953462285,-0.02653371542067813,-0.018929551909369915,0.0048131394851868995,-0.014419607971913856,-0.006084225952327456,-0.01803047975752078,-0.002793704321053275,-0.006680405352137883,-0.016486015146706213,-0.008777656014534604,-0.009350229664661949,0.0180223454933792,0.009429324159671277,0.006572121139448906,-0.023693076257724304,-0.0074875581841692355,0.012357926119314131,-0.019677918834013798,0.01616520918708839,-0.0008700117859945426,-0.010013088724313755,0.0011871061749500187,0.028545401710413202,0.0,-0.004787957418955739,-0.017746090578657437,0.04775431705615937,-0.02840361469748238,-0.0061501490249917055,0.008694872369876455,0.0627176277540241,0.015295976424338926,0.014138339259458309,0.02151507699220805,-0.016953705968222738,-0.0022047418020292903,0.011168979624557686,-0.008198102230278196,-0.005915503769316427,0.004904382701405313,-0.010798184325922403,-0.01737024130846348,-0.014134767605616229,-0.038814832245547756,0.03327400305992375,-0.013929456725754703,0.007894839479124293
2024-03-06 00:00:00+05:30,0.00348819754903712,-0.0007477790888393079,-0.023304344419268506,-0.01913017419444878,-0.01013870401469605,0.004954159993356768,-0.02443569221183683,-0.0011226486845903071,0.002443455088242106,0.014022980359026826,0.02174580539988148,0.029965284880641686,-0.0020578086780892128,0.002640686198204093,-0.0011525613010376612,0.015874808198540404,-0.0014244004426175168,-0.010518814030609815,0.020994518462202332,0.0020828863739787524,0.011353464460505131,0.01372089041062136,-0.004075008756060998,-0.026423096351694236,0.007976539380293747,0.0020601479491940125,-0.010082248974621894,0.01712920139832163,0.001799038269323688,0.0003428409535733748,-0.026269091033489622,-0.018983903046303544,-0.0036620320990505668,0.002238177098219605,0.015229146153953344,0.0012138888626461958,0.010232188578549354,-0.014683879056077119,0.009246612337290823,-0.0027223061860906957,0.0003958552389739213,-0.0019489518026590484,0.008283119218567546,0.002025352332304473,0.004176879437869956,-0.01855181547200641,0.008493907546305362,-0.03187106336056013,0.010575993799693185,0.006854701606087473,-0.037279272779570945,0.004992474311044467,-0.007842127656593178,0.006889966167698459,0.014350899129216861,0.025350634584132652,0.006342557207703176,0.008160062767979705,-0.01663796842778507,-0.008239090268434576,0.016062148679708545,-0.008912295782277448,0.039752812121343656,-0.015096996321607721,-0.017741798269500793,-0.002208313428279683,-0.012411542740696469,0.047683534773900055,0.016279818689844943,-0.004416467366968608,0.004999109642206942,0.009951366623488004,0.0018647539171032254,0.01935886036514704,-0.037357096393864316,-0.010268551229192987,-0.023679233163859795,-0.004576937812076915,-0.07238215885636692,-6.379538448209609e-05,0.018753346528854534,-0.0003944734270772463,0.012926758355199412,0.01607048811845316,-0.0030337276991634697,-0.0016477795219241632,-0.0011795932370412038,0.01587023400158434,0.010928170765655606,0.0051007286257418035,-0.020257984399649608,0.03860564680188988,-0.011440694865325044,-0.00029217880227121255,0.008456870124376426
2024-03-07 00:00:00+05:30,0.012213015410148138,9.347443985920636e-05,-0.0022907169149020638,0.009688572351213972,0.000490391383513226,-0.017227426180491646,0.008073694864480127,-0.0009089010325954195,0.015181463328215345,0.009546319145328623,-0.012117644094249376,0.03125819187877744,0.01724799918326103,0.017977283622265337,-0.005862474924737113,-0.0028353873210114696,0.022319721623815087,-0.021615090718681052,0.005013761237121081,-0.02045149743589642,0.0017196204906137214,-0.0258830311680051,-0.0034225537477736516,0.06055549745011992,-0.0014148819955801353,-0.006520275702234256,-0.0026045007573814193,0.015938812757059228,0.0015032434017813747,-0.0020981148393079867,-0.009640895927164925,-0.010026484256091763,-0.004768804634732754,-0.0037628891522587193,-0.003991684446914083,0.0024232793474696424,0.01294624141685377,0.016629846609505713,0.018333593469653436,0.0272265658294805,0.0077795103402850075,0.01099445321853718,-0.008375146292837983,0.006231285387602394,0.013878960905018334,0.02341303935591709,-0.015627571197120674,0.022520297963372304,0.0024693315062906144,-0.000680279498898135,0.011626694293805567,0.006229952045585164,0.02081750765325705,0.010604219487427582,0.02287110243000681,-0.006670857928616425,-0.008068722461862925,0.0094957168526421,0.014250190528606379,-0.02021739583433854,-0.037799837098081004,-0.004939996034374591,-0.012387093414167051,0.013516157714446057,0.000709946156666844,0.010954126295713632,-0.007701284108264273,0.012040780935346962,0.012998570813204538,-0.0035815852319556443,-0.0038432676430257464,0.007002701635022033,-0.016147605093927347,-0.00659895971476048,-0.01584674722202626,-0.0019550625555947217,0.031075336187344305,-0.008510067655165349,0.040028737641800656,0.005280010649232054,0.0010592939042098288,-0.008943454148175942,0.01084075767549458,0.033449162629757126,0.07391806451527692,0.03659144195047152,0.01340297559332027,-0.006278288437787334,-0.009858098464514497,0.0205012282417078,0.0033240033076890932,-0.007349734113122177,0.0014150913755830712,0.004569043301062804,0.015372265782832002
2024-03-11 00:00:00+05:30,0.012159821381224279,-0.005484323074735611,-0.005968455005898319,0.0006218962912752014,0.0011311196507290055,0.00017636834476864155,-0.0018254622777274577,0.025447326407688414,0.0021923362720206612,0.0135855034648951,-0.005729563244576132,-0.025049173619699175,0.001975937843484989,0.010057872993831811,-0.005670951777116676,-0.015559643066978763,-0.012390609312232799,0.002717680373729838,-0.002587314744451957,-0.002368790284929962,0.009820461841130114,0.025457129516714215,-0.01976080651503711,0.01119931249595062,0.014026528994067434,-0.010301567275193277,-0.009882415003140974,0.000874258706127157,0.009959545421607503,-0.00035671131838581116,-0.03271686939895155,-0.02851188535765582,0.0032758500362986723,0.0038969458346818373,0.0006104599533703498,-0.012735512399893395,-0.001770314539666607,-0.0004538350356014085,-0.005605274411892966,0.016191613901776244,-0.012351058484159912,-0.008234566770642937,-0.008538698402337036,-0.0071074347822577336,-0.010085740670201975,-0.0255054162112621,-0.0020066014783973944,-0.018258721399813122,0.014156939269598158,-0.009853795041548655,0.0356918317131314,-0.012204267684221832,-0.0002409483656041838,-0.013499466172899115,0.06310561098386959,-0.01058184873168859,5.8645723643876435e-05,-0.009935080964399304,-0.012667783904600848,0.00696824575098119,-0.0016878452146867808,-0.009997618843534317,0.020386550408207044,-0.009587317926335338,-0.012140363444275631,0.01954656693156479,-0.014852608420536293,0.014050143160289243,0.00649426282647919,-0.024560204722107386,-0.0073430798205993955,0.02351083815940395,-0.008368793295244988,0.014264780904195388,-0.022530338914338314,0.02424638365246241,0.01273718685106716,0.013234969212424213,0.02864172832185959,-0.018377253410792813,-0.007564138248441046,0.00382072786973165,0.003341072088506135,-0.032957564508466056,-0.02886652024039855,-0.02446220469018994,0.0006597284233829271,-0.009751910987500547,0.012307696006600392,0.013196312999416232,0.002555473857362665,-0.006414012220965995,-0.02687349989375979,-0.0018446151986871672,0.017959080868389956
2024-03-12 00:00:00+05:30,-0.021342767064325353,-0.025227420674606614,-0.026811168839842917,-0.01734906504009322,-0.01951930005261518,-0.01932296586599485,-0.024379244137683453,-0.009700987218081979,-0.00024344234876973246,0.012994259935912536,-0.007356712412889485,-0.015325625710876607,0.0003573777146372834,-0.0032891195265826083,-0.002556440039621207,-0.02113012938156702,-0.0398324620331438,-0.0015178495349739186,0.0063728870980837545,0.001419261141217455,-0.013919575171678715,-0.02983686865541128,-0.033563440585714,-0.026829840718406953,-0.02582772309400586,-0.0101861330797281,-0.05278168873980209,-0.007518367963982341,-0.013444262003241388,0.00707085848263723,0.01315167500343754,-0.018450125408855333,-0.021178740445463265,-0.023888215658059403,-0.0018630770639484619,0.021993368720022822,0.0011269083882419692,-0.026574443481104965,-0.008940080820675631,-0.0313023679356063,-0.004907773146060183,0.00016217197105059883,-0.0017164085811747607,0.0040718417567768015,-0.012164498634913378,-0.008149674426915571,-0.007777754089424025,-0.03131449835482395,-0.0013475499770876933,0.007686148847031391,0.007552477544209822,0.0005891842570810529,-0.01456690367653839,-0.025201677053219462,0.01728263525381416,-0.005391278391592653,0.016686146338280472,-0.005218835957561974,-0.025675186090021698,-0.05201109958159864,0.0004222775094523556,0.009984632854809836,0.003129858779434722,-0.023287330446009235,-0.009239273187157955,-0.008209108158959763,-0.0132258053716343,-0.017528144405563145,-0.008124477599197103,-0.0014018062810288536,-0.023151853449658876,-0.0013434380556857446,0.005999433560723398,-0.010300165670604516,-0.0025827856030138634,-0.013997930889095084,-0.024151075110363514,0.010848076031148117,-0.008716846555255555,-0.018260562410616084,-0.005852927874861023,-0.01141691897792236,0.016814065952003424,-0.004474883577070226,-0.0421440156077933,-0.00621010381032599,0.0025569641210526056,-0.00036004855769834445,-0.00887990513906715,0.0009734044123598965,-0.008533107476132654,0.0058517089516959934,-0.01851069874252069,-0.0072166550390122906,-0.006810784423978702
2024-03-13 00:00:00+05:30,-0.021343739122236995,-0.09002648808763553,-0.07178749158880073,-0.09509934102389056,-0.07311532541705124,-0.051283806339447555,-0.04936468572031915,-0.022447666816429006,-0.005578475718656142,-0.015976313895309964,-0.01524780435417206,-0.016887264131848767,0.00311832081803262,-0.012884244865366329,-0.026547398303931942,-0.04019317613352076,-0.07074303184148711,-0.04529871997339095,-0.029922306891275268,-0.040602170567634766,-0.0025704660919357233,0.012648804009211706,-0.0552094837774302,-0.017165522954827792,0.0037453254274470425,-0.07448462616130148,-0.04042916285489361,-0.027759196781478715,0.0002617312724896133,-0.019931013370374742,-0.054014112453848045,-0.06427927153006144,-0.013536320148540506,-0.016108793046373065,-0.002509711724704964,0.0005822206409554039,-0.018675556347157018,-0.01878384075970867,-0.04238293549361635,-0.07234752717161619,-0.027950471000973743,-0.02179525249697997,0.006571640638521883,-0.01080397034418638,0.04354304560431304,-0.04232626077789126,-0.05681814440950557,-0.09585880576069612,-0.009141126597690475,-0.0009614665795047723,-0.04104105837766082,-0.09953069648722308,-0.030857644132896447,-0.054679926470837005,-0.09760654073041122,0.005333487073197893,-0.0027297603087699913,-0.023212671800709295,-0.08074005739402287,-0.10174458648172331,-0.022114376623965096,-0.010458508894979025,-0.0311439848093259,-0.0821942446926118,-0.06671637586525551,-0.0027836486315831474,-0.05726719293259255,-0.011516017867785572,-0.07612696338555275,-0.07593055608180381,-0.05844359178244462,-0.07514262085684914,-0.029751907481035792,-0.019343120652042765,-0.0512932838923866,-0.024333849738467483,-0.042319990839255146,-0.02806425774201361,-0.042383101149134655,-0.016523856436292367,-0.01635475089210782,-0.04391376488435619,-0.010370045423760391,-0.030284365604748446,-0.06290723787948378,-0.059784883772678134,-0.011753566732252477,-0.03338840399471638,-0.003746735711693739,-0.01623394974894468,-0.002285325445499369,-0.020345571456624037,-0.07050028627678269,-0.012706460447530642,-0.019475684663434373
2024-03-14 00:00:00+05:30,0.005016640431857437,0.10656768980861361,0.06049908196647405,0.0941501126295361,0.04707408297186619,0.017915369211374474,0.0406467929063735,0.0024519258865551355,0.01116072869592787,0.012883520828302289,-0.02071473655013344,-0.00016109355832174624,-0.009133803530153438,-0.00602525543942451,-0.016626935636082633,-0.0065372447475302384,0.025679115440263973,0.018235013778667996,0.021876735148721415,0.03815623112107258,0.016793768192204038,0.013025597254846926,0.01947543727288934,0.02128283744969304,0.017116932446138336,0.025215986205786495,0.012568967951027405,0.010889359351601522,-0.0014603943168132755,0.009882579718188409,0.027208089667239824,0.04293020555010239,0.02587375833118008,0.021816017274774044,0.028847319698357524,-0.003395360004928259,0.01980109754877323,0.028688001993012708,0.03536341995804746,0.04076023242150982,0.009468230332434224,0.00792095569835495,-0.00032294977404313287,0.011285478425451745,-0.00665015119835464,0.03720972112072296,0.04195997296781585,0.1211309473661746,0.018612752573606468,0.025670101175187303,0.020369100112576276,0.033695551744901166,-0.009503407750248778,0.022513490200469295,0.030457649423743915,0.007402224137160595,0.013232522822038005,0.019492011319321094,0.052199819104497815,0.012122596958124107,0.019684186391375376,0.001267714178044641,-0.016387162600937966,0.018335926454849567,-0.002017642302142161,0.011471271408362214,0.030469007484476646,0.013300226941133931,0.00539297342592706,0.007726575589917474,0.015452409360209472,0.03462205583464193,-0.0004888634648995898,0.01236143766287531,0.02065628518397254,0.024221618684443263,-0.012963944387015463,0.02155060517023695,0.10319585602936537,-0.00833171451354973,0.007414985819529122,0.0016527128286319898,0.01402491180269193,0.016321250669644766,0.0330542818077564,-0.008388591056269734,0.012565681767337567,0.003977505994238251,0.009879775444180375,0.034158484368651876,0.010720364152511269,0.016930389865748862,0.03222620719609159,0.02650914287619132,0.02714082174054004
2024-03-15 00:00:00+05:30,-0.0015744489910157102,-0.00828425337777808,0.01439008861217157,0.0038441958454133013,0.011878603823436204,-0.01394825190829106,0.03093547672213845,-0.00665480597669149,-0.008576758610396923,-0.02192165891381245,-0.011260955540004423,-0.003926029249663333,0.01810800542848801,0.004943946708127247,0.0015477932081569546,-0.02026567222340236,-0.03332775943412248,-0.037320230778818075,0.021039442855254258,0.005784089052000856,0.007121984691632333,0.0046948812207449585,0.003922797682033282,-0.0028052171062240374,-0.005762697515402699,-0.029541294158315454,-0.020369041176363394,-0.00928145998603578,-0.0015423536013186294,-0.0071825096736725935,0.046683687431694904,-0.0131469559248628,-0.012048773386237185,0.00027308890422743425,-0.019209761601985047,-0.0019255008551846075,0.01610110072261427,-0.023106760000111103,0.013802365973517099,-0.021341435875632357,-0.0029598830596701087,-0.04987580267057625,-0.00300369569811905,-0.006368417882246443,-0.001311495191154897,-0.005409465145267547,-0.056450845236450414,-0.0238107305951953,0.007286254891451981,-0.011742370544862324,0.00830765741869144,0.043197214927590134,-0.006129787203785914,-0.017878930663786614,0.01873868170518603,-0.00235579334829266,-0.013357542480023894,-0.019887724828329286,-0.035413725221831144,-0.020701568900354163,-0.049358982141567344,0.006297818859475956,-0.007400760949127393,0.01251804054725912,-0.017394435821878773,-0.0034890870539918324,-0.017241847431297665,0.0024436970470571636,-0.04804006321885635,-0.0015028714865880201,-0.024330046426513523,-0.03864358801545355,-0.009299332930539314,-0.002097734642452216,-0.010274808275475887,0.004511505048259564,-0.010837452630758413,0.00417952528295525,0.08365294629766698,-0.01242413881924492,-0.014110023336636711,-0.039542677061227126,0.00276501297654841,0.011450183079767898,-0.0096707838648515,-0.005278998331789164,-0.008658529640651513,-0.001911139705733338,-0.036315349141897185,-0.004223518789730647,-0.006621860997250378,0.011571353466931765,0.018848740499150637,-0.0018358204197862832,-0.011519883125211903
2024-03-18 00:00:00+05:30,0.026391088319803167,-0.03601888449538397,-0.006550313881326643,-0.01733639240114843,-0.012865022253581597,-0.0018871922802435395,-0.027165364391598622,0.025307102618219838,-0.007367914967045056,0.019754742048333607,0.014185928539206142,0.020282138226526646,-0.0014901186650464434,0.0035573348285273688,-0.004065880918527822,0.0019665628225810283,0.005544419848693845,-0.007101643538448603,0.004334851058705921,0.008175419571445195,0.001165226878088993,0.0013828467816457519,0.007076854109177036,-0.010780403434680548,0.00026869623049762724,0.015769097185411633,0.015121210948556188,0.006064142021471489,0.00889451532357778,-0.012343440884267885,-0.011310224459114056,0.012010433337747553,0.023631986588198546,0.0027272416908732545,-0.0023702817188021794,-0.004553819081852923,0.00276362676678177,0.012969531186904743,-0.002632226958289459,0.00734603828186392,-0.01199330150104007,0.020689902987517578,0.000786483635193951,0.003023235925267991,-0.003944760412561306,-0.016858304859920348,-0.0012429265622971232,-0.014711579755080188,-0.008593833353303906,-0.019372456217827495,0.014289717830316007,-0.0050337633242166285,0.029969700118565187,0.05109791609343187,0.022372898752036883,-0.00023024594923228545,-0.005192215655950597,0.006776294922956768,-0.022684149746818955,0.074267951824277,0.030941797869637945,0.013814916257313199,0.004803086146375504,-0.036302019632303735,0.0026837488393984155,-0.008989194104063968,0.010954366498710228,0.01976497665846959,-0.01627336423561655,-0.003955977299027556,0.018927997658725968,-0.023671648137306538,0.014872372453551835,-0.00689040723801879,0.013381092900834566,0.010820514751237863,0.018423740487999555,0.013138135680870786,-0.03579192973601581,-0.0012988554165855562,0.014778498254749684,-0.01708230639594472,-0.015946756642238543,-0.02100880261857358,0.03103034712596133,0.054921217870157524,-0.0074758991743075496,-0.014834741166953446,-0.009604748173483061,0.0017578485114205372,-0.0022448721056315,0.0015674961934321128,0.022196208989300963,-0.013240039299214445,0.007442486044761654
2024-03-19 00:00:00+05:30,-0.024247906052960705,-0.002530818252114229,-0.019158844532280735,-0.026197152757648372,-0.0202575182446319,-0.02138300161362365,-0.007468300279793828,-0.0038123257583819983,-0.011092258642274786,0.0008847860018608126,-0.009989763895423684,0.01379819825062,0.013983904084722389,0.0028176983414620197,-0.0006945179613277482,-0.021446424164619237,-0.023981827809349265,-0.04316451105748471,0.0024860798307891397,-0.0022632839769358873,-0.033288859265466174,0.018223544508008907,-0.008443502493184806,-0.009176915747105347,-0.03608278946207574,-0.0066596592395943505,-0.015910630188945125,-0.01709919422863476,-0.03305061739423786,0.004624917353344957,-0.0018975530972286472,-0.016913084372086027,-0.030541197181957865,-0.013388665213489886,-0.027295027376868206,0.0022795016972154396,-0.00252639781346331,-0.030013423898597312,0.004695605244205263,-0.020402503814324242,-0.014451985770126902,-0.0069626760710079505,0.00254016183696821,0.00039239275387963264,-0.019105854743088097,-0.006896748129612181,-0.035124639151529635,0.0018507693205249947,-0.01969683593789976,-0.026043637821738075,-0.004998369664318324,-0.025763026700913027,-0.004173326480811165,-0.017163754526618454,0.0021250344837205363,0.00673835811673288,-0.012021782600788958,-0.016849016981327902,-0.027861339588435213,4.6289741112363925e-05,-0.0065676930419341206,-0.0033788017895025587,0.00600552025969125,0.010170794691259734,-0.011735001626132117,-0.03321559760849954,-0.009023830973548894,-0.011639138594992644,-0.03336359203619667,-0.022524387832481556,-0.02917139016410537,-0.016642185410330693,-0.009931223845361232,-0.01921409103022831,-0.015178788442992955,-0.01341658570954013,-0.009552026498177985,-0.04107494480413735,0.007340545798086054,-0.009829980588608296,-0.01461708436451839,0.009027831282331226,-0.043107414440426754,-0.034891212682600384,-0.024485761022874693,-0.006366377085488719,-0.01615944370153267,0.0010330416446971177,-0.026879086702505155,-0.028755986960980282,-0.016586067824886752,-0.02659584649997823,-0.016366351884727442,-0.030548114864895292,-0.021825402891019155
2024-03-20 00:00:00+05:30,0.018500331966550352,0.005104731108864628,-0.00040953177560121767,0.014280868883383424,0.0033781556404618037,-0.00648565428115974,-0.006830130026010124,0.009904659956846345,0.003475067061669741,0.010470391356756583,-0.015392041954936665,-0.000532544443146386,0.008040392210989459,0.002021342460077615,-0.009115537738521879,0.0030063061760213106,0.010996427797353799,0.01592062796013928,0.00280473310319721,0.004143129062225897,-0.0029211233634862947,0.04739734524260965,0.004820601133780749,-0.001864588903449739,-0.012828329237114836,0.0010734496943731822,0.003517320059493505,-0.005483236075531089,-0.005164140489718286,0.04130773289812958,0.04729677088108023,0.0060528066217027,0.008968386024075943,-0.0029024896057059883,-0.007563738219842701,-0.01270668468541411,-0.009691162106924375,0.002706919572736797,-0.010928077342196134,-0.02596412435886116,-0.011089225581257007,-0.005810933234192345,0.0005073962784448784,-0.010068609032938923,0.014904966900660213,-0.0021877452503728393,0.019139222711040356,-0.014903313159655028,0.0012650460679369219,-0.004171553826916854,-0.006003144625074914,0.013066695367233129,-0.008021587689818314,-0.015096125413568503,-0.04575192790674035,0.008961503226902033,-0.0009112021133936231,0.0022819985642026537,-0.014486754595071188,0.019006357906035658,0.000271072575611525,0.029239763415703127,0.030819043848121064,-0.015132068005834024,0.0006377807796700054,0.021481976435303148,0.017587896835536916,-0.006801736544288069,-0.0029003230175525304,0.021580238249595797,0.0008576748179449415,-0.014201195707843768,0.012896612849180526,-0.002020680485463349,0.008510520358693686,-0.0027871925600627557,0.011823227943527533,0.01491032376423287,-0.012009626435189753,0.0170546641606184,0.0005810977420348615,-0.0033606155766304044,-0.001610552932113941,-0.019557470238008398,-0.008779421412358192,-0.02106047926193405,0.00957675670004507,0.0019794133839831163,0.00695152311403872,0.002373485657755957,0.0033056076291578507,0.0010005550163203142,0.0037431559016572317,-0.002731879009430817,0.0015969658116958096
2024-03-21 00:00:00+05:30,0.02262436044984276,-0.0025243043045161035,0.00492000164380748,0.004104661665395376,0.013597462010809863,0.01809304727135996,0.018650369442788303,0.001367729291268434,-0.0013283677456645262,0.02597643396644583,0.0008211304043615291,0.013229032176163679,0.009913898227682709,0.011232273430996835,0.008877979847025107,0.023144124252824243,0.04892999268769191,0.036644887057966785,-0.008970166387680908,0.006535260330889937,0.0007908728083802264,0.0750604621889347,0.02305135845949515,0.02775061898041687,0.021842356379965445,0.029477574708903026,0.03772020354288108,0.010734715465514955,0.004071520462758594,0.011639433310227335,0.02416217644499791,0.0060163904631576,0.013446161953180805,0.017402433360692672,0.0054668133111884015,0.010219626698218232,-0.00664716756900831,0.016190513918626127,0.022201348784998867,0.04617442667885126,0.00017830305608151816,0.007513466858857024,-0.00249276537924662,0.019708181182389317,0.013262588885825101,0.027897174723279343,0.03873463192716585,0.015273056336838267,0.03866311551685685,-0.00016077638349643348,0.023525841246994576,0.03099774407323664,0.02202951387486348,0.04889055286968449,0.00354921517884924,0.0038162153372976195,0.011470869408004148,0.014229982662895308,0.03946916333038939,0.025397131875403992,0.011562703353467773,-0.0027673477849806455,-0.012013515137079848,0.020817999910066956,0.03554755833292067,0.0013321847772683718,-0.003416729512929992,0.01025430991477203,0.06751640546718324,0.033806933310605254,0.037025685394779226,0.06243079704529296,0.00499190458109667,0.006595076373738809,0.027712481156303672,0.016921730030775864,-0.001470213492539705,0.048248556241406414,0.0453330128807676,0.010874312971091262,0.010178104135418893,0.009828977301110639,0.0005162023701255228,0.008768886737630604,0.03173629836716312,0.030095296401245315,0.014487446434163782,0.010266088567751602,0.013975222741769149,0.009238345872280241,0.012177034462810309,7.126572138784077e-05,0.02125579701324159,0.013984838800725945,0.02214340735893256
2024-03-22 00:00:00+05:30,0.017325788624829964,0.006618894178442389,0.01334598009855121,-0.001942206436992861,0.01505499167286529,0.012887514918516274,0.0036548111339261965,0.03080246513646373,0.007187552410590591,0.03179673754970304,-0.002223287174021214,0.022000430758542452,0.006700606518880062,-0.00943537302747853,0.023184934727296394,0.015907160780852993,0.006858792905629471,0.008470366146281983,0.012454917922379856,0.003733051077340923,0.012055975892841114,-0.010117564216409716,0.016270529732408043,0.01405085852937097,0.022219721231129353,-0.00023147376371255443,0.00951501352398416,-0.009816283400211758,0.012164142322098092,0.017566361333952445,0.02646659164656585,-0.0054418083611061955,-0.008152287725085803,0.008128157490548358,-0.02406860758330549,-0.002007877274737078,0.0025679605883899104,-0.010696380520635247,0.014805466636396635,0.015718309761696626,0.0063126257067756,0.007119977719853148,0.007826561668336814,-0.0019145674077955133,0.017297578086748925,-0.01133493442910764,0.003943568688945501,0.041280434126856884,-0.011274949940316765,-0.029934854720518187,-0.001018675809652012,0.021373427781192104,0.015209591432182996,0.013720889985570117,0.017414645397072565,0.0023953572244063115,-0.030479759386323562,0.016105579786717932,0.005032720000863645,0.024207109455932237,0.00691656779376997,0.0354365147731021,-0.013106327230592964,0.010617278632898079,-0.0007695817181634142,0.007704271859443395,0.0011401445835293074,0.020029709083783452,0.02037725261975919,0.007279473977999482,0.013946046698860553,0.021640938157614618,0.0027873517351344637,0.0222631602911172,0.009069286614064751,0.00018336800950641632,0.00857486771037268,0.009905570911343083,0.04646638855408324,0.003219419584171201,0.027537173865133515,-0.002070204358148151,-0.01574137081291472,-0.009925992440658534,-0.003704350640473575,0.011262122546946671,-0.015793476865072573,0.021584470893752525,0.0021117146914104976,-0.01339561907931709,0.008401382863061226,0.0015343194948492702,-0.008448088189836205,-0.027038285497541916,0.006623430447905026
2024-03-26 00:00:00+05:30,-0.006320813571441407,0.02939823531138796,0.000723779398680923,0.003907570828045494,0.017480557551015956,-0.01718856764923849,0.009625187920533466,-0.008418334079268593,-0.009494227129501728,0.0429493117178562,0.006991793246301144,0.0017089706832658846,0.02182803512183142,0.003991889087738196,0.002159590757986936,0.00671340739055641,0.009574257680452768,0.011822500564116937,-0.018782256604413516,0.01648601806541003,0.019631396223276896,0.011409557779363855,-0.002270670931013577,0.02340668977408962,-0.006094449382978835,0.00921788256185132,0.008624244524849885,-0.011858115650855393,-0.011079579310608463,-0.019571446953261067,0.04709395468677262,0.03610085614045905,-0.018672763304200025,0.0073931417320831075,0.0028203111182897207,-0.012167774821030966,0.004877224943630692,0.01237839626413418,0.01970440640785549,0.04018100858516845,-0.007361150320768564,-0.00372313598040026,-0.006071860334569254,-0.013019578611773004,-0.0022189780923744947,0.0211375619208723,0.013830617335138497,0.033144492254325746,-0.004990397072388852,-0.010794636017820523,0.0605744586968886,-0.004374695913742206,-0.003522073133940448,0.005149413201488465,0.004342755967239718,-0.012861009831412428,-0.005972037278617448,0.014352804499768137,-0.009868117289697716,0.0002589643379273504,-0.007935421729485225,-0.007088785018849067,0.047949001492507165,-0.008994994732947806,0.01330611415506169,0.004923016048543308,0.008510678480648633,0.013922509700488958,0.008390663050930435,-0.02088775155283874,0.009728451502886273,0.002821440052439334,-0.009286826716003331,-0.009841031127750382,0.008135384272692113,0.012462357902557598,0.017796605898660767,0.021229309672534977,-0.002260615617603688,-0.008945719459511394,-0.006735295094438775,0.015555187516656617,-0.008576856037056702,-0.009126383487726842,-0.0015369122170792039,0.003944715494878455,-0.006595169823783506,-0.0022958228137721767,0.004171369692547051,-0.01707506361947859,-0.00840663430114429,-0.0004992950990724196,-0.009450806406511903,-0.014995828687937543,0.017156322642648728
2024-03-27 00:00:00+05:30,0.05727602591787554,-0.030136987856041214,0.003899210006970822,-0.019829523838630844,0.014160907438943085,-0.010495536834731143,0.010781155226162326,-0.014497769426804509,0.005615399153738474,-0.014741983233496816,0.011751362184296895,0.02228741860972177,0.01617080204923478,-0.007083182467952824,-0.03839474106498612,-0.01076305445106665,0.0002506878657700358,-0.007782131773382231,0.009598599117189759,-0.011102684221539715,-0.00834898044248953,0.011736865888707591,-0.013379354943017266,0.01336085543722122,-0.006063542664321539,-0.015022288786019591,0.008096180840017009,-0.006850247574726043,-0.01490314147097167,0.0006901050412011506,-0.01740140099903061,-0.0011086259811861647,0.02958184789313989,-0.014705392577103727,-0.010326797694296487,0.010676539378532001,-0.0008778253820660858,0.0005711951012644681,-0.0017917424135534149,-0.0060013844368860805,-0.0001339213096943417,-0.004077373121557161,4.6252293446452396e-05,0.008698575731618368,0.000818083313254476,0.02927125081558456,-0.007492960060724587,-0.019754538754814355,0.048370281821444226,-0.005913066343402995,0.015514518809770231,0.006700100974441643,-0.0046953463065731215,-0.004909352640038083,0.013059014176444537,0.01241048263464844,-0.009633666608068287,0.009842080254561802,-0.005530844521973032,-0.009061252801940157,0.009185441878133959,0.02098546790766252,0.03416806126864672,0.005459609519764802,0.007567634200437806,-0.007627378403665101,-0.014224951105068918,-0.003103190733208109,-0.02681542399536133,0.000740518457018292,-0.009728451502886296,-0.03484371782649071,0.03495080348859834,-0.004619134417186648,0.0004263346679241151,0.009886991223354666,0.005799702995525141,0.036587207786813784,-0.04510517601711741,-0.009162858232385464,0.0037786100755494993,0.019115651977187544,-0.009483944436337,-0.0195141262066666,-0.004367429637111598,0.0019665377590278284,-0.00043857227879450005,0.01641315895082702,0.0007388516338124009,-0.0016887959299219607,0.0023668372595815157,-0.012708060846105018,0.011293414022138707,-0.01585925821859064,-0.017206218341457878
2024-03-28 00:00:00+05:30,0.012895519621793788,0.011608933499783518,0.02373827846450126,0.006917050437797939,0.014298598217921864,0.03284919131646986,0.01787738377494279,0.01991593234599556,0.005724816109915876,0.023486108070859973,-0.005380998859119515,-0.001567321794906211,0.03119114588986185,0.03794029609367695,0.02155987188531202,0.020276034772662516,0.010225766833308315,0.012024293654638423,0.003097600110702636,-0.010279468073011834,-0.0018206852761516736,-0.01395284811943122,0.02933937180113203,0.023090178265151227,0.022701363908948065,0.010769598758085546,0.01856593494456501,0.02273643654286595,0.018653203353024922,0.026599011513353255,0.014659419663503008,0.004151135277090637,0.013471151623605744,0.03557936307714883,-0.0017152491503575316,0.004985229760694646,0.011113946372830513,0.01771376011392473,0.004651560432067392,0.013907430371312826,0.010945746963518743,-0.004778305428506086,0.008773403864114047,0.013056071329815405,0.000817414599973015,0.009006014674778268,0.009282915973860032,-0.0035063202177030416,0.021044258280931667,0.009524240965764175,0.0005637411216864314,0.023433778283327742,0.014743183932126968,0.019082206257844053,0.008659309205305528,0.005560113836856018,0.002209574846459853,0.015394613831233396,0.026153508348708908,-0.010683636179129442,0.021144704731684887,0.007168203305589758,0.021699741546559917,-0.014723963650338436,0.012586344437433379,0.021547384675531807,0.023783648823461352,0.007457915513489848,0.014843700521106692,0.02430911849603712,0.013352422265435726,0.022195787199174415,-0.00470007116924041,0.013893751486507072,-0.001706331557808113,-0.009937535481094792,-0.011188116148968523,0.016018814608937525,-0.012335637779470448,0.025646659615828946,0.010171572482239327,0.013427132476139372,0.009174440108703366,0.00470904210123838,0.014822705917884847,0.020418933446457576,-0.004556518850169248,0.011215295050634897,0.010902925597418815,0.018611820433623527,0.012977274112958397,0.010494036185604334,0.00018394404118873283,0.016380089342462257,0.007623117343120715
2024-04-01 00:00:00+05:30,0.022355304255396665,0.07981046806392757,0.01705678486092574,0.028550743925166242,0.025058786129823582,0.04871874281587644,0.014831970887217584,0.015678535072715546,0.008482319000253832,-0.009390847782029168,0.005618343232170551,-0.011654623690865843,0.0007863069577148036,0.0013071158237901235,0.016163063613633115,0.010173538451006426,0.04654266094454972,-0.0028262182327498235,-0.009198901543828908,0.008323153430823725,-0.003273223644591813,-0.05052495309321243,0.013674260122089808,0.02459561561840218,0.0011350518379873481,0.01814805500738264,0.055562316929095266,0.034980176825883044,0.014901710473683922,-0.018240700798090932,0.01309344322963628,0.007154672986513217,-0.018910920548343427,0.002292648720170587,0.008483222726710784,0.015488229269776962,0.0022080434040259883,-0.0003631415518548228,0.014793941448598238,0.022689349202351602,0.009471917458345303,0.04629448643495624,0.00579126901793895,0.00789396690241323,-0.0038593355219099625,0.017190535720693366,0.008902129505369666,0.017064594534304662,0.02073298434028379,-0.001737195123010475,8.455443693072733e-05,-0.019955808086659598,0.04906547768695295,0.022358918198203,0.009005237193443996,0.002908133311974248,-0.011363520520269456,0.019495764242990904,0.057734335622363867,0.03081843417167052,-0.0028144651563470837,-0.0024433623522144656,-0.0032373628277656366,0.07076871242412958,0.01931794657257537,-0.014113299514464325,0.006877892159833258,0.012149359076187282,0.027672617355276756,0.011668608728650895,0.009600033872303652,0.02095406010503231,-0.0007236955798808555,-0.006889255125636344,0.0257126443118138,0.029735013604096874,0.030034323009341016,0.016397916562203612,-0.006362959612724204,0.007877469651623718,0.005354203440827974,-0.005942719231575132,0.010381130662799639,-0.00852001296343858,0.03183187094114048,0.0457759194723977,-0.0028484080099936654,-0.016816938586135026,0.028338035236559082,-0.015622893171178705,0.020834573003785082,-0.0010015548291502335,0.056708373186721485,0.010051350538292451,-0.007523204633565224
2024-04-02 00:00:00+05:30,-0.011566106496150412,-0.012351164378277409,0.005106702162761223,0.0023009970620873565,0.02032410691824479,0.048751982272100154,0.021016588134420196,-0.005824358583786139,0.0011139813166695547,-0.016065214081880254,-0.005618343232170429,0.025544025791846035,-0.006024174778837241,0.006389094428650215,0.0015391667140594383,0.0169132405535703,0.045830717708483175,0.024826574057702833,-0.007503287429770607,0.020705674331431327,0.000969787285578918,0.007169253989078621,0.00954602467703469,0.009946841409122484,-0.006191288542380208,0.002598089460921952,-0.014232097820361339,0.015173181310960616,-0.0020500173841639774,-0.006214407403776614,-0.007616978465788488,0.0051961582528956924,-0.01575413685419725,0.005979768860962412,-0.018412040162032937,0.0065409768747268305,-0.004500079544089618,0.019421269137020445,0.004562402806258514,0.04021350439144566,0.00034994206871812587,0.030558874346697764,-0.016920419245433492,-0.005285384364460109,-0.0019941169023406638,0.007124444828461389,0.028827104207178312,0.008937895618391072,-0.009353149180010545,-0.008461226771925316,0.005297419387264609,0.044791289580181214,0.008337127371540172,0.03234957840799203,0.0004201773898686991,-0.018771151683752724,0.0037103230156447825,-0.008004861578766051,0.028239610116674942,-0.003591973186455984,0.028809273839515225,-0.001365255720700281,0.0052477218285617,-0.0026274061288124604,0.00713077661050627,0.014475539898647357,0.009587197152535048,-0.017120690621324312,0.015703470436598744,-0.002144035074246893,0.00871981831855901,0.007031949646701775,0.0014636564612433977,-0.013071993001883728,0.006636157841131094,0.002826936188253235,0.013965988647501683,0.020644387361421337,0.010510584339269581,0.01062519330063058,-0.004305645831719563,0.005338383735766502,-0.008448183147877287,0.0399051689797688,0.004535689408923555,0.009152034437721926,-0.006246506402351462,0.004683578152782373,-0.00254497349583954,0.001311260152667136,0.008378227057963069,0.008729398555367682,0.046883747326882025,-0.007762765654901743,-0.006874870357551101
2024-04-03 00:00:00+05:30,0.011473786437498776,-0.0032830047507426225,-0.010857996635621186,-0.007264892134252625,-0.004962018949402576,0.04875372501248784,0.0003937340586396335,-0.006987293761178484,-0.0016887641349231887,0.011056392743198805,0.015210434237032248,-0.02131741324733666,0.014032371635495628,-0.009827556139396123,-0.0074320805545536935,0.010814881921934283,0.002259939315195679,-0.007907119892848263,0.014339016233011192,-0.003246344191600639,-0.013426590122181696,-0.014781993793484034,0.020389287021198285,-0.0020901324760322533,-0.012091142912597943,0.005176015982403825,-0.03294851034850326,0.017079007392816904,-0.018306668869817348,0.0030548948313744626,-0.02656494302983896,0.03115189897900799,-0.01646848511297863,-0.00036865553686167774,0.004927843304155757,0.0014515186596032218,-0.012420639446130395,0.004136072589867043,0.00940927865325505,0.012983399330570241,-0.009446498313192307,0.03944613642390105,-0.0037066202043438278,0.002247420204390484,-0.001527444975804715,0.01385439536221295,-0.002874389239121812,-0.005490907137430168,-0.007453467976397262,-0.001484572222248638,-0.021803866911241466,0.06971798839697996,-0.011726131861032042,0.006113523854019047,0.0,-0.015049502424052057,-0.0064380351830750585,-0.006574581359235861,-0.000651290567633962,-0.04534983392031873,0.008760010394485072,-0.009976011708919106,-0.0028644271260821,0.11408184659875613,0.01853380058130827,-0.02679202549418553,0.010404488082079834,0.0010494616412186023,0.02352189697828189,0.001965598521034062,0.06456318268168304,0.021859507206287442,-0.01037668796920263,-0.00668624203075031,-0.0045577499678547805,-0.0067540047693164205,0.036042401129087624,0.01219915711408567,-0.004859644353651671,0.0060489841522956755,-0.001480649863864166,-0.02169325959418824,0.016217743346079897,-0.010352655747676158,0.008403993789261934,-0.006092040212532627,0.014727604389184232,-0.011635777440960456,-0.030398899471641285,0.007920983311731397,-0.0036177855065453166,0.04606830316215664,-0.008331967867269406,0.0041476263228234465,-0.005301287377364832
2024-04-04 00:00:00+05:30,-0.000346009881657591,0.006600684031352093,-0.007029429293865713,0.006313366317448674,-0.0219613768048667,0.038342549074251296,-0.016274733334275832,0.010229773476133821,0.01691557670029265,0.04045157691833791,-0.00028223869990435743,0.007209394292708907,-0.00354291300013911,0.009374715512333799,-0.02834065922580753,-0.017657224058374967,-0.005432389305127722,-0.020588515797815038,-0.015498420965417545,-0.000803496110024154,-0.004353232145921999,0.0005876665372766001,0.000741159957228796,0.0013382288461345603,-0.008154090889897292,0.00749168055823054,-0.018240563420682344,0.01329020122521606,0.0029510660080135425,0.020155396819232865,0.04764107486963227,-0.013844720954773878,-0.010013014489935407,-0.012043800609955564,0.002471171921297889,0.030102872094249944,-0.002727551884141975,-0.007639207246203121,0.0019924834772545317,-0.013562129669673868,-0.00011056383643103154,0.028521939561179356,0.0015307135421990985,-0.03266562734523058,-0.005778751950463162,0.006168302146797948,-0.023592098935007987,-0.010724789393358984,0.002526260299996284,0.004077587365876589,-0.001949862533527701,0.002919955210953993,-0.00750801425536519,0.0010521577890376388,0.011692670787781781,0.01034396242725018,0.013443016246525252,0.004063162225235313,0.008781173328934697,0.020234220984569066,0.0067134305695839575,0.0111543193095565,0.004080909829119082,-0.01870555607964504,0.009633009082344978,-0.0017046027273218405,-0.023331821576804607,-0.0016997435291499904,-0.005406969993370679,-0.008785529482474321,-0.00036986944712226363,-0.00031652561367434936,-0.005912347892992242,0.002017363891775598,-0.006666574093828615,-0.016992853273937333,-0.022608833393393122,-0.0032379866415191425,-0.012677630073518173,-0.015356272626260022,-0.0003086971535659732,-0.008446543553739897,0.014087171847604274,-0.0013855191470711376,0.00447750746084173,-0.001528875410530532,0.01901893978061785,0.0187457545793525,-0.019937347402269767,0.020275532331774485,0.00031979277384738727,0.026697692645410807,0.036636551060756216,0.00865449114774446,-0.004566472630430351
2024-04-05 00:00:00+05:30,0.025518440223260254,-0.005185792493348867,0.004350684710999702,0.005853199478300165,0.006344889009374263,-0.02412032814156589,0.003993956663826417,-0.006675298385574352,-0.012013715459091192,-0.005569740169941056,-0.0036285746888330217,-0.01505348297709239,-0.014904390073432845,0.013288381530415599,0.008694770036403624,-0.0020432385457015275,0.01888553553197376,-0.013541594505856675,-0.013220357861511224,6.331117853360437e-05,-0.00011420952316819377,0.0074139976891307805,0.01243476341295592,0.01764752605275444,-0.006978469046191487,-0.0042419590450065055,0.019676683978651587,0.003728764811986262,0.005973127133654788,0.004213490209090881,0.018543577712169104,0.022532392913817985,0.027266867142670934,-0.01785051093966644,0.00363044603014691,0.014266754177013698,0.011183988658547635,0.007348957431772524,-0.013417116474273402,0.012656231685369933,0.0008828241079040531,0.006196524597450746,0.004208643679433999,0.04738519799934358,0.011290311841170646,-0.007553295145098291,-0.009773591402615777,0.028122589197289723,0.008219310655295844,-0.005125008381466397,0.004438985935230363,0.02715548919152231,-0.006280538635670996,0.013633266658091987,0.032405907302125336,0.020372499359604244,-0.001561358405285397,-0.014520978441095504,-0.013805057934035836,0.018669228178582176,0.005278960780675858,-0.011657330247978779,-0.021691124782161154,0.002411493378876851,-0.00028179507681258,-0.004698130172346423,-0.00391089652093182,0.001000252267540524,0.00432795848411774,0.002697694828835812,0.010675596365770132,-0.004865099100623635,-0.0019330667356291862,0.014615198942596205,-0.0016736836450995242,-0.0038358495563760864,0.007791609557084083,0.0012786743499535657,-0.000756179642349437,0.007151992884986179,-0.00641187314098216,-0.00832514102762855,-0.00602566055514116,-0.0021489247711141348,0.0012067056420730477,-0.00030595826160713716,-0.012467497860211485,-0.007509450252674214,0.015465688940739263,-0.017793244963381367,-0.018307254238803503,-0.013828623561152517,0.028623204703421022,-0.0048331647705686575,0.02342164502675709
2024-04-08 00:00:00+05:30,0.004472832964707505,-0.01882989411286373,-7.744655528488696e-05,0.00897666343321974,-0.019749558860414507,-0.025289146620643556,0.005326925092206757,-0.014167386916654897,0.0029607840357698104,0.011526067693092055,0.01587757065573729,0.002328115962822444,0.0004040944218711787,0.006652713749452774,0.00517848083135671,-0.004846243972454874,-0.004240597358478066,0.0025372727772387067,0.011437166999524762,0.009518503982822392,0.0028526818816940994,-0.019332343781728198,-0.004155022322950515,-0.012062745194315251,0.0089633201291198,0.0010061689403048234,0.013596002500092678,0.01268555923668005,-0.0007689082197730583,0.042376173345066395,0.006800983793728014,0.05109674390733188,0.029396026330295283,0.019144719916347513,-0.0033707754787199473,-0.0019056022866162728,0.008227797500004434,-0.012953623534779085,0.011771497758570662,-0.005284408483177794,0.0008818215325305202,0.01300517178263874,0.0034552825300337964,-0.00414183780596135,0.0036187576915858908,-0.013460464328489182,0.013597770782729737,-0.0023701059946178034,0.09262870847490529,-0.001624071420257661,0.02824388087399054,0.04631524904729248,0.022325098263506486,-0.004596879040476256,-0.010640540752391419,0.0018189731773976382,-0.0061272884641119475,0.017150651581251352,0.0039710421405471895,0.029482720088578107,0.03167885050407663,0.03508130060690065,0.019256752341282376,0.023510842378580768,0.02492982007847233,-0.015727971099354907,0.009101949952362982,0.014359185864795686,-0.015595987358684844,0.011961211159819775,-0.02709402403792231,-0.03913585515639608,0.01756622566738402,0.02230372196844003,0.010000147911193483,0.005569211262277809,0.019792233952202115,0.005972354068888929,0.007662618417188332,0.0046313079952876165,-0.005796900180830057,0.030247306663631734,-0.0016850641506630014,0.019353331877528683,0.0042120764592503725,0.011261656986312511,0.0013841248111788032,-0.0014793609745910002,0.007807715946439667,-0.0001906548177923119,0.004078688388319958,-0.02965716251395377,0.013546378486473932,-0.01067427336218037,-0.00582910801582692
2024-04-09 00:00:00+05:30,-0.025693933386142998,-0.004284833194657633,-0.00812709603139136,-0.0015122806675558743,0.005803811085859748,0.008636175372581274,-0.011885478014337588,0.030799806403391576,-0.01212372075141519,0.009234346132089753,0.003664017111498511,-0.005730365059104781,0.0020942183997223252,0.01250185148491233,-0.008056027386557096,-0.007878572731783714,0.020368120852778678,-0.01052912047055322,-0.00020746347615190508,-0.03334287235287263,-0.006672514330513888,-0.005664088966141482,-0.007045760632433483,0.005842853197663094,-0.008342526811896908,-0.017019222562551735,-0.008311000013373955,0.0023549426608438836,-0.0010776861070097268,0.010148640901926477,0.009857376297392337,0.015324052794680736,-0.006884501332783484,0.008947988775988833,0.0002921544789903118,0.0012600339321155248,-0.0010246711538315387,-0.011469759846978053,0.020251271648250625,-0.0057914971362897265,-0.0021179487533901403,0.14565266894425483,0.01813925285908309,-0.004922233634190397,-0.006429407735381876,-0.013309155497761571,-0.008254987671164005,-0.002035909017555707,0.0007227123198131944,0.012216131442717217,0.009455622641323012,-0.02321570038792371,-0.00211308625914812,-0.009922377351288427,-0.004206506191257878,-0.004371038309919853,-0.0009704445836283514,-0.005952861504409866,-0.01766292455890843,0.0047192656469045215,0.006140416411502708,0.0017784701057833292,0.00952133846129864,-0.01279861509306072,-0.0016520482918649937,0.001899665781055846,-0.005376855210630101,-0.009787488819033062,-0.018694415495719617,-0.0019538470433298973,-0.003014287860193201,-0.02817736573173159,-0.015137746653525349,-0.005446676799498414,-0.023491034893502204,0.0014091458002654783,-0.007344403365595537,-0.011132706434995716,-0.0018068544550442253,-0.005350745771808892,0.0017800705326478806,-0.016021139441654512,-0.006566512083818629,-0.010384809560603236,0.032026392616053716,0.004830914722937655,-0.010927715043970379,-0.018726309668498038,-0.007419764405231185,-0.007531139673606257,-0.00963678331738444,-0.010607058276559405,0.044465305593736536,-0.008580146408714946,-0.011559102881388516
2024-04-10 00:00:00+05:30,0.016969053189673986,-0.006555865203727777,0.013524047570832481,-0.004550548576412832,-0.003101048430951954,0.0024307503153768845,0.0040842344951875975,-0.0023393615350114803,0.013764858998889662,0.007993600859695119,0.007196401501040556,0.0029637291528758136,0.005081956909606651,-0.003690224795301468,-0.0028307770295225194,0.019765784351540694,0.0026263890260436796,0.03192206843826359,0.020503259506668748,-0.00909239094363474,0.0029156906786389925,0.004672681246151737,0.007780267168898604,-0.015238138702226931,-0.01903831438802861,0.03682636594367031,0.0005488871122661559,-0.01745783562722371,-0.0016226230345882024,0.015519292667285564,0.016385399989155273,-0.008127101291324552,-0.0060783775382999465,0.002192015063927348,-0.0008767196244400617,-0.007909528941350132,-0.019834165439750615,-0.007564587348615166,0.024253210545636412,0.0053008642461079,-0.0014363682196190809,0.007252799394439753,0.002120538251948451,-0.009117420984309607,0.024558195291603132,-0.0010891333033222809,0.02427390982308533,-0.003402526357036025,-0.023788563077618265,0.00796240719954612,0.04342954261752458,0.0048001299775022235,0.01063396572967633,-0.005332486498973795,0.007451118823218347,0.025150074556896516,0.005239041826673676,-0.008503169087782337,-0.0023515000521064783,0.022290482968861592,-0.007055220146974603,-0.016053844601726274,0.04248160400902961,-0.00789884519635494,-0.0011027960880703631,0.009860154278500564,0.011276616937517811,-0.004804969572574394,0.009636723942433641,0.0047893720854253,0.02827565509906388,0.0169791766913148,0.010821558402185778,-0.00477792402148333,0.010135286907727288,-0.01479823935080777,-0.008801986239040155,-0.004013126090416245,-0.008654579152004276,0.01924566597763871,0.0009356607711862958,-0.0007864386193708426,0.009607763049281027,0.017350466812709,0.004757180699722642,-0.005739254824839933,0.011836354338163475,0.008619170324531708,0.00032965967320605736,0.02998891791428183,0.004972640691570562,-0.007871760029715683,0.0680454285475013,0.003147648781817533,0.005092429390182855
2024-04-12 00:00:00+05:30,0.016634118505903524,0.004359779411999655,-0.009950606723696251,-0.012369743179756783,-0.006007821855946401,-0.037348215870736355,-0.027219292453648587,-0.012918546666739618,-0.014692797742288636,0.0023216203039907388,-0.013279632287282388,0.006563149458701104,-9.672171858724895e-05,-0.0032032567325004017,0.0032649782736631225,-0.010580099592759561,0.020552406515092093,-0.00588756611049297,-0.003136483982443829,0.0017989802095322287,-0.011913840971180045,-0.019733211310839344,-0.011569313875610191,-0.01198623770128525,-0.018548228087348868,-0.001644885000555326,-0.0028026427634512594,0.010799636772026083,-0.012097970252423497,-0.0029824471516859334,-0.024679853099925438,-0.005455021754307337,-0.02502291482696086,-0.022937670704911966,-0.011533599179374698,-0.011390236453517869,-0.004838779907513975,0.006208558315917686,-0.007322902149343245,0.020185308741405353,-0.01273037269421219,0.07360062184892147,-0.004517190349010964,-0.011717309353457234,-0.015801052594867353,0.018274384329837717,-0.016900194037715425,-0.009589258434721132,-0.01823048576822509,-0.014741892391123564,-0.027256654582245174,0.0006490508034767794,-0.019996136179821763,-0.00022277107578693754,0.004712801947113459,-0.0070899206266255435,-0.006005772609416705,-0.019899835212217405,-0.006160436244972495,-0.023749833906841215,-0.0025319146322272477,-0.03336673725307743,0.0070325566915358725,0.00348318542746673,-0.0020710812226842944,0.00339672195046541,-0.02343430603747102,-0.0047611441051151,-0.009016263182241835,-0.02617586576640911,-0.01069516629572254,-0.020728501653359186,-0.008433159838184707,-0.006807914249327553,0.012941081644989095,-0.004651528156732527,-0.016934131670408956,-0.0009588254461805982,-0.012352772574007085,-0.016501532079989365,-0.0407493530415285,-0.024396369490175,0.004194822593628191,0.003616780979225284,0.011508965655237296,-0.009435527934823072,-0.019295751272961004,-0.02507463880794312,-0.0004848988966815889,0.008099145311713222,-0.016980086579623094,-0.0268399548190799,0.030352994963303768,-0.013818055266944707,-0.03276806691078586
2024-04-15 00:00:00+05:30,-0.028828867074960202,-0.027938425002102064,-0.01964722818524097,-0.03728319182945637,-0.021544151352018093,-0.006827670507435019,-0.003290266366292778,-0.0162714220779582,-0.003544449387386759,-0.016557984103020153,-0.014544717169941447,-0.007507522209904397,-0.021432728671771442,-0.02491560476842318,-0.027548476059753534,-0.02474872598068476,0.004060261821144617,-0.019568091603709863,-0.0008162871092068962,-0.0016429003895415731,0.0021337064264006704,0.0009100984851048301,-0.02126938421700259,-0.013594131364720461,-0.011086435923263502,-0.01014793058297228,-0.026317274744559874,-0.016848808610707665,-0.012071571417448482,-0.019457029242866592,-0.019979649677107306,0.012845933646250298,-0.01880464872093285,-0.0074141116406862585,-0.010870401970696615,-0.01609386616923145,-0.009013804062735026,-0.0060087596735389805,0.023198214855568097,-0.0024355112384333894,-0.01728343794193339,-0.05888258763416421,-0.023870097311058956,-0.022381549248007147,-0.009813214183684959,-0.01643180348026059,-0.02228590436650464,-0.035373852571363586,-0.024864872812917174,-0.011243224647548549,-0.026782104368119276,-0.011338156987188664,-0.006948897786417532,-0.00424272408483193,-0.04928741927806136,-0.008252100287793622,-0.015200100824221983,-0.02155288648095101,-0.009728513353584982,-0.00330172224705618,-0.008486094586923718,0.012661401488820336,-0.0435566705028544,-0.031118769102601307,-0.0016598709080367464,0.00685665291915005,0.051886019428124534,-0.03494895447808482,-0.0266548252054871,-0.004369262337607669,-0.014942453043904,-0.023378635421725562,-0.0015860069674781172,-0.0177366928694664,0.0020716143582442293,-0.007677206573868354,-0.028959703874191823,-0.02479634971703484,0.008685977915976592,-0.011550119530449833,3.25049193815771e-05,-0.02307981561678477,-0.015159158709009829,-0.016490793305608698,-0.01231956336594508,-0.01634065657902064,-0.01897775210166364,-0.005180116810672754,-0.022697999898049253,-0.021102437315513877,-0.015272553579137874,-0.0034333863609100294,-0.006456053985405249,-0.02451469173842482,-0.028463366704655626
2024-04-16 00:00:00+05:30,0.012691523858448612,0.011763763352470974,-0.013128092317692422,-0.001902503460382974,-0.008550080832957252,0.01752294939689329,0.01747842635203287,0.0050008624696312315,-0.005075428951422778,-0.009109385960819722,-0.00573489374391356,-0.008696015634409868,-0.017391240806209875,-0.02341847324289251,-0.006369684733862619,-0.025965377093122716,-0.0042744554064000195,0.004653743717912536,-0.0066367104446251445,0.006225423467490989,-0.004461804686601942,0.045347871437554504,-0.015376479212272818,-0.027666689242585276,-0.004498387899655911,0.004866329768290289,-0.010678315154871922,0.012739502303143444,0.006549914933062999,0.031804317705616675,-0.009873361612869985,0.010499550879103337,-0.00012713711840937826,0.0024774101321826626,-0.018610092530882038,0.009687434037751127,-0.01371629361650521,-0.013138773523908536,-0.006303562900667122,0.02527532679061628,0.012118502699935658,-0.011111306571444187,-0.010534178419582155,0.011192715479572783,0.0,-0.023536486335174633,0.015504233083568505,0.010285408119750117,-0.013868194934262359,-0.037262524377481974,-0.0071451326960625785,-0.012298546122067957,-0.017823100774249454,0.00896666125380955,0.021085817125711556,-0.0030913111646189853,-0.03214037364322031,-0.016055227931390435,0.014813615557770273,-0.029828823448814032,-0.010845313003446455,0.006407182907723715,-0.01865248073792391,0.03046375952691364,-0.005274847464756412,-0.0029608129660363787,0.011722953140188433,-0.0014578221422951146,0.010520288439492431,0.0007296549895646993,-0.032902702145064223,0.0005824411037576757,0.0006313655257483313,-0.00283308660002559,0.028159512821744028,-0.01648735409314212,-0.005773212448552272,0.01658700647274251,-0.016395998661232147,-0.007686211100712707,-0.0016246123372395782,-0.012350085339092437,-0.017507458886822626,0.004412456911223324,-0.0027842730132566712,-0.004986073368796705,-0.019010422343068805,0.012502700487687746,0.0070193605821554025,0.004775356868771331,-0.00447555069215255,0.016409356044839802,0.020434750524227125,-0.02423823240551522,0.010319111319807565
2024-04-18 00:00:00+05:30,-0.042321168629602744,-0.012437376300972339,-0.02843944054011495,-0.020184161285620433,-0.00676950936794236,-0.005834783087858007,-0.003731372347282845,-0.04200830292914688,-0.007911149283318843,-0.0037102761057779703,-0.02688163876667723,0.01138772073880743,-0.008817445513192206,-0.015315870476765372,0.00218674114477004,0.016741716017755075,-0.009901097273278975,-0.004568961231507623,0.03972808260086592,-0.0020831360402558336,-0.009686807476474327,0.021783528286872907,-0.0010277992310077295,-0.009960991511192214,-0.020496517194173853,-0.0327459037728204,-0.022580549001276963,-0.014800044728763048,-0.015523809662820706,-0.0010336251868529687,-0.006726784523223967,-0.011236126159761703,-0.012393514082521487,-0.007563198397954548,-0.007098932602985042,-0.009687434037751115,0.0017352161398135333,0.007863745362873757,0.006466741256131733,-0.012163442731074033,-0.002705401082473998,0.005447658406613125,-0.010930649828492761,0.0365950998422001,-0.01669161301535827,0.01656722422550434,0.0,0.0017627942664704902,-0.005032798816124829,0.0033879200853122824,0.005600507040921371,0.04299558815831915,-0.0005325397527068268,0.0044809286966105205,0.04472207142336573,-0.0032687799035463275,0.007329084503006794,0.002114361747314561,-0.015333674514680132,0.018969118135896107,-0.003130942800796241,-0.007845045688871913,-0.04994613549816479,-0.02488909296577632,-0.022805094187225018,-0.03336536344942488,-0.03230140864900059,-0.0025386990614914458,-0.0027777498524207554,0.021106571566175365,0.007748981738489854,-0.0016317979295275853,-0.0009727693773223451,-0.00397307141654134,0.012795014740887331,-0.01852475004733792,-0.01227963286948461,0.008585757622379005,0.005479628040784577,-0.009221627731773142,-0.013851202230507953,-0.017823409275492995,-0.0027925155454643024,-0.0009690059067112101,-0.0015113670355660375,0.0,-0.01359753713863889,-0.0336943546329462,0.0036385872222592644,0.024495776529599573,-0.008601177717498066,-0.004282941296391084,0.02687001752874435,-0.008961629830076043,-0.00834287646163144
2024-04-19 00:00:00+05:30,-0.012146676761951945,0.0017793792250204242,0.0025304339345578446,-0.003046062061202205,0.011091821100339887,-0.005953139330496343,-0.009143605573553771,0.015583856330856254,0.0003027049250469058,0.014780739453420252,0.004968127007769533,-0.024325455803046767,0.03230203872278647,0.015624794277641199,-0.010726196920107064,-0.007946485383791193,0.009258439399068716,-0.006465860732753605,0.01820187674558484,-0.0045921010212394515,-0.00570315902712634,0.009125657009683255,-0.00808819046596298,0.008322462908423417,-0.001151133135645742,-0.007552449382584029,-0.0004673685757279283,-0.010080549539241703,-0.002403527547538279,-0.001621627697163972,0.02136833475407468,-0.007891615021797225,0.005232391563668607,0.02093776809806105,-0.013279350940911459,0.024191676318548735,-0.006792686081425121,0.005341509407971726,0.003177120012773376,0.01996453870270001,0.007556709295899983,-0.015554352307373146,0.011118067499551333,-0.011971215377520114,0.013987769800882401,0.006132005984833406,-0.014003006527096195,-0.006715014678968781,-0.0009888437414493543,-0.005652712620558015,-0.008363417256646155,-0.002868105590649349,0.02339836080233476,0.023349448774057084,-0.022178601845084453,0.0032966937747184446,-0.007822534803595517,-0.00922297889652334,0.012665952184534594,-0.008884346723632553,0.028216108496289045,0.02436419965090582,-0.006770114190836108,0.014030609068770565,-0.0017102006678322706,-0.010142473798440627,0.004004442141533425,-0.014414981891156958,0.008059586260000666,0.005518498689749616,-0.010085483506083938,-0.006788430940633027,0.003953170291107384,-0.0064726938411855915,0.009489957479034474,-0.0023404659147176535,-0.0020683155017211263,0.0017817609688333851,0.0020779936139608815,0.0075573239086640836,0.004211678805426903,-0.021694921945814263,-0.009313142004198763,0.0031240012285008462,-0.0038467542466684482,0.012727239994571525,0.011798019851813724,0.010708089656930427,-0.002929557407271117,0.01742689160838923,-0.0020055642761182928,-0.001324075451084671,-0.006585275791055482,0.018727548234031312,-0.015975289752150904
2024-04-22 00:00:00+05:30,0.03631260780151762,0.0022557430011360922,0.011953646135698503,0.013300578165737976,0.008437646143987154,0.003944724486642648,0.010848787752626158,0.011121902792397415,0.011786937779087204,0.013116329354970537,0.023860316262349066,-0.0009942945887820884,0.02396772251477154,0.006433877707355027,0.01512920847680131,0.01678746928874354,0.0,0.02968484111691952,0.0066111501157672765,-0.021889850814064808,0.018044093557815874,-0.0031892559363600015,0.03572565130394385,0.010449090878857857,0.00673925676763817,0.0174215307552887,0.0110415059036188,0.01776220219032736,0.012250454062061383,0.027875803428985414,0.021697409132513074,-0.015972316195698215,0.01414433146433243,0.0032502232714941553,0.012631487508535344,-0.012551610198530749,0.00728789510903286,0.032140940028672134,0.006162382020342829,0.009075513651226646,0.004426385680837648,0.027215911455185045,0.018014341139394905,-0.0022218465163596182,0.0012940611302666616,-0.019790848424618947,0.025182816160563396,0.021747735166656387,0.01533162244298811,0.015119851690565565,0.045786952886240816,-0.02463475338580398,-0.01163074655121602,-0.010407086490849801,0.033478235151023016,0.009604152958722233,0.003352362133624093,0.026463192842222254,0.001334655055766118,0.020539122947095288,0.003713857695141307,0.005847878689961449,-0.019335608833269468,-0.0077961610249619685,-0.022064563573226902,0.00857775638436498,0.005615334338366366,0.023514046205676487,0.014196949134661487,0.00707567060720919,0.03711934874809385,0.020343715160202887,0.006593226626590641,0.01905668372905537,0.005102980275285871,0.00113405833273267,0.0242539765069481,0.031504872320620526,-0.0011030340748527864,0.020639632236501844,0.011296559370016591,0.023008060422660806,0.009986150578014736,0.02845525233702823,-0.0003504529084876343,-0.0015434073257446694,0.011991626261421905,0.009413658400365104,0.020463324074177513,0.0023176617281934864,0.021269397090788185,0.02420157539543436,-0.012908462293129827,0.020224765035485686,0.03991275773466726
2024-04-23 00:00:00+05:30,-0.03395542484062009,0.00678463917038377,0.0005711508381805977,0.012548133156771257,0.0007566111435311897,0.00925508447220966,0.032329114640562755,-0.007021489937276179,0.011562684060676304,0.008903042116800836,0.0017064450999911061,5.623503351964087e-06,-0.004439224358307957,-0.005137619798672905,0.0182112433863531,-0.0044107216097451244,0.004490548218201628,-0.017468885901350227,0.033943946462335395,0.00463370168437283,0.00931844356618733,0.0036574141979747944,0.0029965303680028707,0.0028468048453033387,-0.00603361704131478,-0.004525332850855514,0.022967162236484075,0.008299825338090165,-0.010695175372583219,0.01183919131329458,-0.030989922718954847,0.004518031989427205,-0.006049320574283634,0.03853654533940184,0.014055920314607664,-0.0030464993726503358,-0.007952923738350923,-0.001807188818481763,-0.01097268719232425,0.0026908047781936473,0.009435569672472575,-0.012773417178718981,0.003307390389195923,0.005795822619052723,0.009128331182624972,0.031860799086988974,-0.016519422058256204,0.025014053811054964,0.0046013021569237655,0.006712716957788359,-0.006581832680372766,0.007981800588870632,-0.0040442107321723925,-0.008536316742726442,0.01362505958852955,0.0017113446225180634,0.010043079093973364,-0.0007061216665627468,0.011730708456109951,0.03279516680078635,-0.01350762575367478,0.016349173388875548,0.0033581719551394737,0.03907298188433631,0.012318246594634201,0.017157852586543964,0.0,0.005625860642795711,-0.013068758986092147,0.005975719497083149,-0.0018801448354357328,0.0029874271751076445,-0.013966692872208423,-0.003768848577893402,-0.002351944402504898,-0.0007647846617131015,0.0009481991522473864,-0.012683188061903074,0.014563173580084547,0.008966383566506086,-0.03666828652329137,0.005055963525995898,0.0026100475093600306,0.0020474646519810904,0.003964530444686087,-0.004334434436168746,-0.006477680017149662,0.010028114568344482,0.0174022956716638,-0.002473947420873933,-0.003319461737657811,0.00045432994662717623,-0.010421626013110473,0.0002164283404839492,-0.00026049749751430704
2024-04-24 00:00:00+05:30,0.005754425861970206,-0.0020974059994423276,-0.00705558742974664,-0.004469329271542994,-0.0012109273958373968,-0.00992538952125492,0.012334235481798173,0.014176963726157874,-0.002490192232701707,-0.000625123768201909,0.007078817718165856,-0.011284701114933448,0.009493481925688026,0.0056897586985730645,0.01575523259524516,-0.004044250159937483,0.009132461430085686,0.0005899877965795678,-0.004442432405644509,-0.014428588522817152,0.00647168903180697,0.020659312331792815,-0.007759448934477659,0.022102632056524983,0.03752860791264628,0.00655519020276977,0.009276243939706896,0.011909278178918544,-0.00021832647909871792,0.0023313752224143453,-0.01640484887837044,0.03808352280973694,0.02881645497580014,-0.01376429631307192,-0.004990083082177077,0.0027157947385978735,-0.01162862047241113,0.012933269293049452,0.03895035455788874,0.03901099599915216,-0.0011053646458672195,0.012529379455469329,0.005944202480269627,0.002826541835203917,-0.0006993726562870948,0.0061041405068320755,0.0038592765136177603,0.008424610966852958,0.008331291263743752,-0.008109673584097605,0.010651875097030885,-0.026218850870597964,0.03616211031092182,0.028869771682299088,-0.01584863575944613,0.01627565591589879,0.0007196469155599782,0.006818552198911656,0.004704458187943774,0.012310977025915248,-0.0020140687183878144,-0.004024657946544469,0.06416053653873773,0.022307044103826532,0.01287940887240086,-0.0004398834969298245,0.009170438406413885,0.012276765808236886,0.007364309413591521,0.017542626256180947,0.0011283915947828038,0.009136593551988861,-0.006289753701393549,-0.006689581772778584,-0.003932332934631248,-0.0003528640009379791,0.013952697085019354,-0.00470761656250763,0.01742331620825727,0.00012930378853957158,0.0007406737040271792,0.005718187546912313,-0.011329280884152743,-0.055367707487618885,-0.003147093964251484,0.026937681346705936,-0.012196409881537133,-0.006420194511886992,0.01842707498712474,0.015143385128174865,0.013057296180073565,0.009839957719468264,0.016831422117648032,-0.004772277497696643,-0.02741925730066005
2024-04-25 00:00:00+05:30,0.01375303532232909,0.002192611772727311,0.023284745171030304,0.0024026720007672125,0.007581940772949932,-0.006981580413836514,-0.009510501707691193,0.015907218394833243,-0.002199213728253754,-0.029712372439020605,0.05822901691987959,0.004336960552012845,-0.004684032759688924,0.01533865530364791,-0.003584757444954659,0.03619536369731514,0.004640354803445646,0.016796061583700565,0.0017195772534678935,0.001490657288219944,0.003142622741676835,-0.005608956982065578,0.032792524808740356,-0.01157434616677014,0.0057053235118592754,0.01919063775263392,0.00033571700562098824,0.007835468885977187,0.044043111333783726,0.018478791131987388,0.0016255926592448754,0.002888727639569733,-0.009111276450212367,0.012624471518313925,0.016692801562236025,-0.0006285323512282889,0.0008411414729265066,-0.004794372078652188,0.01668129001770632,0.013602040623354468,-0.013092745118975315,0.004627841280319457,0.0153814283275265,0.003639150043513787,0.01996723692099651,-0.05189940298563873,0.00855575537043348,0.008354333444031858,0.005134819938220909,0.005367240387036419,0.018624616803535082,0.007136323611886944,0.025833125974059738,0.006121103057621298,0.0011777280077137197,-0.11509717869146727,-0.01967692714352725,0.004789300086476334,-0.006328363188559881,-0.03015942566622189,0.018483047228054737,-0.0016661954027153186,-0.009353084433267026,0.06139859732438996,0.021242898363383892,0.02469114033955978,0.00926431346936865,-0.01054551827994271,0.012359580986325946,0.009936714840864074,0.021570183355005185,0.025701434528060976,0.0067350087954730735,-0.010742187501849422,0.0023612003073017708,-0.016448115769521817,0.012437268327362111,0.010633062893526909,0.0008241573818972206,0.049953719029965205,0.022889319156750194,0.0208820369652629,0.00550550805262346,-0.0035192681051891684,0.0073278717274110425,0.012903311083022433,0.003872026781809696,-0.010764871433161669,0.0029178742254099975,0.023734548331994957,0.0025747699076778424,-0.0021820695490431035,-0.0062786197408829575,0.002388985575211186,0.01883594678652313
2024-04-26 00:00:00+05:30,-0.0033093924973085233,0.01202092200927697,-0.011249936183905584,-0.003315561249703413,-0.004481846746066241,-0.0012669584472650012,-0.00944371740501609,-0.01985389030528359,-0.00606430886721368,-0.02257367811766363,0.002923883029631365,0.027038355162757724,-0.08042202410593377,-0.03578728993625946,-0.006594478870925788,-0.002235928269081245,0.005665704535011876,0.009976570277528502,-0.009532095923853129,-0.0008256106389506704,-0.009062040610915468,0.027914716970310137,0.0012150876314917507,0.01405220789246028,0.002095660426896807,0.007376723508547976,0.015762342010515098,0.04391204468135134,0.005348619475464123,-0.003081670885096646,0.018240898072820855,0.00024040846892597108,0.0005823121898602779,-0.01061600898353296,-0.020349964867192365,-0.0006290107164536959,-0.011585397493779882,0.04965638101828521,0.0038578235850473346,-0.0040951187081714364,-0.0036826635426053596,0.02424805375191035,-0.005266329797959914,-0.008324872214928041,0.005583758995185006,-0.014482908182161061,0.007900651895470364,0.050610885484842556,-0.0015673368120202368,-0.005716830003479937,0.031701551173636676,-0.006303887651940423,-0.020691665915059457,-0.011098835867418963,-0.0014396693983844602,-0.020886888688209704,0.03255167952702542,-0.01297984627328092,0.003599425325727915,-0.013066038395885783,-0.025087461878777178,-0.01710428489525735,-0.0003111904300986588,-0.019447958067075326,-0.008948515532317871,-0.031674969122996645,0.003363521686558266,0.02136666747436501,-0.002213512256631148,-0.003586368257391187,0.0040389483144754,0.012661939776284522,-0.005098535122594072,-0.02042234833646239,0.030199755468624145,0.007021041847636005,0.0027052392386898117,0.003301920289429645,-0.0019220136576559744,-0.014126619788782248,-0.008986785803798933,0.005345320714322182,-0.008040681938896004,-0.003259455261166673,0.01255261720108636,-0.011394372447431824,0.07167764472859471,0.003828988016563759,-0.001225502154611558,-0.00424197688436907,0.0017695329554135494,0.012234447634971099,0.039871584173330865,0.007778832816332555,-0.004055529117542124
2024-04-29 00:00:00+05:30,0.006445047127945616,-0.0017420967347766196,0.0002596882613292191,0.0001106689758290473,-0.00556432554518025,0.007577720207557047,-0.004278851436864028,-0.04748602328678914,0.008420449197846342,-0.015348422050111518,0.02529014213533251,-0.024157654629815485,0.014073325700856568,-0.0010648414852940519,0.004983531953295072,0.01683190134575727,-0.014968112967736678,0.015225059231855156,0.0048524667915226995,0.014096553158656346,-0.00012506703578089433,0.002597096787731492,0.005248537715356062,-0.000682967454764537,-0.0008164406126872467,-0.005610192805950792,-0.024414562983067243,-0.006770323755017754,0.007171796559622755,-0.006355715309507141,0.028820437613666778,0.007183913351063388,0.012848611523354462,0.018672350928978333,-0.06044648188315857,0.012963690327534543,-0.02192786222344841,0.0026792426405160288,0.0011544223510206624,0.008322882577689324,0.0015510955036251858,0.006265895330348461,0.046082959303322124,0.007650838969324828,-0.004099174600890329,0.02370827438563922,0.029861438847402822,0.01787157554138028,0.028759057792290453,0.0031413733648535777,-0.0019458392208227923,0.003985932362161196,0.009534463516431878,0.010939604507038517,-0.0032797484902069456,0.019638040430809422,-0.009253128123727755,0.008039261062435535,-0.007976671141325947,0.02404961167354861,0.008351806146768127,-0.0010632758370507584,0.042533680686669274,-0.013227873588697816,0.019472078088835797,0.010836310861844532,0.0010599601013891703,0.012859128683411339,0.022760133536721305,0.004949248597524104,0.005845886422490766,0.013043716551846269,0.008551559109909283,0.005004178283938271,-0.0022909665173723695,0.00019264091373160692,-0.0025647059565051555,0.004885058673419098,0.00654690266025259,0.030964504634458073,0.009940159982049902,0.00991840224661305,0.01270233107323675,-0.003770803435070233,0.025088914829057982,0.009603890101496655,0.00744046966130412,0.005577521003669173,-0.0013201169252715517,0.002146363123466848,0.02680505733727067,0.0179579910725586,0.024289561333134646,-0.0035578230379977667,0.01643580662345468
2024-04-30 00:00:00+05:30,0.013677262317846921,0.003950669486396607,-0.008637839395671637,-0.005104714190396642,0.005790759859901336,0.027058840528693773,-0.015605902795937742,-0.003566853405298124,0.0026809753603382366,0.02641114938277435,0.00572014910703662,0.01625408826125735,0.014101792035903957,0.012053695498942398,-0.008734370119248663,0.03212701716460662,-0.007034022187431614,-0.0186769507858062,-0.007646664996681484,0.002349798988143655,-0.004991732780368237,-0.009164434091673262,0.0017701856465563728,0.01895007709873389,-0.0056980089957674234,0.00231388353471807,0.006468112439581928,0.0032909271587152687,-0.014846620281971997,0.005572933765992665,-0.0023271488564838233,-0.0021497069790141735,0.0011895724488712406,0.01044144870176361,-0.015105643491130631,-0.006164821952829447,0.014757593015052754,0.011818347145479058,-0.008729546265199485,-0.019693858982576216,0.0019522318794734244,0.006344036728783038,-0.008439609098122348,0.0029272030682956584,-0.005836399013253637,-0.010091865792706892,-0.04572546799230671,-0.022946067086935855,-0.0024994531536127566,-0.009946448599142132,0.013805571803927821,0.04259077086705662,-0.015242493135706678,-0.013303139134718936,-0.009241035238522306,-0.010078748391137309,-0.007946869120658404,-0.011067261335649012,-0.0019913571801567095,0.00965424535467716,0.044716271143935074,0.010009041656323549,0.0026214684563584502,-0.011828747321568179,0.000550746768417961,-0.0009568131879148184,-0.0012365148793131396,0.009192682508493715,0.06080861708742244,0.027371458667721147,0.027310432514008675,0.09107960520769882,0.0013471643100558574,0.009934022263984205,0.0030534277819752645,0.012335951466449717,0.02359396574747583,0.011197919150788743,0.01412100541854472,-0.0003025148088900652,-0.012898303125493641,0.011424221469540157,-0.01288554444626449,0.008926684945575003,0.0027863187612045177,-0.014440646092113252,-0.019437924210591085,-0.004336886558103927,-0.016848322892623384,0.02196337895770912,0.0007422177317603778,-0.004518436886998359,-0.021016703815831383,-0.001188782373525013,-0.009965306639232431
2024-05-02 00:00:00+05:30,0.021440308092658074,-0.011661779444387557,-0.004955374411052607,-0.006025990520049414,0.010436762649032812,-0.007127924284281807,0.00931288355896968,0.0019233209114726958,0.034012896653271944,0.00027147799360391556,-0.013861924581228386,0.022982744051909844,-0.005917454780008531,0.00027865331565706864,-0.0006963409561179654,-0.007488023820605627,0.004268915353682369,0.04396855924773287,-0.013897851704918278,0.04380093438943108,-0.0034187492553584193,-0.008885010448230339,0.010635486217327073,0.08687154756054977,0.014219915188713466,-0.0008809093376055227,0.0051445631276126795,-0.00947659199455248,0.013320897251202855,0.0010870734417760093,0.01183751911253991,-0.019558815331595755,0.011252420835538292,0.010600209088016958,-0.004326623474856571,0.007961171443356346,-0.012586344799914278,0.002191116061772604,-0.004588465504309877,0.0019906793469344868,-0.0018622134256296701,0.011990061517285643,-0.009564042950856099,-0.006333461199555336,0.007660345442553581,-0.0010409407601089946,0.026590231509820247,0.010438066091183548,0.0012381519334106936,-0.004303437678278595,0.031137612266813264,0.013724734366330014,0.009195792669247208,0.013037762245445587,0.007004588147166632,-0.030193550801991164,-0.0029151228255982773,0.0014456341931803952,0.021139639524129655,0.003787360149573114,0.01326750090535496,-0.0009484335691377294,-0.030693499451001253,0.0011487656873990233,0.015978450436691827,0.0019523648677012165,-0.00017717111604822556,-0.02019269602501626,0.05785664518837603,0.03818801201628601,-0.021498637033865654,0.08817743204167755,-0.00030668520320794603,0.01680825630515225,-0.007651077946407254,0.015520367838238723,0.011843196190506233,0.005088205602914056,-0.01012567970568762,0.00458854574199954,0.011188149353022052,0.0062667129741049744,0.011101206055937604,-0.015640113198510965,0.018962128231964793,0.01414199976290068,0.0026872620438973733,-0.005811998049130125,0.010334075038906019,0.05230533872267793,0.0011626981432363865,0.024932367453489993,0.03203136513211096,-0.01087197577884388,0.03549077651599953
2024-05-03 00:00:00+05:30,0.005966808816359479,0.00822940053091919,-0.015366166773713564,0.007221295319992251,-0.01391480672202042,-0.005606877243284559,-0.00520780693224726,0.008531171490301137,-0.01546133649347221,0.0015840246864725026,-0.007288302940495659,-0.0005544807991417282,0.007065163444686987,0.007308662806510787,0.015652669991011465,-0.013149700723232162,-0.0027726421113018623,-0.007591999282919229,-0.02064804752602073,-0.018992088510652504,-0.0031671348299729886,-0.0015492453566721103,-0.004704094178644506,0.0062039234905261155,0.003304176329064652,0.04459549536603733,-0.020568087245598495,-0.003461579793972075,0.009820475423007924,-0.00068467829345137,0.009167383101027594,-0.006114748352688386,0.014409744379268147,0.017891448177467784,-0.009340239251509591,-0.008290157099883818,-0.018297712229589102,-0.002461574221095981,0.008769518000059267,-0.006863757210654736,-0.0041638081463809045,0.08428837901084366,0.0022793436351687814,-0.015682507122016347,-0.005825585160904905,-0.009679639530725781,-0.015400545627725469,-0.01202920855180009,-0.010515040172656533,0.0013072217010206446,-0.021901889245469344,0.0061697871344452435,-0.018305470768875422,-0.011049823172998192,-0.009926651079382742,-0.018544262420618594,-0.008721679771837408,-0.028089045954141422,-0.020220049044921605,-0.026322655420599264,0.003586052476258973,-0.02476253235484392,-0.001780987485209542,0.005534101018046939,-0.011171658067026224,-0.0226239285319862,0.011601607977668125,-0.01186708051021641,0.02657536000341764,-0.008807873244512687,-0.016432655247588506,0.007016191985148176,-0.02244500198305833,-0.012155158402486745,0.007651077946407313,0.03636083758519543,0.0024948497468405303,0.00958520138049253,0.013659681132164658,0.0016851313168432622,-0.005181286671472125,-0.009792354184177076,-0.005164352424005643,0.0028827525755522596,-0.006793875103871514,-0.005092212078514752,-0.013069480818477041,-0.009729249430935307,0.02394310196274259,-0.026838137480846895,-0.0168844725487067,-0.0066810555788614934,0.011737181776295173,-0.00010935496333598382,0.00946922558509283
2024-05-06 00:00:00+05:30,0.035461219330127525,-0.0028773386119916354,-0.04042885735340342,-0.018590463044848137,-0.023255583338656377,-0.02622143849721147,-0.024393472464556906,0.007807004947917007,0.0008187891034912971,-0.002550758686788106,0.0018816948077283189,-0.005843195419484289,-0.010390694945633721,-0.00984990595284672,-0.0063624247177987035,-0.03712683174312228,-0.009657817285755179,-0.03161302892471573,0.004686009126464349,-0.001959083271972571,0.06467558516267569,-0.003472045082300976,-0.05562233758976788,0.012368825276385293,-0.0009479567263905832,-0.02994238206495922,0.010083273925955101,0.003045298087450843,-0.008874602462088207,-5.436826147512032e-05,-0.0078891009180146,-0.02988267497038626,-0.0008394778081007891,-0.011368796045801122,0.007942907632084932,0.002005155736624504,-0.0193592330629885,0.006978672154667707,-0.012909355475388209,-0.02683510702214856,0.017504481875196265,-0.01252221667836255,0.0037144139441588585,0.0047395708489378265,-0.00390271268479099,0.001226147569832854,-0.02670779960620504,-0.008636052813650768,-0.001952623194338661,0.006755321109425552,-0.005238559714231845,-0.039139766551267434,0.007351171669788365,0.004819329136779438,-0.015144619799771705,0.04895340709340759,0.01111619871924663,-0.01048398431055079,-0.04720842329390098,-0.0374386886990678,0.014463916518865881,-0.004239714064432625,0.02176638413487425,-0.047035844356198196,-0.022585036821812805,0.0005291531635518515,-0.013902532209248883,0.00016924993164358889,-0.09296094564551331,-0.012951415468392695,-0.0662090638050856,-0.07673146805811155,-0.010145434019560159,-0.0018378588034111756,-0.025865148157971113,-0.008172346455315048,-0.015965801923035476,0.0298468563363029,0.0029401852318167694,-0.0288566376150694,0.011840999112766969,0.0019953587060373293,0.020002139477840068,0.0035119655948287016,-0.01875647588743892,0.006584932799225876,0.009392520680473962,-0.07451293844775976,-0.006419699100853195,-0.003232762894628331,-0.004021796657478337,0.00029859462566552314,-0.012467546332964154,0.002838450210035926,0.023141002356276887
2024-05-07 00:00:00+05:30,-0.007506126430070072,-0.03553174183861813,-0.013554007859264172,-0.023278519041376917,-0.0017844848649417307,-0.01453511363919495,-0.022474625977276022,-0.026170484706680385,-0.006552479523711781,0.012925300908786951,-0.014044725585619073,-0.042266860922728626,0.001849660984715701,0.002355583780804476,0.011338896869165959,-0.0253468164105038,-0.019380101033409244,-0.009797870814120395,0.002140509643337055,-0.014308962487028577,0.02193448303694215,0.04360788638206115,-0.02575979662147569,-0.014929956685197355,-0.02576113231763506,-0.01003721662553262,-0.03580407619113598,-0.013106002828066073,-0.005712598813818831,0.005075128677915633,-0.021956196824899698,-0.025862453971649033,0.056146818240680685,-0.013253416103629161,-0.007373604913032786,-0.010895538555416822,-0.004876369333855226,-0.001344044465087919,-0.02954935954254852,-0.02692891125681974,0.05316647795214573,-0.040552771421021316,-0.012641794122606817,0.0021981733675686802,0.012798729320705967,-0.00914380664448868,-0.03831888643454594,-0.03830861193901004,-0.016990638994885145,0.010499398766484846,-0.012483026307440984,-0.05577342984506068,-0.02681412025567698,-0.012849355734312642,-0.03854574184116852,0.011994460869294428,-0.0009678598466455364,-0.010317815916172264,-0.013310845719145748,-0.04224284282339581,-0.015148175795347395,-0.00606777715543804,-0.03196007815477688,-0.04181879755393497,-0.02167375240030331,0.02064078673727742,-0.030771499209587633,-0.0010332640346206335,-0.03782389848412802,-0.0385365499624332,-0.03849710269588896,-0.018659302624263983,-0.012797123043211404,0.006607391990760862,-0.01934909171750543,-0.005550442838449575,-0.024537573444200173,-0.0021389751798115125,-0.04250761988229419,-0.007330601518983061,-0.009065540148463764,-0.03828090485861506,0.014658434264197918,0.001137735909059812,-0.0224320892224146,-0.020190609755693225,0.023643641016009465,-0.002824042796503395,-0.036675725175792276,-0.0011316332046883337,-0.009712696908692494,-0.04363471429601844,-0.03596180429020523,0.011381598233667875,-0.039873338929236696
2024-05-08 00:00:00+05:30,0.04239292160073722,-0.002008758721791845,0.008637063887357502,0.026866434430834727,-0.008109512949828828,0.00017220671115876965,0.0010095659393437285,-0.009151571599536076,-0.024218122080104754,0.03090912816289005,0.0008420941785454878,0.008205606385552072,-0.010693492019720263,-0.007519807465775789,0.00847293911939189,0.013229985191806595,0.018301311250815182,0.026132460212859934,0.0019030308324846017,0.0147432852772645,0.01048817488403798,0.019608416242602313,-0.03358773803598264,-0.032995300370488694,-0.0017675920587638884,0.01836119416720668,-0.003980420235438812,0.004069636343717832,-0.03268950068874127,-0.004836039147968456,0.02067791464188662,0.04265694516792232,0.020916453364568127,-0.01819421458664551,-0.01308332991743364,-0.015725724966413238,-0.0034456022458316483,0.010820255713890304,0.021217912341697565,0.037381398796632596,-0.0162487596397933,0.0567906924405272,-0.007893850261836548,0.021981492620639507,0.001474932812132586,-0.004514705383583853,0.019496184132686396,0.016222767629013448,0.01931010592563367,-0.009518017304810202,0.031656531404171344,-0.04697267939044409,0.008478645378021057,0.020936140665734588,-0.002951648906997096,0.0027032790467751843,0.0030594861425139643,0.017094739140214404,0.008857689550991261,-0.005200226591382,-0.004161080438066423,0.014413489563729575,-0.0013670898816678216,0.044276050757556036,0.017883084074871925,0.012025621553575864,0.011808528283942491,-0.046909867910931366,0.04487970964021993,0.02260448517221551,0.0202353719728527,0.051786334021246015,0.012110082465888428,-0.016267898393506362,0.026363974527208175,0.010372906779032746,-0.015323193931638612,0.03393978968436225,0.003824807892916904,0.01103745325477153,0.004214590948130025,0.008575984629256442,-0.0005028225948547255,0.014134644507357906,-0.0030982700779407673,0.010899310432571998,-0.0042256692186550425,-0.0033838571236929093,-0.012214667637589893,-0.0011885728498830402,-0.01697799771371985,0.041077105821685965,0.022102437084686684,-0.0015100278393171973,0.02492011616299952
2024-05-09 00:00:00+05:30,-0.028459753316718562,-0.039464011698744646,-0.03337680852726098,-0.03492312212891914,-0.02593525495963584,0.053890456465450556,-0.034652913790976965,-0.006882411098424876,-0.04797982520323497,-0.0016865720654381708,-0.01158503237899368,0.011076258943203392,-0.028992035444271817,-0.02427790204213126,0.004009880942102524,0.0005712759583466851,-0.0235922452438798,-0.046443191122427806,-0.010257334956826413,-0.005536534410671349,-0.03074475936927409,0.0006012442459232977,-0.02211839209004892,-0.03334383142429881,-0.018917652529797116,-0.04615611147662296,-0.01846857266018182,-0.035612145629009655,-0.030001355441351005,-0.006991614206227291,-0.0010237879051605957,-0.03980752371238384,-0.01447150431295298,-0.00999788511499305,0.004860127225276452,-0.023993084376981978,-0.020000809827853374,-0.010461613181958864,-0.022508690036282024,-0.0025575022031678225,-0.006600084796547748,-0.03383936061544465,-0.006521755499400026,-0.04206255838115332,-0.036720409540333655,-0.02315656268362281,-0.04097513815875123,-0.03475125534266462,-0.00803219562428408,0.008546026924421793,-0.007462144314329265,-0.04834605824884789,-0.0354322039585139,-0.023916615373917822,-0.027977893986393054,-0.0031900536062589857,-0.011907984300287437,-0.06254354248325944,-0.03024241077394317,0.01001766529436066,0.01372054877078991,-0.003105906734269271,-0.00993595798012023,-0.022085270283866785,-0.02680138172676085,-0.010114059081347144,-0.04280300365753565,0.007890558025850676,-0.05321706918779062,-0.01956092608844164,-0.021462611831220158,-0.04343944208092848,-0.01736828503439112,-0.00305350118792731,-0.02556686972878792,-0.006242973659275664,-0.03622840399386674,-0.028115576768723567,0.0033280845178951957,0.011039048635802958,-0.01796900801257916,0.03298128526784315,-0.004220666704777234,-0.027273110432659665,-0.05080348878033005,-0.025310057334991223,-0.014005987358873765,-0.0043502112683385,-0.024727903437832363,-0.020356471770793253,-0.007729894375844346,-0.03951878037280626,-0.02551733864794034,-0.015885483523844234,-0.03790095091191891
2024-05-10 00:00:00+05:30,0.027290324821329634,0.010656753781082202,0.010999585844609265,0.001517392434142049,0.017680379236690795,-0.01595555527881458,0.012974910405357537,0.006189482619903299,0.022312968410482043,-0.00038561979597898137,0.003980752201019563,0.01513888901376469,0.011889379346518575,0.005163681891863418,0.00570915469501933,-0.03014714116668468,0.003970907493148726,0.04377976467622733,0.019949541599425198,0.018246784734065474,-0.0006510607106037304,-0.003957637203539807,0.004846166596321585,0.04020343799056586,-0.014268276528804228,0.013215576272410835,-0.013291482720923451,0.0009362760646241255,0.007399363644231269,0.019467588940699675,0.030515559086197887,-0.003887470730588238,-0.007504176004657505,0.009913765270549553,-0.0029209743614297275,0.006908922196078268,0.01654295848709971,0.007856452486257732,0.009959773222371664,0.006800988439521408,0.015742126686937512,0.1415284873678601,0.001209288025067103,0.006006546231405588,0.019221268285556835,-0.01297775795325014,0.014894800190384033,0.006777505956546509,0.01257999531635751,-0.010228998271339045,-0.006485213623542146,0.07140706912810303,0.022570074698201173,0.00999009016569315,0.007068221026139768,-0.009263135687164503,-0.010868336452790919,-0.0012219523804382051,0.009707134620128855,0.0014673750682326098,-0.00885248760389485,0.013570370624692579,0.018973470933998936,-0.006917447642582282,0.02694188774350083,0.007827012012690778,0.018674749781373578,0.028695889653762272,-0.0009572361926029349,0.025338927185496855,0.014224910472677979,0.004974896669725308,0.009494805278869024,0.006691481663257489,0.01659462837239072,0.006274217471209026,-0.007034727691124517,0.00617159103993232,0.017018745349630174,-0.002992958721248124,0.007930238562039612,-2.4235229994677692e-05,-0.016883361363750796,0.005422612587773658,0.003259551357791979,0.002159476951000626,-0.003710183149294319,0.013510944431837042,0.029489251185185843,0.014291817638447899,0.004815802125997052,0.012550245700021561,0.03986370351224623,-0.008923179783540985,0.014305364561463266
2024-05-13 00:00:00+05:30,0.10640121755744575,0.000504642729886205,0.029014662612591877,0.00023325718710686313,0.030820865584478295,-0.013689690819349202,0.010940206516478868,-0.0021074911928219884,0.038231298935972505,-0.02172776258707643,0.010568072541772682,0.001168269374175879,0.005163113361125674,0.004979049967808682,-0.0030646275368551535,0.016345880016531564,-0.010401841365680856,-0.019175679322110208,-0.011750770505184421,0.011950275680788247,0.012503382310545045,0.0098649835681252,0.0021868558230879543,0.007787947285486446,0.05454843589592666,-0.012088853254362514,0.015499558290087711,0.030631846119678237,-0.0021049825517865765,-8.589617090893027e-05,-0.03539297571617677,0.002075104666117006,0.013048958005714477,0.003380633387445959,-0.0025102774065368033,0.01199393610380871,0.020033329948233054,0.009235428254048782,0.012548916813910255,0.012534460015519139,-0.0008046928587690968,0.09712478705935025,0.009754896017301994,0.013540269295896117,-0.003467353608489363,0.02516146919910402,-0.004729577448474736,-0.014628695940749422,0.004898918251273629,-0.0010181030288643172,0.01550419589692478,0.0072510980195331365,0.008167050980664971,0.009518856932985216,-0.018863062395312928,0.008106104890664259,-0.003065001639478872,0.00682381102287731,-0.021358279277918175,0.015212838390729311,-0.0040206802276773375,-0.0001301912075131745,-0.01346217605555666,-0.02972803625293585,-0.013023942992520578,-0.006713536978916709,-0.012473644389007605,0.015597225923960057,-0.0027574099157712246,0.009175896056422614,-0.006477750288826509,0.008333553300415278,-0.0033628589683056633,-0.0047951136745315315,-0.02018670670117162,0.012826029688834726,-0.018316798422696092,0.07071151941662708,-0.021308959551419107,-0.010515744846834223,0.012204991837773583,0.002444322891641004,0.013747337685139938,0.005484689854259293,-0.0075007208996808565,0.009813091253563158,-0.0018602152841922651,-0.011064515332803,0.0018062336424745711,-0.0012755270582912844,0.006280398558192247,0.009521767934924886,0.008123708695557084,0.00022128947383412997,0.010482919151397515
2024-05-14 00:00:00+05:30,0.012026203007974044,0.030800706475579406,0.05339987992219865,0.04204447669082353,0.018842983948298475,0.054226433584234734,0.03671980720909475,0.005584487892571694,-0.004560223560454759,-0.020806474684671096,-0.008115878818255767,0.00807987358621242,-0.00642811194036739,-0.002597428992870963,0.003610030589462378,0.006924501938881568,0.02721257319503505,-0.0015666569846748849,-0.0012838786026043078,0.03459831695011155,0.0019958216744113497,0.0384324522715423,0.03082942845792645,-0.024106958974882353,-0.04134793538844528,0.01052998234401226,0.0003575535547505418,-0.003919201703920941,-0.006750062680578816,0.015573402908486052,-0.03669174634635241,0.03613631447383667,-0.016242094792741243,-0.0055283430042385355,0.006188523537360201,0.003909146685573089,0.0033891657020836932,0.015562029040393508,0.020545189375521487,0.038259106920267336,-0.004691857251992626,-0.03371681007296253,-0.00662649829488652,-0.0002078574151174987,-0.004991028355669765,0.01274574782100535,0.007243071921592087,0.07523348930902968,-0.006575969835267932,0.0008776895623906896,0.01588256914293185,0.043103550972816054,0.023995280551399985,0.0406750868405282,0.03200046715131573,0.0031027832654600836,0.008950920422626978,0.025655847815030386,0.04312958389965797,0.01885750131953121,0.038463192870277045,0.011013180782468924,0.017766434488458098,0.09007024732723877,0.013867457752674043,-0.011551822719203006,0.022231507712943365,0.006017157005307371,0.012170745624079188,0.008769148969767236,0.021298794493116464,0.007498528573969798,0.012310628156683497,0.005423447395470704,0.019794792956342244,0.0012456863751703043,0.012327079076240074,0.006076573482756971,-0.009014032508733276,0.011555142859082915,0.013158420419887632,0.031500863654790635,-0.011874303275338205,-0.010538771846913268,0.04418257134374658,0.006690883907371538,0.010600738581107973,0.010775697089223433,0.009951841788202803,0.016578000471157216,0.011362947607214778,0.00792240898811267,0.043711030754487706,0.009688503895238499,-0.008956835898755016
2024-05-15 00:00:00+05:30,0.00042685467783231594,-0.00039141105017717924,0.004008308113150532,0.02775849036378905,0.004945445746882078,0.01845766519636106,0.004985902350603393,-0.0023907917840840067,-0.018469276238023632,0.011979253609681401,0.004620359940499333,-0.018043226360212692,0.0006439254106417265,-0.004705059157446624,-0.0007411527439618146,0.011624640631677502,0.008193285615133692,0.03103422980648241,0.019736884799514614,-0.030140392582149764,-0.015052023706009197,0.05248365256524941,0.048996169527159274,-0.01667118621307786,0.03571225627965138,0.041793277805941595,-0.01609927688231762,-0.000937259033479038,0.001055809083566704,-0.01731406702800657,0.02478374628431753,0.0034930685845612295,-0.011776270289164205,-0.0009912994193926462,0.008930101280491409,-0.01548603635466269,-0.010022523046469565,0.01438334262147711,0.010843368075416844,0.026076359456248463,-0.011256526322294038,0.019716929093500354,0.0033853911289182426,-0.01852187989737233,-0.00443156722871927,-0.006486160074780775,0.01525792114830207,-0.011830821529715716,-0.012660338414433345,-0.003339600404121138,0.035098346922662886,-0.0027551924399526707,-0.01204049507621623,0.015314644854382135,0.003964259137399971,0.002729581591034484,0.003112799498215747,0.009380473055091402,0.06144561417432373,0.021370854704793035,0.014172875228178753,-0.003666731631243358,0.017757706618627602,0.024759507156960188,0.015478301918568612,-0.00902607385075546,0.0020134872480758177,0.0012393577432574232,0.034845813829145075,0.01794625286810728,-0.011597741020583032,0.01265781957822445,-0.002679337922801413,-0.0019210785064833933,-0.009452672041271933,-0.007917945150671764,-0.004451356659910071,0.06662236773644716,-0.028586559358485204,0.0025632569512589747,-0.011618737950110414,-0.01645953354174657,-0.005345961165637178,-0.015364602175338402,0.0022049439155978623,0.0039329905895483476,-0.0007842897465136104,-0.00620666605342599,0.006932408879813381,-0.0029445894555321533,-0.004830294702968729,0.006926586987815705,0.011150358160470046,0.004263928257883836,0.013530771217949928
2024-05-16 00:00:00+05:30,0.02695186987620814,0.009110213764824102,-0.0026594664627960962,0.0028505129482591126,0.005367425143856417,0.0009375078725395806,0.003499831091469273,0.014074353911771254,0.00012434161617423987,0.004032697270731183,0.009923635526540193,-0.0035219206682437334,0.010002235545443456,0.017030098879611783,-0.011165514607640242,-0.003796500033495889,0.021455878398290332,-0.010130310737020504,0.026517568652059464,0.0034254262577517944,0.01445859169174689,-0.018486299818745517,-0.04556016038625078,0.024586568148290005,0.010184715370876101,0.0009612425490757702,0.019015073245990576,0.009867544031206654,-0.004196145531729549,0.0069445505119678196,0.016529286317205256,-0.026755841975608544,0.008595847000201037,0.0012231351529946842,0.011376220363294071,0.015006774622000285,0.019769184549757863,0.013335995595273927,-0.0005356323610450092,0.09598688305709674,0.008507665664430746,0.03924823444630097,0.0059413962841620765,0.01435592790340855,0.008495938841995971,0.013986018484209885,0.006468551968066647,0.014053232139198783,-0.012677647887328097,0.023249640162849344,-0.0011880879529785917,-0.006542439513228196,0.01758383146017648,0.011707176186277405,0.003385497554571581,0.012790461380233042,0.025881234835937586,0.014348571987645886,-0.016807071475945207,0.0038600207156620973,0.02971948581620129,-0.02134658534560613,0.023294942887460163,0.01974432261780869,0.00027666871875747226,0.0013580465428330057,0.015242377464486867,0.01020725985548695,0.040954811049233326,-0.007491811481944788,0.006815033173250053,0.02318295276527291,0.006387108054016735,0.015335252481732285,0.007097958559893052,-0.005205329607056079,0.008028126428675288,-0.010654540301017514,-0.006682720926339234,-0.010231247492210478,0.005810072210054373,0.013221994758563418,0.012523772646298476,0.028452772652221847,0.006125546813108164,0.0018099263705418573,0.025907072358840388,0.01979632236047568,0.019069888288801604,0.01526820049635567,0.009832781467101148,-0.004110150962616185,-0.009994946244257898,0.013329910267269787,0.011914053407835105
2024-05-17 00:00:00+05:30,0.007939385016949506,0.004017162302808446,0.006178167170756377,-0.00620006572970424,-0.006975714574863909,-0.006894995968815091,0.008575303063877068,0.003592818631325018,-0.0014758265340595956,0.0024908534690407003,0.0017975919045494903,-0.010327136203433427,-0.0029314252208952674,-0.007073829439115013,-0.013970104004048004,-0.005721974838099146,0.04238446768379889,0.015316420041754956,-0.00048331641224756743,-0.00044471104194446735,-0.009966344550687145,0.038625038040685844,0.0008792191764751183,0.01806102866340743,-0.015637719367268467,0.00415539578961324,0.008578636542856228,-0.005202817445246376,-0.00872957694196693,0.002591769868425122,-0.001794595236093397,0.04232511877239341,-0.005889604988787774,0.021288132181055772,-0.011151198033650904,0.002633101626298931,0.005539703492708278,0.020020974160909658,0.0032091217090971604,-0.015763024659174032,-0.00977815540591369,0.011759881570613381,-0.0004865085591553677,-0.004333068008683551,0.011178275231071793,0.004035444516725217,0.007341642577661124,0.06952137272372462,0.05879070232759266,-0.0062464230397607555,0.017536005445873977,-0.00042091164576649697,0.02347011319441165,0.010144867916369427,0.006037351998361061,0.014546330443291261,-0.0014473183111594066,-0.0028504554605886714,-0.0031894853886799994,0.004845605686611496,0.05848566279976538,0.011444456255498022,-0.008575611408206467,0.12210012067409391,0.011005750457827796,-0.009300335996756368,-0.0007205436233314,-0.010374740319075594,0.02882426773123338,0.002077815936629863,-0.0003996833819392774,0.00525338300800512,0.007235200958637137,-0.012472455668295893,0.01636817791115196,0.023859006888053945,0.013969502729336258,0.019889369373609286,0.07915862642735172,0.0072400383375319285,-0.003194602035755718,0.026228589030318657,-0.017285350977206987,-0.004145881736318475,0.005400664947212185,0.008702266865375658,-0.0019514737889228305,0.00814037526955954,-0.00046316280249761126,0.008211346930280625,0.01849597826237558,0.014790588089225195,0.021926145602616468,-0.0074558858538576415,0.04116297839504399
2024-05-21 00:00:00+05:30,0.021034183636958775,0.02504244707578081,0.018453127036661094,0.014272982295319576,0.036605590167570645,0.06704632139837133,0.01756680266528165,-0.0008065587802852307,0.014801508651013554,0.004899464572161495,-0.003247023479895247,0.004545155283848775,0.0022938189094655692,-0.0013891754906820454,-0.00901183056987351,0.015563041221903601,0.09944057218382817,0.0246808847770136,-0.00011149691058765833,-0.0046744242721086906,0.01778931724029761,-0.01780321642475073,0.020870254712266546,0.005780910923252926,0.030445556320554183,0.042466512312665954,0.0037632088417040204,0.026694158129080423,-0.0034113357704329303,-0.004473206385552795,-0.029954055167826288,0.0014701605192895231,-0.009464730156449804,0.009445154829613615,0.0065044845048559405,-0.0036264924258356942,-0.008100070046261199,0.028911125893569863,0.05657336564958156,0.053813807821132105,-0.0041675895291694385,0.22794388386919934,-0.008483480736265744,-0.013082749366613466,-0.0034438693623893204,-0.0034201347889073913,0.017223568650787356,0.059997915838051336,0.029011014647974547,-0.0070524957115194,-0.011702676552515464,0.016697650882033958,0.01747819265350911,0.05129560574486374,0.0015384548043515297,0.0010015222604750618,-0.007066950317139028,-0.0028439519175449484,0.053470469458128764,0.03508989532715394,0.003196069052055688,-0.013394754803504652,-0.008110764246466586,0.054858274028807816,0.01776437638213549,0.006236947490122544,0.009505959463008059,0.009429961409028069,0.0021339504363746234,0.039140892781080405,0.010338126529092908,0.005499720807279183,0.00029597728042358187,-0.0031774756693275495,0.017245000869988897,-0.01811945696450421,0.0006955164919820068,0.013670274470364098,0.05034491889230425,0.015529709266339968,0.0062166974269064245,-0.01315582518703897,-0.0036319853259175615,-0.0011421015976447683,0.012300911989214491,0.04097737407172677,0.014072331371763386,0.004704585656904551,-0.006319244136246714,0.0070416398763500886,-0.010259356590417245,-0.0026428927751556215,0.1050894528632008,-0.00021694482357554977,0.034540102881725876
2024-05-22 00:00:00+05:30,-0.016047500364409977,0.02378674958549349,0.007493870868146194,0.003811253593764145,-0.005282801721489867,0.016624508870659374,0.0021347713806991065,-0.013557585084337923,0.011834455590893474,0.019548826099597145,-0.010293117678603287,-0.0017191228107800625,0.000252144660982982,0.0008841808968595795,-0.0028209545761710467,-0.008130820517582415,0.03388936065736385,-0.005449593472250735,0.0026743373133515384,0.0016952523394124152,0.0170985750617018,-0.003037329182593498,-0.0017226360886171423,-0.01771949267806453,0.02735590124215732,0.022271339786654742,-0.005354975273337341,0.010402468954749519,0.01595406960377573,0.004803429024654782,-0.019221125893577364,-0.017039437316074504,0.01757781405780297,-0.004095667060284266,0.0008566254823831161,0.0002741520394159075,-0.00923629996450968,-0.012884994945314367,-0.01313376078946678,0.028641312533322236,0.02403063184616943,0.040967735442681195,-0.008826036423377873,-9.108170113725755e-05,0.011661261180624655,0.007003455626364311,0.00029956468970269924,-0.021403308201761225,-0.000859077670017593,0.014296175753224274,0.009283625746794413,0.009148307176770128,-0.008318695289349639,0.008152434422220686,-0.0002795042206371687,0.0007652233801525306,0.009467465499839248,0.005766673476147215,0.03054365471663554,0.054723429303050956,-0.0006342474560098973,0.004643108289775516,0.003944336717384058,-0.011605074231024476,0.004960840555487118,0.003387307172455856,-0.007525518973589156,-0.0014270494833310246,-0.0096391538762004,0.00030713409773460153,-0.0043607838999506696,-0.019849907118963155,0.016933051947537595,-0.0015750527014356888,0.012835407666554617,-0.005998572860876939,-0.015499200268853732,-0.01730232461608026,0.05143151462188025,0.0022008411510451025,-0.001071308737378935,-0.00632818816894992,0.0030841195203266942,0.023846162711119525,0.013492472672815068,-0.006040617310715265,0.0048978160584912155,0.002026432536373801,-0.00671603892473798,-0.0036837155730646623,0.010714243999638887,0.0017187049691432708,-0.009604559489256637,0.0008674282495505474,-0.007100094237591449
2024-05-23 00:00:00+05:30,0.0012294838770979745,0.011570891107371825,0.07550781419693184,0.011903527893914275,0.04618852493101668,0.02837380976634969,0.021023864252581168,0.01721574568153706,0.006218249492688633,-0.0010946224310008042,0.034264050581945184,0.01777302114209478,0.012099213516393443,0.01534927223903833,0.005064654086995414,0.022156373836946023,0.017130410065504507,0.010792448897181964,0.019214717940551764,-0.002399722460994862,0.0026070337177892906,-0.007751602996997879,0.014548782078377441,0.007453813752811443,0.00461052848598402,-0.00880884588763664,-0.0004131563006555183,0.013326865860077261,0.004239401522987367,0.03297225413070996,0.006983660084285499,-0.0014956036835388853,0.010968714778877715,0.00701381434959987,0.007787599364453398,0.022631165925619322,0.009324787531277036,0.006058883817660828,-0.011385869030399632,0.005814941861948578,0.006569334291750026,-0.04150743066561138,0.020841578804286994,0.008280341954956475,0.0032908854026608217,-0.009818715927250763,0.005971945208723104,0.05993789644133237,0.006975977890965336,0.012025240791576488,0.01022131616935445,0.013041150465284819,0.0013094993259164082,-0.0033925592598414316,0.02784846094750731,0.005574130874556274,0.011564470339414686,0.03535577420064904,-0.023244072384194233,0.015196996706695533,0.03436806873066077,0.03169571618630496,-0.042959066746579296,0.08240500527516537,-0.004154724686428541,0.0020230444193238026,0.01941451655304362,-0.007249842562088667,0.005687658718227021,-0.018121859520281346,0.006336649459229688,0.0021422150445081383,0.01724004633421558,0.013499621772806794,0.029930078251608063,-7.97069637957024e-05,0.02689511465573986,0.029229367214027666,0.016804668530890014,0.016173769735383668,-0.029134722403495475,0.015217502887940266,0.015908723055222514,-0.0021444273154765923,0.0032334839578253096,0.012614767098999993,0.0053225134971125005,0.019954020908618548,0.010883858587619026,0.011042825821114707,0.02748180309079596,-0.00779072324088127,-0.02980326531278311,0.00970783667331537,0.00498466549407899
2024-05-24 00:00:00+05:30,-0.00016021560912313272,0.006436115061853498,-0.0006940229261387255,0.019841023490931413,-0.019060175283893494,-0.006133980396147545,-0.017475943572051095,-0.009373597069577425,-0.01003731277722257,-0.023012037118249225,0.007481006436424217,-0.0017027767303351834,0.0015004111598938307,-0.004205476324391224,-0.01645385772638784,-0.0011147876249462906,0.029710214234162088,0.010218704203586467,0.01046149592681237,-0.0006856159271366424,-0.007688671000466962,0.017299560460012575,-0.0042571292382894725,-0.014408571670525443,-0.0018147923015034613,0.007412662134960063,-0.008179278779340333,0.0022828245805958085,-0.0054321181145201075,0.005773653862623015,-0.02109902010573569,0.019758616757910838,-0.00737543728680595,-0.005230072948530739,-0.006188035415789879,0.016346921050501027,-0.0009730334316774937,0.01907109740721069,-0.005259108328375346,0.04285713445833297,-0.00566137029157691,0.0023592365001228774,-0.0022502473319671807,-0.0009032339000649638,-0.011737332931265738,0.004044314119857437,0.0050482719753882944,-0.013495418166532776,-0.016947922721418904,-0.004970284850664418,-0.03327100526663152,-0.027585756277676555,-0.009147523747464808,-0.004525991011699243,-0.006410723328154702,-0.0032821115180417474,0.0017475222690683928,0.011232470921066771,-0.0014071098619023077,0.0023234576955211746,-0.01135116943230828,0.005054876958670294,-0.01714381955771661,0.01627873407386024,0.0070927500060781025,-0.002590046272752727,-0.0007057361148322835,-0.005753910852669511,0.050902640037791276,-0.003444444798053487,-0.0015804805074926247,0.030605280782401625,-0.003910640839606903,-0.007318719916280305,0.020180966819474656,-0.008622594244213206,-0.0012297193494705718,-0.012057462845864257,-0.010650292059598374,-0.0042150797379573056,-0.00563422593411272,0.028708479083089333,-0.011352363941422335,-0.010907884168780368,-0.004350992720444856,-0.0037105355324791958,-0.011845682406925332,-0.011552400575073465,-0.03029191966807499,0.003579804998037715,0.0059358674140217015,-0.0026992768320430027,-0.0019512161878888154,-0.004626399153324289,-0.009296837994561019
2024-05-27 00:00:00+05:30,-0.002835929384086993,-0.002125665677968772,-0.028740337676477174,0.0014781458640387081,0.010920987734277882,-0.003045599855434841,-0.004417077914471189,0.004209680458878399,-0.000852583470029394,-0.03191602369304942,0.011012393958406485,0.0056277024865778085,0.008534540327089894,-0.0036902493914671253,-0.005449361184117343,0.005931284665893352,-0.009296131435748084,0.0029767180859469992,-0.0029933926088816917,0.023277399575868423,-0.005443554038812809,0.005854318326209668,-0.0017078559196462388,0.007151611724543059,-0.005261076144934665,-0.01316007477430305,0.0027931690842887716,0.031717957149176725,0.0011840895059349195,-0.018120821672794274,0.004092217005137632,-0.009830469469947579,0.014094915337587423,-0.02084255130168125,0.006003339788672151,0.006896900756131814,-0.0015050797233059792,-0.0013502343718967528,0.006809359578930107,-0.004714296193951229,0.006500228841046175,-0.04933568770719662,-0.0019010999583396727,-0.022142290696104423,-0.010833424227141323,0.019549648977170934,0.0005921065903262807,0.002984583265387513,-0.012434736855282211,0.004256757119176193,-0.0008342361220168704,0.03347970403078777,-0.007400822395065798,-0.009302256599404278,-0.014749745945576372,0.00442240761057721,0.010748355144765293,0.007172452373450765,0.006099432323018118,0.01016663622649674,-0.011952086254415756,-0.007284014870850185,0.018574883263073733,-0.013435654346913456,-0.014236080741896955,-0.0031862223433427313,-0.019968677304298757,0.015971751503131452,0.04289863880878553,-0.0026696924906879907,0.024220061004884004,0.04404755575720097,-0.009502839559302746,-0.018304080523068485,0.025014444752048687,-0.0016218588758908296,-0.007325890981986581,-0.009401111897031007,-0.0325455696806975,0.006136125082868447,-0.013987114336544572,0.004924209461783284,-0.0006365270561139637,-0.009468722899060558,-0.002574936390778818,0.003710535532479155,0.005996782263376099,-0.0026409586754065823,0.01621202022852714,-0.00710838005872288,-0.0005474341577498212,-0.001168715921794089,-0.0023900100736710533,-0.02445266408334197,-0.016397797946798857
2024-05-28 00:00:00+05:30,-0.019805742377520526,-0.014823870952666395,-0.013776179459725658,-0.018754705502175232,-0.02199827342384852,-0.037511190558945834,-0.004516104986238781,-0.005876453100493451,0.01345223752705578,-0.013959679919997319,-0.0030374340935204742,-0.000995059353562833,-0.003260976872299308,0.002409679899463124,-0.017133343338941526,-0.0233720310028261,-0.018336579479686775,-0.014663784185120585,-0.00965380054274877,-0.01598250130853881,0.007321213303381653,-0.033663218638167146,-0.009014937511636161,-0.008143436216927312,0.0005407351707190671,-0.013848123892970769,-0.027069275203046153,0.031654019586324265,0.01564493793120368,-0.00467359008594305,-0.011225239254317544,-0.009678684901942715,0.0015413812303484691,0.020576190694507553,0.003761435556925431,0.0018311681796339193,0.024854678234574268,-0.0008216045334219426,0.005076762721672507,-0.024130135556987703,0.00479053496752111,0.013209895706004948,-0.0025259024954869956,0.007119358382692263,-0.0058105971497494,-0.014997327320038488,-0.011013463477703374,-0.0235756398734144,-0.028560581932007407,-0.002926644395907266,-0.013231070621700834,-0.0132087132987357,0.00596909685834849,-0.006345096872412542,-0.008927356231292012,-0.004304985708485399,-0.0012476573480123883,0.0016962398295006693,-0.019542089968987698,-0.003526053226829286,0.0014504276347306086,-0.00680281135545006,-0.015349784625002052,-0.03169663251356593,-0.011564015657939335,-0.0033389133945983624,-0.012138927864536412,0.009212855771944629,0.007667353604964935,-0.016330293744447236,-0.010475442105104413,0.002070628947215872,-0.0068779259369263455,0.02834916490641076,-0.011900758268861947,0.008597647356899869,0.005739733815527866,-0.01084844720347806,-0.030724649396843183,-0.0030632811358195537,-0.0007847171516047618,0.0009329671202114232,-0.0018603862775068449,0.0070073153138168675,-0.020726659736638682,-0.0034246974675423074,-0.011040677908346778,0.0017614378714449939,0.0043029086609716735,-0.014218543955042502,-0.004567621912839811,-0.01786603760856655,-0.010386626380592932,0.007925109850998284,-0.005257082300552477
2024-05-29 00:00:00+05:30,-0.0042965957366867666,-0.002208138255692087,0.004536421404938052,-0.007447221235804766,0.0067603589771464655,0.0005154609175009646,0.0007144470484953969,-0.00017790221936339013,-0.003802970437060278,0.0005362131361268487,-0.020187177804372534,0.008909293387285792,-0.009700591098384335,-0.01877302953688972,-0.007503263704791441,-0.0034110340490599816,0.010494719120034222,-0.020234284806425924,0.004402940660378962,0.0019649788316288444,-0.003959860761286682,0.004359327114904916,0.005161319979839337,-0.015439533867869842,0.00948548455384266,-0.00246373159478505,-0.002075365768055064,0.012647076284076233,0.005925064327661184,-0.005369770325176576,0.00959042802935164,0.0009969896219737037,-0.023874013298859357,-0.016422680326509308,-0.003909311605534804,-0.014611293500002598,-0.029117258865303114,0.00412771530999729,0.03462038355443672,0.006354665015884541,-0.009456222938418872,-0.006302140463803548,-0.02238802398339814,-0.023701542704922855,0.004535216166692396,-0.011596478218619671,-0.012044799123714355,0.00027743250613578073,-0.026736899509985,-0.011035106369144933,-0.041223603971634694,-0.014378123260785348,-0.006024557788787048,-0.013437689178581654,-0.021670621648922216,-0.009317478972110264,-0.0010547886579067205,-0.006417126744942934,-0.017574836644019043,-0.037814615975643534,-0.007529978945121965,-0.002339141938166511,-0.003731883744348544,0.1003311511841819,-0.002191694412791322,0.009943450676781339,-0.008971834835722402,-0.0035663712409569914,-0.013726306930927568,0.015543534713590466,-0.0011707270023447079,-0.019932071371576092,-0.010649036958677364,-0.026507043024175517,0.03935614638392535,-0.01213119949801997,-0.007990275778629562,-0.017027322592421856,-0.016519062223447477,-0.010279470500712495,0.009545290541942425,0.0009766945159844366,-0.009485263209379338,-0.0223837107059276,-0.009313037465318436,-0.003723288505303105,-0.022026188227623433,-0.008542251837494783,0.017655580677709917,0.01209111834814011,-0.015394567701664573,-0.027412242918925397,-0.00153980404096877,-0.011578648740914809,-0.007817964211264064
2024-05-30 00:00:00+05:30,0.008054622432904047,0.01267615432028642,-0.020006699679319135,-0.0025036375692607336,-0.018973184650439852,0.0278026588548891,-0.01753092185705927,-0.023480276040586154,-0.005688328504761134,-0.007151031683196442,0.007045581189391741,-0.011275888052422307,-0.02834830314831688,-0.0296078161781724,0.024379949195606234,-0.002090218536277746,-0.005147744906396241,-0.012387921437296896,3.631174750155294e-05,-0.016739126198815665,-0.005993254116717164,0.023758615794339806,-0.012953524302275234,-0.022461040010369904,-0.018209095550622372,-0.008878909077859983,-0.0200580799771229,-0.007945140687887093,-0.021391163266396316,-0.0005164133160499631,-0.01511225302755958,-0.006498470946017404,-0.019934253648907864,-0.02334808284503034,-0.015829330144726386,0.0043331547398563815,-0.019953988705373574,-0.017554337404068678,-0.014495510123506366,-0.015058069225376669,-0.009312721237880994,-0.06575683918578941,0.010561017360143013,-0.006723244360216522,-0.0166124913017174,-0.015404753137145968,-0.01896075881960417,-0.020734927105214997,-0.028391895471869585,-0.016328867672497877,0.03288553269044475,0.007913060810701044,-0.02038597398128163,-0.007102397720559257,-0.004161025895641835,0.0013321968905691684,-0.022302624276380297,-2.753612023416837e-05,-0.005021047262627834,0.018669154870120927,-0.01597352438419501,-0.015019982537219098,-0.010575381274174428,-0.01871532490483829,-0.013530476341583468,-0.02925837527743364,-0.019126061727839545,-0.012657898925887274,-0.019099006140619712,-0.03523731619356723,-0.004696724678796535,-0.03762190827054161,-0.011114693891274657,-0.023453789131917917,0.026721612679116144,-0.010446973899897684,-0.030767675305209456,-0.004592357470117902,-0.007179314851806412,0.003882263574760882,-0.013512531514641938,-0.01025719091791594,-0.017918764368124555,-0.0038345714529964075,-0.01747890433688274,-0.05971036598570078,-0.0360898575888051,-0.03263839766081251,-0.020904584437357387,-0.0044403525012494055,-0.015539101197730058,0.005925270282072659,-0.03005656293560122,-0.031204983491792626,-0.020109965142841735
2024-05-31 00:00:00+05:30,0.00642843073174539,0.02092455939131998,0.06575579862703018,0.017683643876930725,0.03821942751359647,0.07898486305240786,0.023780134142695065,0.012537133306191732,-0.0008672347708547779,-0.03265378920722814,-0.004978293523169611,0.012878669826827416,0.012205232814819986,0.0029482265414772692,-0.004121869289416853,0.007768807994980083,0.018070875497879262,0.0032705177552716596,-0.003200131211459137,-0.007101192997437262,-0.0036132697620002274,-0.00612008617884662,0.025317815039597184,0.023025050925457893,-0.013316058231629591,0.018596154510884103,0.016814434476399926,-0.024221343908393384,-0.014041583817451677,-0.002004826078863936,-0.008061265096992813,0.02427668550395389,-0.0028298831461699542,-0.012421176192843195,-0.005835889660685583,0.010963882477909952,-0.0016354591190841593,0.02801961789788635,-0.00837855249590646,-0.00048249523476143533,-0.009550419426559292,0.03065797594091276,0.0065780320123421,-0.003410192278788629,0.0061155646385801805,0.00035893992140990314,0.0027747499694852434,0.006772098523734772,-0.010189989316824107,0.00530950584014879,0.006430193547080385,0.009836139442237104,-0.003571000605073403,-0.002962095724566258,-0.009825271555293932,-0.005755839011745207,-0.015039622585685171,0.009474405067440565,0.019342575250114666,0.04357137409807762,0.005100346308911203,-0.015898076251292557,-0.03772071468967999,-0.034282577704631584,-0.001947995035853823,-0.020968565697815075,-0.008850443694722918,-0.009818669460606898,-0.01611477438220609,0.01070205419190252,0.015570593959494814,-0.018425447277166076,0.0038876183098000283,0.004590695086092547,-0.002970617707278372,-0.015349276814518862,0.022054884036730817,-0.0023937774324001414,0.021220169033469263,0.005434161199033691,0.00047968471812983877,-0.023401921337639967,-0.017591916953771963,-0.006533604770226626,0.026448548879103178,0.01840997251786308,-0.010043338945310475,-0.009196054791101705,0.014195108038437518,-0.020021386381464584,0.004715870545870005,-0.008375398441803295,0.020656371919793363,0.002856711707626559,-0.023517724345902987
2024-06-03 00:00:00+05:30,0.04812024332848935,0.08462229442942634,0.06631685752626966,0.06572995323530671,0.09708572330280715,0.1458754444193852,0.056343190106546856,0.002053025778829422,-0.0051325812694729194,0.010911556059471944,0.05177071465312287,0.02722180241908687,0.03200816798800221,0.030410839238461253,0.00762798331597168,0.11421145065531314,0.07390272337730003,0.059293377582634574,0.013278795604054516,-0.013394664306226007,-0.0023194368552620324,0.06439770821082237,0.08329683223042583,0.037597144885630346,0.00355228544909326,0.0421565303335811,0.06353035162601584,0.003407042573330899,-0.0014772932674987445,-0.013313280863704513,-0.020869325046324282,0.12196204226815484,0.028059466746912436,0.022434037887327667,-0.007314802343275321,0.026195648735321188,0.0004545811692410815,-0.014789285125753811,0.009528755948577215,0.05852851683849681,0.011462328375054237,0.013226192372377432,0.03415418872141739,0.012510332204956055,0.009103676440783824,0.03369221142008641,0.07643643944487169,0.06082309047929769,0.0032069585432270916,-0.0007109486935953405,0.02568740815369379,0.07190330063892482,0.038705128645985375,0.02809927066188484,0.033553047177772306,0.022158114757650543,-0.011228654845398563,0.060244533172203095,0.052839995538370835,0.039661637057331535,0.049715860996121145,0.006178856461061402,0.01766692869556127,0.02283665087870658,0.08742910405620805,6.376765174422654e-05,0.07205229795979423,0.005072177778534898,0.11921459507278385,0.08543764610042325,0.05668624430940185,0.11700792068673829,0.05437072291173943,0.003671769164282236,-0.01197228477615935,0.025152471363613906,0.06380675702999902,0.042985305470437406,0.050950148309783484,0.08680566340230174,-0.004634625177875529,0.03194940652076024,0.008652379508029072,0.008359278049479129,0.044337286382488135,0.0413003934678378,0.01366326649584841,0.0059356063360982,-0.006736256001293708,0.022351266563684694,0.05441953760268338,0.025772509222156396,0.01729408768899194,0.013374357967933924,0.031590878869367005
2024-06-04 00:00:00+05:30,-0.12964334424851864,-0.22310261896111108,-0.21459024140608296,-0.21362083254565506,-0.2376185846977076,-0.19031222141489026,-0.18662413362685187,-0.0009404644484436378,-0.003074590772129924,0.04482603884299923,-0.07871927845291908,-0.009546778099166958,-0.060502102636544326,-0.0645470157297021,-0.010139437090205164,-0.17912748157314135,-0.22067512610571116,-0.13814199001375943,-0.06796141574603265,-0.01481777768187663,0.029984567781398824,-0.09029543843949693,-0.15486570708563416,-0.04544343298985142,0.0069985427256413005,-0.14792443643881828,-0.130257685996403,0.0005204539722640064,-0.009119238050907327,-0.03828654237011008,-0.019859607821882,-0.19294967794281517,0.03160397088501249,-0.04861291363284194,-0.00832685807453728,-0.058307748343443766,-0.028861879902380757,-0.05822633562660521,-0.0697681984541484,-0.1963817427129435,0.05788692487808186,-0.08547227014504474,-0.07940724079425066,-0.041065469768322045,-0.018257154902091212,-0.08353257162841525,-0.12630477504192655,-0.1358400700820732,-0.014220287630384635,-0.008751531465689438,-0.053732450933139594,-0.17436792148503738,-0.08364999581977402,-0.0965261019974311,-0.06721924525395268,-0.04774454222863278,-0.0040409406052098334,-0.13552928793410818,-0.14034523572652288,-0.09497533285173182,-0.02346990585319138,-0.02434796793606301,0.020117841393201313,-0.19536054717322693,-0.16787824014989627,0.030402931164427764,-0.18422405546554835,0.025667794027495618,-0.2624091590741704,-0.13181934630822081,-0.1720099453802767,-0.2902769185228803,-0.07780091079726084,-0.038571225012536445,-0.05007910994667472,-0.016993072319518233,-0.10426945749346575,-0.13236951208393516,-0.12455018649748163,-0.15553187805652646,-0.016095268054034537,-0.01728183800082876,0.00327593389848891,0.01655761941683763,-0.13323413574352633,-0.09190143610099594,-0.004869725325009751,-0.006846006997987129,0.005975552412361608,-0.026968053695131552,-0.05413722555688003,-0.03520843184975981,-0.09141901560838228,-0.013488504653501593,-0.028147306454858117
2024-06-05 00:00:00+05:30,0.018857871552303777,-0.026850691539010905,0.05750677458058375,0.1053392384128426,0.08120312292070454,0.005104905524875958,0.07324777624383844,0.015101710945953641,0.03578071119724375,0.06664882379684521,0.045997592503794316,0.03772521819158367,0.04902747060893265,0.02697984692007713,0.014447368001126663,0.04624531112213275,0.018608738305093353,0.0015500004822652177,0.03377715448157934,0.04366476602091163,0.029886237044932092,0.0010361017222868473,0.047553960912788816,0.045327072727338304,0.02324813502827271,0.04133784149745788,0.042403996801045944,0.040461698896422295,0.016157815925850007,0.018425988131801293,0.06635374971182119,0.02516662130568952,0.05647838357142732,0.021244980616899167,0.030335653696016814,0.04524738464040342,0.03221932888757402,0.011105661910240837,0.0687618205687971,0.007254273304656873,0.04175884962378403,0.056997618114829764,0.03413032204022037,0.059511739995093335,0.0357221992478261,0.07726842305645268,0.030281227157846025,0.009052674675641893,0.062073567491881004,0.025818023249135607,0.06540205761986385,0.09517874459498306,0.04250029168293464,0.046896328471462086,0.03728963281535973,0.04777359611654699,0.01249030187015556,0.001702776421934493,0.014498089889167934,-0.0053449329298587735,0.06327097843029766,0.02646568335894029,0.05178947887050178,0.04334626279042962,0.029009186477154454,0.03325820432616942,0.04630829869708396,0.033398566317879304,0.04669567003350138,0.009583680660797782,0.05481979234320911,0.016014386232488086,0.016660963065618428,0.03756461114876618,0.06732669468549513,0.023758148764053508,0.054551385564359865,0.024194392212913394,0.029116261417110264,0.018595322648214133,0.03939283355608655,0.06153263069412219,0.008430033088261586,0.04970970781134302,0.05643516319438043,0.06249175874919023,0.022026087443926715,0.02400751274510644,0.031567649220447073,0.07749097691189673,0.012006234700574157,0.05545887285701659,0.053241783593090494,0.030014020294128415,0.04391007307345915
2024-06-06 00:00:00+05:30,0.02212714563157116,0.050554844018629655,0.0223147963786535,0.01968091910581473,-0.0012189152564149174,0.03076118783921645,0.018446335187904145,0.004597821436654145,-0.019415847058987124,-0.036697948723511294,-0.011505433413484817,0.010277986495319667,0.012955769470700105,0.00574875359876558,0.01006249129281128,0.03365796173280722,0.04982295858911925,0.005234806895764365,0.019338127119571058,-0.0070011713106358335,-0.008456029568645024,0.04448300561098582,0.024014913942419218,0.03597661205776403,-0.013416661982670976,0.026568386617663385,0.04073906245281698,-0.012020465545017806,0.011404194517248858,0.03027522867923028,-0.0008164874940968601,0.06328867703565312,-0.01742739987685645,0.012889182429391128,0.039257885826948634,0.005077892693298836,0.005960953249786523,0.025823799493915476,-0.02586200599825212,0.06683549322654192,-0.020632077114141518,0.016048413806416185,0.0015772737239382615,0.008762733923074922,0.011782618469342497,0.01833317772364339,0.026949119306246796,0.0388855546209325,0.021393927840005364,0.029047537299116542,-0.010983416955648272,0.026832571511818993,0.01098213511747818,0.02289122331462722,0.01093531424620557,0.009615466876606598,0.023480573109128343,0.02134585457232059,0.04100034877507439,0.0688257925317024,-0.01510836357424782,0.013576591323992119,0.009501672348129445,0.12180128500940243,0.02533610495970304,-0.015438308514023218,0.019208336922670988,-0.02462001553152862,0.054720275494231495,0.005507132607786534,0.016683982993635396,0.06447042576465578,0.007607784231275611,0.03724462991762182,0.0026271748885631145,0.006072221414552402,0.03593367237644474,0.03990123240963505,0.0186691867020328,0.03386148642624016,-0.00986493988932202,0.019537408154024022,0.02216041237139838,-0.002190737655683887,0.020484167972612405,0.016703839707850932,0.039125195191503405,0.001204904619849359,0.0005753885741336662,-0.00518278217389677,0.001677232870055473,0.0036079251319310972,0.020660855202431817,0.020822680202897865,-0.003486783853547182
2024-06-07 00:00:00+05:30,0.010678293819822687,0.01880219679416592,0.01058528744780933,-0.0005094323317683374,0.018962472382011437,0.023345880651483457,0.018273038125873994,0.008775597345734543,0.007852610993041518,0.012762158005822664,0.013445401855479601,0.0024810450444995957,0.03763220773919412,0.026664840333395504,0.029963633220550748,0.007040967647302199,0.03430358669989495,0.02643862913521657,0.039098490565135424,-0.001799246314341972,0.004236906951998316,0.011138472889178214,0.007598205612817208,0.0016084564288371432,0.013617117546033997,0.013023878634344569,0.017099597905019262,0.016750740402740622,0.028507147788128046,0.008911883669305376,0.0019040185778082144,0.022825538363582403,0.018198124303502726,0.019132701520527675,0.0240380138502459,0.00871365032436988,0.01377238926548744,0.008470863750563124,0.004197796882233659,0.016692370541165884,0.010999892458003077,0.0005088396094527236,0.010124999256048282,0.00992741340777504,0.00857582034149782,0.005741921092559389,0.003660730529852408,0.003173228034832168,0.016932820879540306,0.040826083570485845,0.016647436196656974,0.001358899633804342,0.02672020196087767,-0.0025285533481395786,0.010675526109121078,0.01089338577158248,0.03619961749987532,0.014241001604355435,0.013569889848728799,0.0312503003727382,0.05673341485655738,0.010783197389808064,-0.0036206029182247954,-0.0023756998773473478,0.030550678140449695,0.012485363798155182,0.03160007675223697,0.01110612862548771,0.023540299765791146,0.029191935581431426,0.009638652975017778,0.013578012827475377,0.026435601749952582,-0.011852159484666676,0.027496491250863665,0.01706551122608817,0.009310848198124251,0.011873667505311658,0.017724809472609147,0.015787609713894785,0.022923899532271905,0.003932778195322128,0.016454890849071147,-0.0037353797971969318,0.02742713940819427,0.03904167711218363,0.04464477338469401,0.036186465209055135,0.022375336865591403,0.017505135661433448,0.03979458456431225,0.012723840122116855,0.023613247535580435,0.04982256992290813,0.010281893330683049
2024-06-10 00:00:00+05:30,-0.0014006663380693421,0.006595583833023381,0.00017083639178473346,0.008599089301546844,0.003764250227270457,0.003448832237569548,0.0302008621073366,0.006983729115283819,0.0033587749854811512,0.006540238975551087,0.011060767994584851,0.0007707859549925148,-0.014362618434946132,-0.0012125914419785298,0.005452084395001255,0.020468416802811973,0.0007057637719702248,0.00465712945827256,0.0005612128456666407,0.005480718467972033,0.0045381022498125825,-0.013350645400230803,0.017755578499973865,0.01638397483287249,0.02441157996872446,-0.003030643299324045,0.004908106896590277,0.0026932194730997345,0.007372031149885429,0.004347916312174941,-0.010050315749695267,-0.021479653959286627,-0.0034024237170740454,0.027743560383324775,-0.008946712126647171,-0.007688289706300275,0.011041090996952505,0.0008081545011650679,-0.005822621425650669,0.014135261398936456,-0.0048414559844196705,-0.027251662648071204,0.0018704340701652165,0.014961587330926862,-0.005136690723785559,-0.004796921220226154,0.006132216129324132,-0.0034045575596216558,-0.0004576054012438527,-0.022319526653660004,0.04327393953865766,0.005893595711354803,0.0041027561038970714,-0.01451648244767801,-0.007960193224000017,-0.0046008946037651806,-0.014928514006572633,0.0031796437664888843,0.003213441284931029,0.028575925825653964,-0.01761744010304313,-0.007313519573753059,-0.018733151976146993,-0.009287829620505618,0.011854021010487192,0.018117049083276396,-0.004811979776814557,0.01599016349918122,0.004642364822010897,0.02063569390375011,0.001916594071718995,0.028573489686184166,0.0009860148418445657,0.00451349997813944,0.04906364766019947,0.04360266876178172,0.008431290042563468,-0.002701780000161614,0.0038976722926741788,0.0022265122759417464,0.00413915146564874,0.012055125848964524,-0.00909363487314459,-0.002292007784219348,0.009982686538006848,0.007739679943567443,-0.027412120615104483,-0.006364481835453077,0.0066562775684761944,0.0009765181388791713,0.03411415478919261,0.017914328626890363,-0.036588736120170016,-0.019379583821498333,0.028248616976817346
2024-06-11 00:00:00+05:30,0.0041220343279429915,-0.00875468202352941,0.0003570608091394248,-0.013195959687668238,0.01391944721515824,-0.008939376834899414,-0.0009374205553022369,0.008426012937195521,-0.002391692672599116,-0.01623472868121714,-0.004510161670143303,0.008150224921849926,0.006923440926513184,0.0015633961276847626,-0.00487926982663007,-0.005805443192955906,0.009831763448236656,0.0076048353522504665,0.0008411424363464879,0.013214841098992142,0.005333401341228192,0.011012063095859297,0.0016511694618237865,-0.020541006843680633,-0.0026105359868241855,-0.002830199037062115,0.009861630504628889,-0.013493900420945613,-0.011016527275642176,-0.005051675496117834,0.010159028712297293,0.022231619689634906,0.004312299910111445,0.004119358506321382,0.007058741968911694,0.0022392435476728313,0.004382441491456521,-0.013009372309040276,-0.005113634227648402,0.00908027668088714,-0.003514333415014776,0.03938436799632994,-0.0049955087953987825,-0.02090017723382439,-0.008966588763415068,-0.0004294251331632499,0.014840019695822415,0.018270385242327453,-0.0009319229940966949,-0.0026706888259810926,-0.044120380590103016,0.01317418328153961,-0.006352747076503192,-0.003216117318717661,-0.0002854959276453314,-0.014802685933931576,2.0218816611806566e-05,0.01538723583692948,0.009281093720296776,0.0022348101105224534,0.009923711390095607,0.011422683115806164,-0.011460569063360107,0.02398976272512482,0.006827883017901099,-0.0024557040637656676,0.05407737100698893,0.00042521444436694134,0.0013370664398166803,0.0023721877997713585,0.00636235146517746,-0.0011744672884670946,-0.010057807918782084,-0.0029716781385667437,-0.00958525667627344,-0.006476562837496083,0.005502663355652211,0.006469171598557607,0.0210756647369949,0.004498193534332151,-0.008862027457862213,0.002295324143661521,-0.00171189192782488,0.0022479344008377207,0.0008924284477000694,0.005752018642319482,0.006766341922891967,-0.0033660343085948684,-0.0045319425431398054,-0.012727992654585917,0.009862262076437176,0.0007761310112104539,-0.0007883767380611797,0.0016818546489327322,-0.001105659581608483
2024-06-12 00:00:00+05:30,0.022686276658406484,0.0026001677227584044,-0.0006832007372913174,-0.015395140486272838,-0.006792106002117587,-0.000852463109556381,0.04425810856936502,0.009880698865349322,0.0011535407339582021,-0.007408115387154025,-0.005624231431862261,0.009286501695593878,0.011096686186541586,0.00689472383874429,-0.003782972195262178,0.03081583332765897,0.014912566391377073,0.010077340456446244,0.0077818237987153,0.007583293419602731,-0.014319917108960169,0.006249354103914792,0.012786002678344939,0.01987908831015584,0.0069680081299302405,0.02559603009021317,0.004371253489339908,-0.005174739602177322,0.0034381580178118386,0.01914872068935626,-0.024033990986542186,0.01889394515860748,-0.008713973747753446,-0.002751212639596129,0.006939770679658955,0.005957370671167871,0.0017475916307872976,-0.0014195775673607456,0.001410752953742835,0.0066491229852583215,-0.010875320941575749,-0.011987504135517166,0.0012065859692499542,0.005847942796081499,-0.0016179628082471247,0.004200414882103333,0.006894130061397829,0.008420831267267939,0.00470664057826785,-0.00707827600417501,-0.01594053836826917,0.019018621907120135,0.007443973995165686,0.018462528417202022,0.030092284004368818,-0.0024739999896259343,0.009650457363653846,0.008742591518945563,-0.008228865124195255,-0.007639611224527678,-0.01707282099944486,-0.0011123663926091163,0.0813359368874397,-3.1225537421841465e-05,0.01055904821372029,-0.0018310204482124542,0.007103299440178173,-0.030991181548682706,0.011446200198300067,0.025266505665963106,0.010567165797768174,0.01139209968379098,0.0045547555181714786,0.017113914798898424,0.017392902387879175,0.017400707964790138,0.013314015443886548,0.023521999184810415,-0.013772216202263411,0.004239676105789351,0.004722875992213433,-0.009027512175636914,-0.005323041608623547,-0.009689218438820273,0.0027837681514360666,0.004950971289229567,0.015551398027585078,-0.00836158893055259,0.014797051505915303,0.02445096739277842,0.010123768176178667,0.006763164689141546,0.0011260290025016891,0.0017839806191667505,0.011091901476106896
2024-06-13 00:00:00+05:30,0.019800274578544285,-0.002796631660383786,0.0017846119050297603,-0.016442162767785793,0.0075044251785908915,-0.011081960058730028,-0.006300700686332589,0.006076894026749518,0.0014443616334242088,-0.002166613405633758,-0.011216843825375996,0.0019316751606804575,0.010639068271164722,0.006941817250196057,-0.01172011714316338,-0.0024730317740814505,0.035174476956761236,0.009734816927668836,-0.008833297329357098,0.03201335987646945,-0.011064079481989193,0.002398950388348458,-0.007110572013474261,0.05514510864335404,0.002333563931215946,-0.0016383528418046215,0.016495843408275177,0.031210161078959738,0.0058902677418303405,-0.010184374473894382,0.029020981765518997,0.013325977928385037,-0.005307640544895819,0.003219236677910291,0.0037462535738532836,0.004184042694891181,0.03567519623987797,0.0044974317783747055,0.010039974571737203,0.04219396378842885,-0.016467347022422182,-0.023298640389266122,-0.010957197891843845,0.004641696190120608,-0.00463719651539252,0.008178650474262986,0.0006512782972649572,-0.014512022660295018,0.0025885858197558726,0.005874186137346749,0.0005230446181916953,0.014049204722589387,-0.001255084430611351,0.01309874310021805,-0.00041569473495493543,0.006159033350525807,0.019223775923881217,0.02000354269892043,0.003848540418864937,0.04778498949670282,0.02625272153805603,-0.0001945897313562084,0.02220985752025045,0.05772767586397875,-0.003642365735996694,0.005678929498038883,0.0038040426974354025,3.25824130435227e-05,0.0231027596219835,-0.009905700055967278,-0.007164011730664058,0.00973064055242648,0.0013146545798572156,-0.0019292188587785486,0.017273207667411018,-0.001749961365460787,0.04470151505541555,0.04582487760016299,0.035496597284204755,0.005704177116332003,0.0026179588740806166,0.00869984505117949,0.012062774428309561,-0.008976289694123483,0.004991501021397326,0.0018092930891561814,0.01329957873505397,0.0262324338381586,-0.006448949713175585,-0.0008356479275762391,0.011611924121442145,0.013264226129862307,-0.010067308548212379,0.011881346226429845,-0.005897294464009597
2024-06-14 00:00:00+05:30,0.06568046560884418,0.002110446061514765,0.011796140761739094,0.004855927386911205,0.0227993652199993,-0.009396546433138454,0.021946151179647506,0.00022554737698507533,0.0039782728238544705,0.017730343808809505,0.005433680053890175,0.011951591641587432,0.006367732248027737,0.0010371556412621203,0.005967566631442262,0.01247915990204504,0.028503148545043964,0.011717788798968906,0.001156577444428238,-0.0032535357730310286,0.0026361429360128824,0.031037075999769917,0.017619788346261604,0.007561374228486783,0.012993317127295017,-0.0019489883869429796,0.0051921949824318,-0.0010673183886091842,-0.0017404018556496136,0.02744463177677861,0.0070047326875900375,0.009056769973421674,-0.011669389553684217,0.00533533773777503,-0.00911251326676105,0.01016472727292289,0.008138675036022362,0.0005438462192286735,0.004251193953058541,0.01958268694542665,0.00661529522374409,-0.015739014213004183,-0.001536285580949377,0.040198724603657664,0.0019734970057797784,0.040815117848409674,0.008310993356001743,-0.0018860004290679087,-0.003797093395309006,-0.0033860151568619106,-0.007523661280251264,0.03596678489913378,0.005879610185575524,0.010698806720012152,-0.010587960990208117,-0.005314259610468364,-0.0029069448555671547,-0.004288810595342078,0.06241297473250928,0.01185473470374123,0.023108684026976977,-0.00012837704860956884,0.04164635182009272,0.13440311739833846,-0.004062876080685571,-0.0036316086024967107,-0.00416727145540046,0.010083401102259651,0.012825758753987252,0.0001554850046873927,0.01855170006337573,0.021155303864389945,0.008359492565498198,0.01369971886905719,0.034134603790677044,0.0017171996524836786,0.01766887080113349,0.05184606582127357,0.016173633484920104,-0.0055850199800548716,0.0034359859196537563,0.025155598629721658,-0.011958307492943465,-0.0019308916204249106,-0.007217922743406282,0.0032266187087729293,-0.01267952468406026,0.016523626430550137,0.002501383749933967,0.04318347098608431,0.006156168586141647,0.037732203382057704,0.01757988937255296,-0.01062406912579675,0.01731830066840688
2024-06-18 00:00:00+05:30,-0.017107969547895462,0.006597195393008853,0.014397293887890121,0.004253770504446701,0.009945535500812456,0.0018730272985912272,-0.0045882594927273675,0.004620683677113031,-0.0010615419285452874,0.06124051645682467,0.009144714568241995,-0.0043813139895498175,-0.0009336073826513412,0.0038874673294073633,-0.0023212131478593735,0.003661422520319605,0.027556107365977495,0.00675916314699253,0.0006653150542419662,0.03200543469707292,0.00040778765362364214,-0.004073317052512623,0.008817898722621814,0.004929162684230292,0.006402250406573542,0.004303211734973832,0.0002275723069102398,-0.00526594910102207,-0.015567729798615487,0.00020264724240623324,0.012645200260975787,0.001936539540010086,0.007652227055818959,-0.005538895271652741,0.0042883876295508605,0.006802617847038258,0.004751906862086917,-0.006161982895627629,-0.007120054792424307,0.06204706857692911,0.002617725634923575,-0.02470201172840727,0.015436690875993104,0.008256322898891605,-0.005582024180640665,0.012304926747271946,-0.004530084429296595,0.005192487499425575,-0.009059064988978025,0.0062268203141259216,0.00743067029917256,0.03323332715062037,0.004549049129283522,-0.017444202229042968,0.0172178400545348,0.001280339889997391,0.011272482839960029,0.0003795513253388216,-0.009748799142488234,0.02229156435161435,0.011306447017552117,-0.022377408888966926,-0.027146069953826207,0.07468900670001316,0.0032516375391225157,0.0030828685173988025,0.0014513440747835548,0.004107560130523893,-0.004519487593219988,0.0315349566334872,-0.002407046120059012,-0.008862992059220304,0.002349100653040493,0.00248016731822748,0.03212081090043728,-0.002759983153479115,0.03509962150988308,-0.008035789898895338,0.015523110598934757,0.006769256640740632,0.0032598334761365713,-0.013146009247462653,-0.004433029668506226,0.01290576169484569,0.0067752640496090075,-0.011145724452957596,-7.285006884912845e-05,0.01656160642655803,0.0016467204975230236,0.021136128976694413,-0.011068118001512894,-0.008792548653461692,0.010445687954991366,0.029609680150672415,-0.027966231473138592
2024-06-19 00:00:00+05:30,-0.03710711126691467,-0.01848359004676418,-0.014351313801752386,-0.013514268043354517,0.0023501817288781855,-0.012779358415128268,-0.010888320580670166,-0.010121061253198808,-0.009225292954328881,-0.02113741421312095,0.028738246189897856,-0.023710621049808686,-0.013831287647212791,-0.0019104667966142119,-0.01017998184374459,-0.011728694846305246,-0.028525641276342644,-0.024225222745000618,-0.02552694915831526,-0.01468680327234421,-0.006544922279985615,-0.015498499087648155,-0.005924935013796091,-0.002409778709264785,-0.009570671828750613,-0.022958550800557996,-0.021857429360612995,-0.01875294538958178,-0.005867472571052396,-0.011276705899470154,0.05105735440012027,-0.027274031552349944,-0.008478056829237454,-0.004240784798874655,0.006000640936428783,0.03065476467165907,-0.008351547155718812,-0.006888349778663186,-0.02438322477180634,-0.0408524743059928,-0.011834313114595211,-0.01923144442357814,0.019054013751059508,0.008273972645529048,-0.011966392491747304,-0.007105375905768341,-0.016888047004825525,-0.014272541872611247,0.00886681521118182,0.008738778000003784,-0.01740902116779645,-0.011814249788715777,-0.011302615314885864,0.012204583588941723,-0.013583089496118228,0.015752866446255002,-0.004918159431601928,-0.02727127749135756,-0.023947435761358042,-0.02976927510975734,-0.009515348392925288,-0.02571196291131994,-0.0034387014524451718,-0.05126497648365672,-0.01953219574143708,-0.009573877684166909,-0.015529494278856094,-0.0017308260466824253,-0.016882369622301392,-0.013655279454268974,-0.0026468689561497836,-0.023670288326991126,-0.015223122049048098,-0.016662836302964567,0.010920675865218209,-0.0006811025456060109,-0.013698900163999514,-0.024873806761186595,-0.018579007045728894,0.009072191234803196,-0.011206925959622445,-0.013608103671404732,-0.003518561942282515,-0.019082337562326142,-0.02091681393878937,-0.006091712886323803,0.007120929692414841,-0.03592605720106279,-0.0004504633159342862,-0.00014942461970819014,-0.011169156859984734,-0.0011700811239044294,-0.008548381485465644,0.007897967514727397,-0.005017319124356157
2024-06-20 00:00:00+05:30,-0.0005503605092485808,0.008645231071126264,-0.0007513728639252887,0.009315844278983668,0.014394647548493544,0.006342817896247844,-0.011538890398092057,0.00037252550604523123,0.008196824686852788,-0.01474151941640117,0.010421175563028597,-0.005569956967084039,-0.0037185817476854594,-0.005595965122784139,0.005594279748870218,0.004392508292001618,0.008370936090228168,0.016827405673007938,-0.008076438732712295,-0.019582438913076324,0.0033150383931574478,0.0066401685099321305,0.0003300530335380827,-0.008271878478523198,-0.009630778299563183,0.010821034587536096,0.01695246816804608,0.005420920221139207,0.002448335957026494,-0.0007891685772307655,-0.007281229571012426,0.01066978160861348,-0.022341389421347738,0.020886568848693943,-0.001661381100278996,0.0069127042544446906,-0.010284258997496206,0.0014584834042875975,0.021062804467489066,-0.00440547854369324,0.010204104694460616,0.022015000887261892,0.010733442216422633,-0.006527832858645415,-0.0008265459243598298,0.034015006347901396,0.0132254630674051,-0.005325288147674066,0.006571050107748815,0.002676208603419008,0.00029564123711935055,0.012380031063688877,0.015938750254623935,0.008985753978710419,0.02003251915145187,0.011130359890880518,0.006473245479424964,0.00908277612371383,-0.003982721519034479,0.024479554744639594,-0.021585513276125606,-0.0075927864952280094,0.037993389876232624,0.003257152655526665,-0.013469557922129336,0.005408746052886318,0.0011042388480093862,0.004880302336243514,-0.036512242872609735,-0.008437537688861208,0.0015578300738296777,-0.01741215531681893,0.010264912725073804,0.004337757141122629,0.017023739160666334,0.009250707160014896,0.004985145268646304,-0.0017394601043874255,-0.007348520494022693,-0.010434247137017618,-0.022185766142396618,-0.004028199682768383,-0.003808226668054776,-0.0021277412818698415,0.0029344743649122526,0.012475964051936813,0.008614855631137962,-0.007654073073177987,-0.009558420573429283,-0.003674945819242291,-0.0084342529049439,-0.005715565300356846,0.04682905144709555,-0.010850428290456066,0.013967371595966865
2024-06-21 00:00:00+05:30,-0.016518756972239014,-0.005870629073214399,-0.021756970319575394,-0.014469814011221811,0.010897209133917687,-0.013134938207490877,-0.002582483936831265,-0.0009477467854525714,-0.008490738475424565,-0.011762366383341504,-0.001655230202222069,-0.0030934419668773613,-0.005152034985828626,-0.0038560156930067557,-0.0023129069467470874,-0.020725192860124208,-0.02253463165784462,-0.017802050970596544,0.024954800122660426,0.01084324169515664,-0.008992804246141092,0.0005145203286089767,-0.01731065482498491,-0.026161073480199658,-0.00213841601323158,-0.006124453629974017,-0.02126510621209903,0.004010587995037428,0.006784997324782717,-0.006459298506456517,-0.015857140977027916,-0.017722590519395207,-0.003090744263749217,-0.01315252853452245,0.0030437155999522257,-0.0021588653075286066,-0.012232234769624636,0.03711281557868965,0.011756185366595246,-0.022574492935532355,-0.016614577934022174,0.02591411025529845,0.00159798412197221,0.004878463856381292,-0.008779179128441965,-0.0014108298844663302,-0.014005316314469706,0.02306353938370546,0.016072781480219855,0.011351425631628767,0.01894795543705496,0.02313584843677861,0.007768433390466189,0.01954459607297013,-0.012802159697009341,0.005307973218794951,0.014345054259130373,-0.016677610013181677,-0.0033636736389418653,0.006921347304499664,-0.010943628213425094,0.004270882932448592,-0.0070315528780114595,-0.02239635742115296,0.005993416593165257,-0.01641507334048978,-0.008125760621506951,0.003823541328435676,0.0019715527217545837,0.004304444865591983,-0.009415043544955889,0.007471512878561955,-0.013320378470721376,0.005925453125192983,0.012274053216407305,-0.010694740048250165,0.005847242906550618,-0.011844012410066303,0.024329733134971544,-0.008868833125812211,-0.002552577384423706,0.0030637158714158443,0.006185928948760225,-0.016772519068401878,-0.01122014082475006,0.007026918328501587,0.004797936704990247,-0.010591612269104331,-0.0073372788699414115,-0.01335428964561731,-0.02233283173618084,-0.012596491010992006,0.0006381363609637238,0.0003058605314713538,-0.0033123671665207678
2024-06-24 00:00:00+05:30,0.007815130290252416,0.006608182886612364,0.0016604498645181292,0.01775821831302473,-0.01714371865226556,0.006521364867298736,0.0004561789951440484,0.014409495664731046,0.0017971311480790835,0.005986415578713942,-0.00758457265656549,0.0147825854984484,-0.007371900379586676,0.005526526302331006,0.05879062466700729,0.0044645619370785585,0.01561754459462868,-0.007669310097356173,0.002644756758593777,0.012470153473405028,-0.006125260408847308,0.031043351745355646,-0.00716127723339538,0.02341174773667756,-0.024394217238629893,-0.013628448662017071,-0.018449708177587447,-0.0005750771676667697,0.0072101022306528,0.00522833047443642,0.025302346490347,-0.009873509978814081,0.017497349586851976,0.019654461452370278,-0.004846643093221291,0.0039843030561813346,-0.0024989985529504555,0.013056537204008234,0.0010950893667962727,0.029443022672105836,0.00036859311065793893,-0.007628173640272347,0.009833605112780634,0.00830425917844219,0.008779179128442009,0.016567968547525444,-0.0019224140756394505,0.003114292388536872,0.03227082767497244,-0.0036274986592889314,0.0012752445828541645,0.03189115420319017,-0.0016558186166375866,-0.005911992161064823,-0.015497670604150653,-0.0017474215778602643,-0.002784235245246024,-0.0009622929507935758,-0.008335869307200842,-0.029171038096304867,0.026357764363867976,-0.001484576676185549,-0.03329806916601275,0.01808058558305573,0.008165520441075904,0.012588616490428825,0.000926683472416157,-0.011949138596776031,0.0112367419309227,0.021248223449029054,-0.0058197598436088155,0.02131861896007841,-0.008789084655451572,-0.007816608220378956,0.002978654558060491,-0.0031065978111139425,0.02124933756396592,0.020978387874030027,-0.003568197059955019,-0.004313939313825373,0.01840184081211765,0.0017640603618829576,0.0015863448574935197,0.01559340412000261,-0.007091352222461383,-0.01106464428973316,0.0013563472398162113,0.0036993809553412856,0.0032440456791407875,0.024274100968059553,0.011525487189908432,-0.009647598499536326,-0.014781829977955142,0.0,-0.004341048628300079
2024-06-25 00:00:00+05:30,-0.007785439104982316,-0.0030027714847623136,-0.007383367981672088,-0.008450091259793112,-0.002811722517356718,-0.017968065863885926,-0.013700420564336182,0.005703043530220686,-0.013068258791297778,-0.010471102088542815,0.034689688563919595,-0.008791494044212105,-0.0010454878352164853,0.009840272710051006,-0.013065297108805067,0.00017819630121584357,-0.00016141231127037673,-0.029758629343301195,-0.0034219577375621717,0.024014623961773354,0.010197510375586305,-0.013846796563423669,-0.001861855675375358,-0.002372592928235956,-0.0031291294848963002,-0.009438618455531773,-0.018978470254458053,0.004360270737942478,0.003865425359976326,-0.019874342459582087,0.016700735046010173,0.0023485881344379386,-0.003845835586999908,0.0007351664857454573,0.004915523287689555,0.023022816049406307,0.019565675912344184,0.0026118810575510056,0.00036467325293096327,0.0087130171339999,-0.004103073200470662,0.00664971614677939,0.02352256203684141,0.004955166573656141,0.0,0.017738807524067104,-0.011673509626418069,-0.007149444407565174,0.008231098892076726,0.009644515226078966,-0.019218834836918525,-0.03680897613094323,-0.005843682689963548,-0.006417018638903217,0.010358363942255774,0.005261075830369231,0.0024720081327383983,0.015788163930574365,-0.0077109218690275035,-0.045332514366256176,-0.0021973979938155535,-0.005497990920530306,-0.0049126348382699725,0.002216878553219175,-0.005251345055279081,-0.005787376129697687,-0.010802800173012697,0.01008701696609432,-0.008338093567392305,-0.01680974163070911,-0.0075441737258879005,9.597271739019667e-05,0.00875475084676918,0.006347045208501219,0.024189898520540473,-0.0037131262067720476,0.03665189784547627,-0.0044806224739596424,-0.000795230070263353,0.011403430149398127,0.007134084660179546,-0.010300013151762192,0.005656144194328447,-0.006692312118602287,-0.011196615490319119,-0.01289465798513876,0.01841403609603641,-0.002905524194458163,-0.003526710318588282,-0.010610730514943333,0.005565847232646077,0.006693901543444945,-0.020275319379087494,0.012760921964479659,-0.007992236234972751
2024-06-26 00:00:00+05:30,-0.0010481747403905265,-0.009013121656525727,-0.00018927722618158001,-0.012768234503532018,0.007968737257513913,-0.007473061737778552,0.012635616863245146,-0.02550796765079132,0.0017128438631158142,0.003683071280926289,0.010911994835908321,-0.019368647201924844,0.011768894127147584,-0.0019353360917669954,-0.012614680244261866,0.0010683959863916634,-0.009245043345220279,0.007062399296486087,0.030999790764989998,0.009753163002605529,0.012929759277083976,-0.009873671972508881,0.005406825113900584,-0.0007686871458270737,-0.013831234879824338,-0.0010661356379571359,0.0012725147705636647,0.0013320262759784238,-0.0013746211378314445,-0.007430511042529871,-0.025131499961583925,0.0013127562571663993,0.027782054919334883,0.013927547901244184,-0.0029394342410695383,-0.0057723144256912415,-0.003220363462692948,0.0007562352608159519,-0.01588028194077217,-0.01617727247985642,0.005494322676026079,-0.021159352670608964,0.016598534989531375,0.0037004485572384085,0.0015344598735873394,-0.01496559094245616,-0.0006084298556705136,-0.0032510473915363072,0.014832401350045463,-0.000811015605165201,-0.001796871287140971,-0.01089090603040036,-0.011573323096315518,-0.016058053455304238,-0.007828876078456464,0.009078139061311939,0.010416103416157514,0.004213752508587829,-0.006221894770363206,-0.031184549791130032,-0.02010169402923389,0.006716135397519411,-0.015793602566417212,0.02655629744561679,0.011571903364160106,0.007446079870585913,0.002805006136163544,0.011200002730379612,-0.007574581035420851,-0.0021402763234977633,0.0018512063683132768,-0.011473949239211493,0.04035010488914333,-0.007621269088798494,0.004448650409061617,0.010284040881826642,-0.00026756035481781436,0.004895388729890015,-0.00848670672664672,0.0036738143514215603,0.010540823161238425,-0.015841019976837952,0.004522980851269492,-0.007059353957787456,0.003360650976944606,-0.017919194685361944,-0.010349163015794412,-0.00876727966534792,-0.014196948804922522,0.004671799558553597,0.02700554307905456,0.0117008761407082,-0.026671161188516816,-0.0033263761189411154,-0.005566965479211463
2024-06-27 00:00:00+05:30,0.029613614965556194,0.007039177099366769,0.0014655968697484365,0.019064091339331374,0.011986703912108456,-0.005851203320734113,0.005464147453062163,0.009035586723637986,0.00609302000255161,0.020431403452239292,0.002757945321906711,-0.006055562747290275,0.0011936863118531895,0.00177940060364584,-0.006335066532480633,-0.003922890479288093,-0.007687939935741385,0.021385128018527225,0.011106330465426108,0.017424592023764625,0.0015849069156932958,0.018004199807076664,-0.004898714576079054,0.005473475442311876,0.0012162095555000236,-0.0036332108807973604,-0.010898549809994908,-0.005072912891593776,0.02695601194072016,-0.005479531274514242,0.01459509521789144,0.020956789398409625,-0.037645147773495306,0.03289418101808795,0.007728007083935016,-0.0031492607086749907,0.007104916837409516,-0.03471447968222536,0.015515608687841333,-0.0007475689840493893,0.0067443016859371095,0.03514444676156149,0.001558638755851582,0.003658830059427765,0.0038844086433780403,-0.04010416501019631,-0.004209338227154358,-0.010740644954026001,-0.0021288561556260153,0.02097023308892343,-0.0010061724293896628,0.03211929974877822,0.025721593502480072,0.00023876404607803096,-0.007466400516073894,0.017858049720865885,0.037817631158903915,-0.010757233282552504,-0.00968324667164825,0.06974766917781625,0.01304789892849212,-0.0015998401692144826,0.04589179161336205,0.0789714979322871,0.0326085355994238,-0.00019734613519882373,-0.0009341280892225226,-0.009496920152135024,-0.0006250505031393101,0.014736358242091583,-0.04237786369037125,0.017781241219637055,0.01085546380051425,0.008612583464102529,0.024472210513736936,0.012056481281002418,-0.012794416620621746,0.03047691529545484,-0.007714648409008485,-0.0015982471703927057,-0.003226470577732145,-0.013811127925019706,0.020103362247670457,-0.0011967494813575476,0.016635483288037763,0.00922950599857541,0.013495967598962846,0.005591541260466609,-0.006777986921465848,-0.006509102388225904,0.05019480695502204,0.01964942287966564,0.0027106094384116088,0.031016371522078215,-0.008291121486538999
2024-06-28 00:00:00+05:30,-0.017760497872671057,-0.014779733802236383,0.0006296306601795998,-0.01092506653115924,-0.004993912143051463,0.00404380269250518,0.014426511463608944,-0.0010988138409523812,0.012487502543510012,-0.03813562989145714,-0.01855820061252869,0.008901154983911743,-0.007169689753767062,-0.00936945633644346,0.012655633849098341,0.01150376858716815,0.004587167251715514,-0.00295666297698777,-0.021748534137601406,-0.019329833177820478,0.008298354369774281,0.009911250224378177,0.011448903229688409,-0.010204147060188514,-6.755174579718245e-05,0.01297622071944958,0.009747346692966346,0.01625245416695718,0.02634222497149477,-0.008703831551039177,0.0020463867332158386,0.007314321618515272,0.010117440005575415,0.012377429438862456,0.0032250669980879404,-0.007307839654689819,0.003029446767845497,-0.016570651094676248,0.012039623810420756,-0.0032715378286166156,0.004417360304284311,-0.005361500846576912,-0.01678064578923243,-0.002176868855456293,-0.001646117791854769,0.0010403230691829982,0.01245423837328013,0.003688940078302397,0.0077296841443116404,-0.004203619568128037,0.0015621494013878536,-0.0014284827672157007,-0.012429186398826711,-0.0028205854265416696,0.01278553923586003,-0.015441831327595974,0.001486749803142982,-0.00448488104676227,-0.0030295090190925614,-0.0229789604148904,-0.00774900046473879,-0.011969171375359335,0.021382620023118856,-0.03102176486868091,0.0031768327555323425,0.007039736666553492,0.024738257398386462,0.004759733970247618,0.011089902018444774,-0.0018113453199669679,0.03349322411585841,0.010619570588988105,0.02251426004777715,0.019287287974369873,-0.0423865590500668,0.0013626516507505907,-0.013492736688547956,-0.016438874730722183,0.018954477294388018,0.0058478423465744625,0.0030292453739873856,0.008791726069921815,-0.007654765895023669,0.010856361631212246,0.00261348805948623,-0.0008617042444524626,-0.0013274872943305647,0.0069567143737667494,0.007046676528645611,0.027914180280165072,-0.00417371818275751,-0.006087669482638434,0.02385044277252313,0.00789743568708815,0.015908705904071598
2024-07-01 00:00:00+05:30,0.011301110123455301,0.0018532339905309651,0.0020909234500635088,-0.006702911335897627,-0.002438578640969507,-0.0016015860960671262,0.03626107002679458,-0.007333924732512419,0.0036783877194883513,0.004051758763911645,-0.0026511492932962412,0.0032310865308094656,0.022401771348486765,-0.005018419911121844,0.025463057396958356,-0.011871187914751292,0.005704576167805629,0.0019719339507192108,0.006866657297977191,0.004845413472528113,0.00017350571450182545,0.023698813731415743,-0.009334439303471454,0.00776735571299296,-0.0011486578097026534,0.003481119487576625,0.0007877926723189467,0.0012284026485723798,-0.0076278338231712366,-0.008035698141256908,0.01685948851410609,0.013571822396466402,0.016006833585346155,0.02073511315323703,0.006317343563191204,0.012629279740521181,0.00953350303815586,0.0008227603594202246,-0.005349200885271566,0.0243577737755891,0.012876565363164495,-0.019451863378325412,0.010159885051937398,0.009759114342255057,0.00971961030943088,-0.016534574164176228,0.012181704173397773,-0.011864695596965527,0.02208028119248638,0.015233597616477187,-0.0014437508722644576,0.021149900549890552,0.01322402913467569,0.014354604197871924,-0.01505058173635142,0.0031019662285152374,0.011530151182818384,-0.006190795312610044,0.0076570534126899825,0.01190065309007727,0.0032042570297874965,0.006196558727151848,0.01597748171865254,0.025925345622031346,-0.022992652700859137,0.006426095503138747,-0.004569126175687384,-0.0119580729419212,0.032749845239239274,-0.004087416247457361,-0.006511516907333076,0.046939537967028516,-0.003359410483545811,0.006613714201752852,0.03327954727264365,0.017180013768346034,0.004369429208873565,0.021450368339933044,0.007733811670388366,-0.008279628649157744,-0.0004932739098458371,-0.004343668714107481,0.018789419494311912,-0.0026458721156016538,-0.011872304280015438,0.0003447887476377483,0.028770859337565215,0.00797294178471322,-0.003624994889811878,0.006511694576330692,0.020087618348055693,-0.013375231659178343,0.023940242870739814,0.023988858298531333,-0.006211250718064184
2024-07-02 00:00:00+05:30,-0.0085606496116381,0.02524898835627449,-0.009657599627588432,-0.0015206711868007395,0.00023739715674101674,-0.009593647847014917,-0.0038202161781332963,-0.007010962702334524,-0.0007515697974456407,0.007981365813303401,-0.006758673350699831,-0.013853958614678362,-0.015392505869278901,-0.0002847678882695191,0.015867410950130882,-0.026623575681103514,-0.005050865763623293,-0.0004926190584269924,-0.024401211414599853,0.011462572034502435,-0.013761774251630185,-0.0020113924566310167,-0.01798780933554155,-0.024235243570901507,0.006435882456392516,0.009015738847032701,0.006039392855865211,-0.006682226488849148,0.002601393706198862,-0.0021162954814070143,0.02479183357762231,-0.003962014865122213,-0.019428570659987675,0.006051968279337563,0.008102829085094488,0.014785710288871236,-0.01839545321965806,-0.005056953035025626,0.0070778969416100046,-0.009312696402929223,-0.007995809670762247,-0.006492215669358148,-0.01769077597244272,0.00038733491050045864,-0.008308443969133402,-0.01821960676314152,0.003810041108318633,0.0012220532358239147,-0.02788117091075385,0.018837095071133878,0.0063627782821724516,-0.026610662117971137,-0.006003762582986315,-0.013684715706317636,-0.005115051350916866,-0.021523045109498484,0.00485276173445745,0.027947917973751506,-0.01100017345265925,-0.018908609794959258,-0.003727676380858195,-0.005469717267310452,-0.045703329043555396,-0.01475349555394807,0.0017564921798273294,-0.009251803813577424,0.006936923850112656,-0.01168132810979803,0.0027890244072464473,0.003634115543492338,-0.01505649753382628,-0.021012755259266033,0.0032157186133475687,-0.004638346722100756,0.031075035691915866,-0.023394042171700356,-0.03456482894445273,-0.01269529723583417,0.08723329213762422,-0.018944305947489692,0.0025951688971125263,-0.006925295124918921,0.009805372726473168,0.009501947579494447,-0.006104942525862932,0.002696337580971057,3.3932778817687065e-05,-0.009310428596902901,0.013730314887131966,0.0036646395466609547,-0.004267963901536495,-0.01927847602103082,-0.015495846505031491,0.020365889067082563,0.006816264423067203
2024-07-03 00:00:00+05:30,0.012100093822107737,0.010145917194370318,0.011900869229623932,0.0005071703002262955,0.023983757780609738,0.006522504033767168,0.0005054424958463549,0.015475928863702236,-1.7126046139214084e-05,0.003982508138202399,0.02100019639703197,0.002247250889184202,0.012922691256699393,0.00907412157222862,0.044012473480113896,0.01069734599839549,0.02707204982328646,0.00720144970666524,0.0006340572853075942,-0.0028429262893069286,0.008746079000492853,0.0002082071672223514,0.006858179060351928,0.024723179357835908,-0.003297034758127725,0.01213643380056467,0.012862452953955366,-0.0026943197579314742,0.008697985634247984,0.014284317184477575,-0.003113522015052391,-0.006926087601471381,-0.0023000511877658888,-0.00021873797067613253,0.00013503771313145196,0.021748482362268194,0.010708959136602464,0.03476642679376658,-0.004471999033209924,0.021336824313252133,0.010089302809650574,0.031157047471512253,0.00919664486849717,0.024830233659813978,0.006558821909689925,-0.006481195359287942,0.005983177470802979,0.025887389741781147,0.009588289605669084,0.003909547609322647,0.007012153702596298,0.0036211135007061515,0.012866582307706764,0.00496346572929919,0.0008543275515114757,0.022959892542085213,-0.0013893029913511663,-0.0033559252842546333,0.002786719419820893,0.00046876645207037535,0.004457627101744293,0.006707788022290147,0.010296225540771928,0.07880628327715043,0.00605605758767058,0.00276695110495528,-0.0005459406139578183,0.008649226918019493,0.05496214993035317,0.013064064963695488,0.008337871994760488,0.0419488349161319,-0.008179444405773674,0.0009695079255931186,0.012826309962693962,-0.011395925240632331,0.009003903945845711,0.0039549818557243,0.04063642570700677,0.01656604110413458,0.006474805194905442,-0.010208742828879012,-0.013065993426241136,0.036737633574872364,0.002538678575906068,0.010430141077200295,0.005183081756655682,-0.011657096245511683,0.006310621357015642,-0.007579250125963332,0.0015299096342629198,0.022755331453521023,0.013127374794876561,0.001485225359218417,0.01903417286107864
2024-07-04 00:00:00+05:30,0.011301938023664243,-0.009073084165464611,-0.014743332966272504,-0.004658590676042472,-0.004644587971562246,-0.004203201309067734,-0.015420822523363619,0.005210354887909119,0.0031907529427271757,-0.005187712646359068,0.0007028947549133098,0.004072333971764728,-0.02112723812100024,-0.00531482917344854,0.06316284592903593,0.008550168615916561,0.009021370073072417,-0.011811150826293611,0.002251223860803432,0.02090936694744224,-0.004202266321484203,0.0031188476865170512,0.001877747223351089,-0.009520667252297903,-0.002023967472752073,0.009440774574548321,-0.003036157835034353,-0.0033175358899442797,0.008283469317422793,-0.0005969046742241829,-0.004809088754141552,-0.004461614736980706,-0.0030383407259812092,-0.0027386740610176896,0.0275376214851167,-0.02374389495090141,0.01299900394202522,0.001967255832695641,0.00028899637784670073,0.010169192915728731,-0.0057528453771533835,0.018982330099267794,0.02579627526422219,-0.013909939865472246,0.0017496220594436854,0.02119763285379029,0.005066614178255121,0.007001849993712493,-0.011093902519860779,0.01418544138045132,0.00227594198881615,-0.011109699515632319,-0.0063861779703723864,0.004891223436254316,-0.0012818087453216405,0.012704137948702038,-0.0012629609141620146,-0.011422483848580387,0.022018524276948243,0.010588067918269276,0.00859751922747282,-0.0028125855239890434,-0.005162005195016741,0.17590402833190366,0.0008047103515490315,-0.002491858507783176,0.008518278032551452,-0.004686534070918253,0.004883994720846408,-0.00044752259460766237,-0.0009047234318229038,0.023464391751872,0.0010301226856576275,0.0075896320471371135,0.004804076988073203,0.002740593529448309,-0.005876099138419632,0.008149352073123978,0.05946885078677368,-0.0007742315438316829,0.015492754465445222,0.021942744983389235,0.013949301686995768,-0.009774155287378133,0.010137124407318586,-0.00045365942450093546,-0.01405291744082362,-0.007242893607946451,0.011493183006970945,0.018636295099985226,-0.00948288918504907,0.0031868542973058156,0.011146923766099763,-0.015518673819192391,0.037454638339557894
2024-07-05 00:00:00+05:30,-0.004184997554139683,-0.01295083214828102,0.0011601945828608109,-0.0071000835903128005,-0.0021304651225913357,-0.004714487703524491,0.005701394042116895,0.0164895427227569,0.0003407018693193396,0.017669772965424466,0.004789825595799295,0.018323131175525857,0.0043453326762046595,-0.0038542330516656734,-0.024047480523104865,0.013420592790371085,0.020892408165580842,0.01197416959562859,0.0046621114133388614,-0.005754034275435378,0.021972841656077234,0.06645695437481246,0.00416970535212435,0.006939365414379777,0.0194947624309253,0.003975309767928904,-0.0069403091134322475,0.01867339613691472,0.006254214913360868,0.010141360452727637,0.0006265144647396135,0.01719035123635822,0.007269031204590535,0.004796809153683144,-0.0019396228621597993,-0.04684961082466313,0.0056138132562020306,0.00585237875902519,0.010496345490256177,0.006668481353728044,0.02024674295790358,0.01029593595666405,0.00032436389647435394,0.02025690673070687,0.010664301919099723,0.0030150655785960608,0.006501689034185541,0.057455190787443294,0.010785556660444387,-0.001940491502077982,0.007931134517380253,0.01580435865293175,0.010219217390991518,-0.004700906262367267,0.005400872714967967,0.010226485529504316,-0.006947845972510778,0.014957642909600744,0.005380482223064013,0.01593572528660233,-0.00038173304101605,0.0011945785255756242,-0.004367813878227081,0.017798023523055383,0.018200502506938464,0.011329755302146591,0.03945674972357094,0.000758505868381291,0.0011235576754613562,0.013048708148288039,0.010395950039994484,0.008303825592073528,0.022020465873240712,0.014257038112235323,-0.0076293272174224516,0.0025331916210409064,0.011264081346474206,0.002368006380314529,-0.0007890783109369961,0.024073474022366648,0.006717088810384399,0.02677332572318316,-0.002278194035145586,0.001936237680592295,0.00844566515479853,-0.009002897466463745,0.0015065985471569953,-0.02018127511059826,0.007220508097098575,0.004002750402462602,-0.005961466290916017,-0.002753155413237472,0.010074896082811945,0.008256755181668506,0.022092616291476047
2024-07-08 00:00:00+05:30,-0.013904901997323686,-0.014171938196721025,-0.010955950770508238,0.0012247540340335327,-0.016903598191819785,-0.015423726444642065,-0.0035777861406963265,-0.0017554281742108797,-0.01294142398048316,-0.00031949488081230447,0.0006212927533293819,-0.011103515942836541,-0.005584350280908358,-0.006032408569382446,0.024274629501746272,-0.04271840595502879,0.03203805946444452,-0.023592643178848415,0.0038048381943500504,-0.01904599395817879,0.003913524535417994,-0.004803067834333775,-0.024673530338539005,-0.01367924138354601,-0.015249168674546638,0.0036556551653987453,0.0034762125256634167,-0.03640200078827919,0.002167833668846112,0.003613707512992427,0.0017327819091930046,0.03321500568272631,0.03729268718090304,-0.002131148083179972,0.009172027560139127,-0.007766260069111642,0.02206488124141643,-0.0039420012154644645,-0.0027930480375727654,0.012520298641267597,0.015640650781431946,-0.010150196230151197,0.0013368900609137561,-0.014093185504429551,0.022685483682020696,-0.009483334884883085,-0.0070893753056854285,0.07070221265035612,0.007016987647594779,0.008582462340206284,-0.01984668619920641,0.007573806709585659,-0.015687633372139947,-0.023647262490098252,-0.012695450440840543,0.0002697869175124616,-0.005919621410760567,0.0013362421882995269,-0.0022672513210818253,0.0037415280365755764,-0.010206028262576826,-0.006668794619375492,0.013694360422578713,-0.01875630716309254,-0.006206661575854802,0.011298875972019427,0.0372905923968902,-0.009969734829837377,0.02859976402405086,0.0,-0.011795712152590133,0.04571299117042475,0.0076971855993187835,-0.009493104739027694,-0.01751832280395219,-0.012260228311144492,-0.020356922156407636,-0.01845596578157393,0.004676291578444794,-0.0040792435187094285,-0.007680480212874367,-0.01321359672747315,-0.0046470882511731705,0.011712373204071154,-0.01488464897484322,-0.014006463492199483,0.004267639107083923,-0.035222430714136346,-0.0028923141120750745,-0.004574609118643709,-0.009216829716538632,-0.010493737909114809,-0.017456469353130853,0.011335273225685127,-0.004008228796597029
2024-07-09 00:00:00+05:30,0.0036676386674717875,0.005045331481403316,-0.0009157870608011331,-8.534757317827251e-05,0.0018284376790832111,0.03781198703921542,-0.008668873105692598,0.00045101635031404,0.0023608278741384828,-0.009360220647840607,0.001202835161783022,0.0004930006975915092,-0.0042636256816547076,0.0072977493316427715,-0.00578647722122911,-0.002480665641240632,0.0005974714897544822,0.0023344967579901547,0.0002787100708951852,0.03428121825768317,0.01785166284915623,-0.014021013084576244,0.009615082848180911,-0.006144324632881081,0.016672080927114846,0.0010129654041114637,0.0034045181040487636,0.019465782580103782,0.0074255625117743895,0.015496318729089225,0.022022840592272577,-0.006005241055983149,-0.009759884800398464,0.007140386129130578,-0.001501226350330955,0.0007029543390719549,0.004419294175722469,0.01830774839848308,0.013958372974491467,-0.014756232275672361,0.0011588564358809466,-0.01912806982578059,0.010631063117302351,0.00990224131340396,0.02008549410806921,0.0004926528964928993,0.009363771983422985,-0.031017694946070942,0.012628799588892717,-0.002711878221281062,0.01572068137097045,-0.026209561752896276,0.0036418208876252294,-0.004004279744740108,0.004440285613341765,-0.002891086780087869,-0.002331379558543059,0.009345033747001148,0.018576134856565375,0.014155851303457784,0.02567277547074678,0.06473560441295195,-0.009490025750391018,-0.01203424842927182,-0.0010603468858074,0.011343747334415684,-0.005699128737856768,0.014524199305590239,0.0007274795861621509,0.005143026448403873,0.008451310847860948,0.007133838037434871,-0.006659051207806906,0.006448100266274621,0.007862076671849523,0.021214435275230533,-0.005749818918517144,0.0029087053337507997,-0.013335815353194511,0.005880447371602056,0.01846127886187224,0.016520711946419752,-0.0019301792882432884,-0.007501243739729218,0.012609025683259894,-0.002790014761517211,-0.0012612344791510927,0.01850518620268249,0.01833741863575295,-0.00025022552317305243,0.008330954619269266,0.008850572825435457,0.0,-0.00036962009493100623,0.006585638200874335
2024-07-10 00:00:00+05:30,-0.005620511111143762,-0.00019934440272777835,-0.004752889276581966,-0.00037017862323156865,0.00660870377974659,0.0035799626094717065,-0.018843920303791027,0.00872733227809934,0.030994883744883517,0.005829428341554161,0.0017435661107156023,0.0008755195544489506,-0.0018550944022693344,0.0006005073112296146,-0.008177060289407796,-0.019875333418988145,-0.0028415437724551343,0.0004995093950834495,0.006595865201061477,-0.006267474938487491,0.015178261804635423,-0.021002911101408426,-0.010747242925902614,0.012427054432894194,0.0007601972864922913,-0.0061956410744903245,-0.0022086027075608056,0.01850101931840546,0.0014724080945633375,0.004226109640048274,-0.005614160769868364,0.0005236741668270894,0.02237282477550838,0.014504325111412752,-0.0139097556838311,-0.0063752630250390185,0.014486043705678834,0.004363057805179988,-0.01956798191218595,-0.009695642244415898,0.007806959238419006,-0.020941235117105078,-0.004053926293283252,0.010977316019042461,-0.0025440751490534643,0.00139480095223656,0.0013388802772117715,0.039348451204146616,-0.023736637383796486,-0.00538506955266793,-0.005555411928603973,0.0019345619981946897,-0.010641257667613688,-0.013795376237295506,-0.005445676625077087,-0.009788742701577521,-0.00016744081158747332,-0.0043876046085462375,0.016476035547368338,-0.02361818019467844,-0.06843145346797345,-0.004289043242750675,-0.011067450759448436,-0.028562700394140956,0.011470819330702585,-0.006343582151403886,0.0023505565968776707,0.015218126696723028,0.01917334924502514,0.014261011706384085,-0.026242110666160636,0.028831091991589876,-0.003811669713985772,0.022085854455783392,-0.012539456714146783,0.004638783207866128,-0.010767022770061183,0.010601922921429158,0.025093613204191227,-0.014383663761901243,0.008260322992733812,0.0008404184455631079,-0.01934281182762386,0.0075012437397290995,-0.0036517186760852477,-0.022486055418629688,-0.001638784609896411,0.0030589720581640513,0.005316086824154413,-0.004453095040277575,-0.003907506516574381,-0.007567924580198416,-0.01940761129585169,-0.01012500657784545,0.012534341062064776
2024-07-11 00:00:00+05:30,-0.009987811740640217,-0.0020454373970066144,-0.005733447447577431,-0.004910493440487793,-0.0026584793085998554,-0.00945972975921697,0.021054973286463344,0.0020915882308428983,0.008507135915653604,0.013243261227764737,0.003940631831048212,-0.007959446864848894,-0.01494466804629473,0.0033433945118182735,0.0006244154534844047,0.0005846394624943557,0.004930163079002359,0.02059561825643987,-0.004925492309445529,0.0062337358874766866,0.0009985961743602416,0.004236085942662335,-0.005329597167686919,-0.011501110738858166,-0.004769457930316438,0.01877311730414865,-0.005693249234071454,-0.011812125130212734,0.00033368449695768724,-0.004236569938219648,0.02693217479687747,0.0007412926842755063,-0.002218276717742583,-0.00019629346040614352,0.0012907092091901191,-0.002586243999370433,0.002367774195721691,-0.004909852939251976,0.004317880809036104,0.011138832766617725,-0.0006131281025894905,0.01863591662967245,-0.0038280563219929096,-0.001892349706507447,0.015822738057185856,-0.011793451085285869,0.014668017231269368,0.011081516739719787,-0.025054260451308513,0.002696121187265326,0.009102974985387865,-0.015862356016241218,-0.00043233898907214124,0.006625836569329962,0.00028729500620932615,0.007974218398919649,0.005814350620862402,-0.00796298429805707,0.007451976788363324,-0.03526690785381015,-0.012504661739653592,-0.004519714558882044,-0.01130262945237656,0.06961548176860885,-0.011338277657717211,-0.008925812769303593,0.021895097814264557,-6.329776678219315e-05,0.017324162985391144,-0.009436165427027207,0.0015086381062026258,0.025008262922589612,-0.002259155984341633,0.0,-0.009974948439223079,-0.004772049990750458,-0.008398336451126538,-0.00904466915489347,-0.008921713580404103,0.009028649646741023,-0.010565195166672744,0.014422635713403336,0.0037150526297148414,-0.01700159066625372,0.006949570397305239,0.005580310585028848,-0.0018809380249468343,0.007291217385679226,0.0022502613561901958,0.01200552047798364,-0.006839330724521517,-0.004323646123952893,-0.019903315094079374,-0.0027112179608317004,-0.014337840526005646
2024-07-12 00:00:00+05:30,-0.029845242903352425,0.0035892118151972033,-0.004183142835448952,-0.006777183945976606,0.0019188238118035565,-0.015028373988615272,-0.003909546791255873,-0.0055167552885799715,-0.00760650401695838,0.009093234830585788,0.01649452271196438,-0.00381523481654167,0.007739419932504442,0.005902477496968979,0.013157426981443225,-0.02405008192673234,-0.007179189962370449,-0.006708830648238386,-0.003273931282276748,-0.013348478297241919,0.004459518892528032,-0.025207738544165515,-0.012606531193566452,-0.01730445316689661,0.004009260643824188,-0.007728867125586688,-0.012397036852672334,-0.009471960180121447,0.018732453447051278,0.006615628351663294,0.024249962549248688,-0.003012344942053297,0.002079973360236175,0.014932911927247819,0.03144666461901516,0.0004931120748566136,0.0020475201320552636,-0.006033725753185125,-0.006122388388577194,-0.010583013644556648,0.005123147617788986,-0.01040223410972372,-0.004491441875564523,-0.004759983662846432,0.0008716704475058243,-0.014456061198408279,-0.002391840103718598,0.054097903605334785,0.03675255576143449,0.0351059384598985,0.0026005264661137432,0.00021036288190172958,0.010110875227118945,-0.0006408642980467602,0.006586589668622819,-0.006336070417387181,0.030065299770447782,0.00777123542691443,-0.0055003602851858395,-0.053358111661135785,0.0021843959199021874,-0.012081934908008296,0.0035041846714387154,-0.03385975852653802,0.00013252410801839452,0.006074351441847849,0.007681655053900614,-0.004374660146805826,-0.02745000977397421,0.0008748688113835763,-0.014000377254972777,-0.01317097324572831,0.010118510025577277,0.002594738059936329,-0.008549749154945612,-0.0038638669508821236,0.020024661166515207,-0.021112526672354876,-0.021094533128907526,0.003495657533995688,0.00034876463530151533,-0.014750497798839184,0.06422084636137931,0.018260789263286663,-0.014523646043035663,-0.0013625400590760342,0.029978835417305803,-0.005788394825059413,-0.003368974768740201,0.002835279051592208,0.004089356336789473,-0.005004876476593474,0.004457251293286347,0.04762165372602537,0.010092127611730263
2024-07-15 00:00:00+05:30,0.005090993168696753,0.008423814842246314,0.008106157224178456,0.003365588130653784,0.005600751049476141,-0.001973908058954253,0.011317854777046481,0.013032668379165379,-0.014322763978689423,0.009101536840966283,-0.007505577487698283,0.025398949142756908,0.00845177848411378,0.0030942345468493227,0.0005449862178078198,0.03123100254068807,-0.005116710276877822,0.010452636611240016,0.0030304712770847916,-0.0015337471503973144,0.003906285181835203,0.0004127314020754987,0.03940153637548775,0.0234784102774877,0.003400108857913293,0.0031188018292419447,0.014018339780963774,0.007921341926028056,0.011143920817851408,0.004239326505499366,0.029584517777584637,0.036280221430547786,-0.004999101576131156,-0.014165778007913896,0.006006850760970122,-0.00036977312221097663,0.003925875511821649,-0.008815524840145684,0.011564909934188579,0.002801529642160567,-0.0007437950055901242,-0.00747543744987561,-0.0023956330494295927,0.0060930249061455855,0.00943146888592434,-0.004048214800471737,0.01579884562540786,-0.005118173557940067,-0.0033942013977730193,-0.002749452440506891,0.012434992101749098,0.010184204316642593,-0.0028937378073862225,-0.0053402013895492,0.014311195178084135,0.0058209545351136606,-0.01710325331525144,0.000616301261614228,0.008286563800063014,0.04749967530142402,0.009972491593794111,0.006462599983256997,0.022726955736338254,-0.029374626783836722,0.02228724603058267,-0.0014957505174725482,0.048929703475651745,0.007390912377729558,0.005120308068545912,0.002183641700549212,0.026733056121049033,-0.005664271125426764,0.0003130991434832793,0.031863608444468984,0.023896672172894262,-0.0017599927005367381,0.0309710720541184,0.0034418340409613636,0.00137445351996377,0.024871309782873875,0.005626674590191992,0.004662342169110116,-0.003531662626969994,-0.002998582159380897,0.012136679121878184,-0.01150705703820179,-0.003994509441566296,-0.0017509177742584777,0.0017790925041526327,0.004290687508925691,0.01974386546501773,0.026991255440082792,0.021449436993038227,-0.0008037131297076801,0.010875311557828268
2024-07-16 00:00:00+05:30,-0.002287117444869777,0.008793760837288599,0.00609710106289715,0.010768288443354162,0.00267197626256317,0.005489097144632013,0.0016793055351786766,0.002552145379841403,0.006052978006627558,0.010170897256151333,-0.002642186958881975,0.00464116788047342,-0.0006585214449199872,0.004577037368866639,-0.0113520270000355,-0.0013545323885750925,-0.015968671882021068,0.02629612152836164,0.019903566375347983,0.0006739101968499121,0.009021624110570918,0.005008428813111815,-0.01037343291902606,-0.003756664684000815,-0.0044918979941278294,0.029105246572970252,0.012462540920102008,-0.0010058942403827242,-0.01622329611551002,0.007093702787737414,-0.05222388660231589,-0.015938499913770866,0.011109639912686804,0.008382112228674373,-3.1852149693257125e-05,-0.0014497551488688372,0.013543181995013864,-0.008653949926055601,-0.0133728586736896,-0.032345410901842224,0.025675963335256947,0.0036313216191112825,0.008057224698394563,-0.0019201954657188758,0.004628980692914475,-0.008146136567066663,0.006109838140372656,-0.019653726820709264,-0.0038461418100037056,0.01106881207786289,0.010264337203200035,-0.01693769023475967,0.002840226098183054,0.001535756951332064,-0.031875748220259535,-0.02096631120371573,0.015253300721231433,-0.004129984671361037,0.04441062394200964,-0.002565252812482506,0.00936627963345692,-0.00034800192662664083,-0.00021710716124559562,0.0023245831451484083,-0.013575417649098434,0.005171901611746875,0.00046499044539642274,0.0013078407634760083,-0.015258994899663774,-0.00407990799132973,-0.00888743345015943,-0.025651535910855366,-0.013219157543574837,0.004884478359903491,-0.002036018285110053,0.0104442635601045,-0.024159231425107845,-0.022663750939310112,-0.01951378629868018,-0.0007377791881797638,-0.004359520674185735,0.0018546939608514105,0.0022160934339051377,0.023613380326248445,-0.005592034628199831,0.00185731058878769,0.011375534281457635,0.0030503988201624104,0.007202223057834112,-0.004989927106814906,-0.014894494129821337,-0.017881661198547692,-0.008634421991426233,0.0,-0.0026971300362595855
2024-07-18 00:00:00+05:30,-0.04207017578172335,-0.01161029199970738,-0.005514824266800347,-0.007070536850866882,-0.0034414618602422163,-0.018344022315190046,0.007124213304394186,0.010351131523017249,-0.014527847984430846,0.008613864250427912,0.004132644507874103,-0.00952717759259892,0.007184668231255416,0.02557793589161553,-0.001654946572261407,-0.010707850470021279,-0.03939859083829004,0.006938996939394151,0.011626668033568686,0.0011671871596754908,0.0015595790820785542,-0.05818958011257968,-0.0023295418204525354,0.029147810613083594,-0.0024858935938507397,-0.014149922422141836,0.0013620718219772231,0.003058248122631781,0.003222357884856732,0.005072474166388679,0.014288844691648851,-0.019686079470214845,0.008567442734418234,-0.012653362153614817,0.015802688990838767,-0.0030607375181981988,0.0033188477097507653,-0.006821769953932061,-0.0012311063807908182,-0.06065556448650579,0.018408961333214603,-0.021680186453518567,0.008352907011125064,0.019796470415892786,0.010044937228774361,-0.007783406023069068,-0.006640295359970134,-0.03010307166386064,0.01749871481326221,0.018369705333657428,-0.0031305355681364873,0.006192419864172457,-0.0031085888364746567,-0.020100679141960485,-0.021285196520204077,0.011811589430284727,0.034378467879245214,0.005388879910534131,0.0010820857791858803,0.011339920763090846,0.02248935129730988,0.0003558827875541109,0.014605076671170537,-0.0404462454048587,-0.0071221504709538625,0.00754636887831854,0.027662894082861097,0.005731341212775597,-0.003554682772805804,-0.003510361670317649,-0.008546441589880592,-0.012462106373169041,0.006592089326727209,0.023437974170979765,0.015488177089365479,0.005531685215691181,0.01894146214714837,-0.04763134208137486,-0.041172396637771676,0.014485234937325515,0.009421748891725213,-0.01965925390575679,0.032284506873172275,0.0021219609744236,-0.016035404643629025,-0.004258849019353844,0.015153083291208418,0.00863593264700197,0.02759832919913722,-0.06186817324430621,-0.0009825595216893734,-0.00523568570015739,-0.00904181772652427,0.023833660154279335,0.0007171415029470049
2024-07-19 00:00:00+05:30,-0.035153291609483064,0.00024738391337114375,-0.02837233213732171,-0.013973749321220348,-0.01660401120323486,-0.007173632225231746,-0.018054031313862004,-0.02153105006139714,0.004934051253703123,-0.014414538488134149,-0.013106812803520579,-0.02526408469444923,-0.02531057918722867,-0.006683898683348363,-0.0068069838571012285,-0.019168619682091503,-0.023393834084656784,-0.04615339024253167,-0.014870968630275625,-0.026258199232785655,0.0010979925209241097,-0.020001268946354768,-0.02519150054108908,-0.015613200360043877,-0.014137293706776605,-0.0347378605368226,-0.0343138252110179,-0.014278824275598645,-0.004735665091483808,-0.018464909948605224,-0.00787242467233659,-0.0405744479567961,-0.009152788292280199,-0.017634347226668002,0.0,-0.004655311690241482,-0.02023731351397355,-0.05186847081573142,-0.03984415471194877,-0.043915070259702954,-0.004171638342646388,-0.00953753427303976,-0.0013206724161051028,-0.015374984162655442,0.00910249554059047,-0.007584910597717514,-0.024590854726869442,-0.00024295302494824891,-0.015211174415672461,0.019657080215828703,-0.031237337187606993,-0.010932908091030272,-0.04613922066697021,-0.04504201438666223,0.0051794672101646766,-0.0017277500561838244,0.0010156260532908697,-0.01036475840501089,0.004159317816419972,-0.019110038288284253,-0.02519546781898092,-0.009515920396480273,-0.015202347896125928,-0.011636034101171016,-0.03529468512990044,-0.011177404670457844,-0.037004551785440445,-0.018536738706043256,-0.025711135852299744,-0.026878074192274448,-0.019800843700444735,-0.019281458161838422,-0.020068673768814112,-0.00731681865238508,-0.06110193779609605,-0.028096152386296383,-0.019883974962592733,-0.03879840751034984,-0.03937377716192078,-0.004711415329569129,-0.01618803477416306,-0.0012676035002672516,-0.0007318616130346838,-0.004535233410467951,-0.03744075765047527,-0.053015837826003394,-0.013288032664793,-0.0009507222250331137,-0.03729206855676986,-0.02714284552753383,-0.03396447658687351,-0.019649318863517104,-0.02603376915032201,-0.028310432903299744,-0.035367006870305376
2024-07-22 00:00:00+05:30,0.012577234005693575,0.0003462105497051644,-0.0016148677038784927,-0.004682243050613599,-0.0013281227347032485,0.0023730054163406144,0.013479965669832013,0.0031601749615869524,-0.0039964146199091355,0.00042897023786584983,-0.00765094009057801,0.0025166340651207736,-0.006955425825613014,-0.005563389212674904,0.026878722816943725,0.00953141788386493,0.019399293589002203,0.014541614375118889,0.0024940155317232883,0.0018268307891866325,0.0016827768120777663,0.020653966860648822,0.016429067266333305,-0.016501826046016514,0.003024728995179813,0.006536032261086441,0.018807780492096044,0.003313322909552603,0.020124713935217562,0.0013699426147527236,0.01257537513212874,0.014052589443655793,0.01249123722378604,0.024683798447648557,-0.01100397873580725,0.02169409914148064,0.0023561550726366493,0.00011308496562030937,0.013929609912042895,0.04021980112262494,0.0030389541748641557,-0.01530937041603564,-0.006024482641527052,0.007888419172131197,-0.017001820427638592,0.07088292959071076,0.01618350613037194,-0.0057998317823362315,0.014836002435307681,0.009934072250622001,0.012799082313883471,0.00678538178218272,-0.0010123736094761037,0.0065826209246343595,0.006473523908692062,-0.03579441802169183,-0.007734494355339852,0.009064765734856834,0.013844492059343919,-0.007483196658767995,0.01996807316745339,0.00929444455307222,0.010644371712350451,0.0371987501230051,0.023980126663970477,-0.004069313858706314,0.003591471218604731,0.004964177550857104,0.020217500187559773,0.019082331578636886,0.014062498506450905,0.033522497421746254,-0.035656955022994485,-0.01624449542304614,-0.010250060822827811,0.02303030973744174,0.005870802825679824,0.024933937726715923,0.0038704323642411785,-0.014211962093638788,0.011850497413515309,0.008922225306260669,-0.0035042022795473914,0.014042368605218429,0.02362313739959441,0.016033604428443607,0.0027787831065758414,-0.0013971934044018112,0.02792951895787716,0.00845179292531633,0.022605661145621677,0.0018257050735884055,0.02014591605131596,-0.09678288402234926,0.008786527222128365
2024-07-23 00:00:00+05:30,-0.028109647293365164,0.012531800392104204,-0.0018344559811583328,0.002939880015487125,0.026895130979837197,0.0017939799412576532,0.0061663636439941135,0.00022645542411371702,-0.012758695685318287,0.010398859711526258,-0.015123595973014499,-0.0028948894735481025,-0.02309199857158449,-0.007569302047557225,-0.024431754598704145,-0.007538215855387274,-0.0353600746035107,-0.007325993255485117,0.0002045561986435962,-0.002067506956731405,0.009617581170543997,-0.01954459432300517,-0.016694837764291946,-0.005501916878894403,0.005288056225744589,-0.00858738710464886,-0.027480840897631753,-0.001721514178724154,0.013802038194527522,0.01272394979148903,-0.017062542554363028,-0.013916128712302148,0.031172455481596775,0.004081875475284181,0.021022134669662355,-0.014811881790019035,0.010223643749222612,-0.0037101277867484642,-0.02836205211966829,-0.028652176321389968,0.011287795557978987,-0.015226162758308867,-0.011670033989984636,-0.008446707779756708,0.05352002314291473,0.0050650009039817845,-0.01419140508266259,-0.05237962266321104,-0.00497652834997153,0.01428293285245768,-0.00488906696526585,-0.018054389206328212,0.006058924982384768,0.0002099629890052198,-0.017903972463363445,0.006437082036747191,-0.0052161127180509765,-0.03154858874079566,-0.03352715750666718,-0.04841107620466131,0.0059011126223447894,-0.0009655296898484012,0.0051463697227386454,-0.05082739465008691,0.023679913265504452,-0.0022248526181665894,-0.020947262414286613,0.008234786691030768,-0.03941900880974629,-0.012930376523910683,-0.0034758938612301413,-0.03880044040344662,-0.008549366665599082,-0.01635613754235152,0.01305570069170369,0.01061631384804256,-0.026372301720741655,-0.0339523502944092,-0.01751509444980442,-0.014821877238992207,0.008937173747780821,0.01882343090537384,0.003492547473019694,0.04233490301290933,-0.018084916111971022,-0.0018730349788927765,-0.00143870482722895,0.06322318052168414,0.035312035518203756,0.01023488341604789,0.002610353409061546,-0.008838736659665551,-0.031234925321585654,-0.010433820289113846,-0.004949247665245617
2024-07-24 00:00:00+05:30,0.0026022386340356467,0.012038945158163885,-0.008263486944789664,-0.002502721538579735,-0.015073041644978094,-0.0038789883397049455,-0.013030125770239393,0.0029627023317371935,0.005404557441507311,0.018232689809689926,-0.019181396501428364,-0.013120529991756098,-0.017991761177447423,-0.024765952751793958,-0.02460144890249359,-0.008599238754147568,-0.004488437699902618,0.028828762053299872,-0.007189499860975008,0.0015048142776567157,-0.019577304032771612,0.0301442320827618,-0.0035505600862434216,-0.0048481781622217975,0.003731538488094655,0.013866480296242812,0.012341008188565409,0.005419405712937751,-0.006554560415790446,-0.0008540565610025236,0.025284544587911045,0.01749923987366242,-0.03875125232381961,-0.005737161355838689,-0.009207893816030405,-0.008906294684182645,0.04382698089158959,0.016658106229092258,-0.002911767178407216,-0.0013600585846835647,-0.017982190899756605,0.0189374783208692,-0.0030615817682975877,0.015462070581911937,0.003751581361720531,0.01575336562087816,0.01775236533724984,-0.009678901714308217,0.00752759494144692,-0.001607290495550755,0.013899282984618984,-0.02138617293825379,-0.01419502331058303,0.020413634558973926,-0.0005973353980234095,-0.012915938686541001,-0.004130787919543513,-0.005271026131548089,0.0657945052699321,0.0219130354290864,-0.005633702399258627,-0.011291566468452332,0.01327895943672404,-0.0026806811746389876,0.026193388661698232,-0.015675001935706846,0.017043050035526603,-0.01642961881258534,0.002956113329471911,0.008638642006788768,-0.010243361322590204,0.015502909429850047,0.005228583448501089,0.023608485801647733,-0.014949864297296122,-0.02190546308367152,-0.005472886266450623,-0.0025958462407043733,-0.014855288097081466,-0.01387051239214374,0.011083508751968821,-0.0092040806493585,0.0009059620010909285,-0.02061843697195639,0.008369252761722753,0.0018106017737576792,0.02636691180385289,0.0033259571428997077,0.0022912862148047673,0.004369448688602782,-0.00803499033993061,0.03999513592677768,-0.005186344660012498,-0.0008994535887046743,0.02628672799873605
2024-07-25 00:00:00+05:30,0.013363091846831356,0.013372906081094031,0.0009420998871407253,0.05911518756758055,0.0014805726390200676,0.0007194103933802679,-0.00957080791490697,-0.005746291430931271,-0.003921408511942441,0.0024976105411045344,-0.05247254150622008,0.0019472677653280916,0.006126045960019958,-0.004633204421926282,-0.00969262617785012,-0.014566267640586212,0.004488437699902562,0.034943428047875445,-0.004166228935927847,0.01843160586610302,1.7278334760926885e-05,0.04419600824106146,-0.005081372996704042,-0.01834709808947629,-0.002297235174464076,0.000404926767057797,-0.00944162201909965,-0.0010111565998062713,0.0048341531472917264,-0.0029950572496209634,-0.018880452015148177,0.02092673871528444,0.014324174688589344,-0.0033366627309796585,0.002459552132566874,0.00779346174204761,0.015266438392955552,0.019373070582349987,-0.00778027733889608,-0.004018773154340299,-0.003631778522461473,-0.03676764074727827,-0.02073681344614671,0.026279459315983043,-0.008333361773801068,-0.015833581116856465,0.04664661616507272,-0.04635918489827526,0.009490727286689173,-0.004974297197699263,0.012806789036161297,-0.021029931040954672,-0.007802528951219757,-0.036282000717523556,-0.016569101992696383,0.016442978035991873,-0.011941923342400162,0.027934479136942643,0.00030156982774160406,-0.00354131497619596,0.002100734241639014,0.0017563241516028684,-0.022572375601630175,-0.03861480449277307,-0.001146846829673623,-0.02419444683635427,0.049602052948622695,0.00020911434223068123,-9.496790501399352e-05,0.006798720974105223,0.009988513596727113,0.005690483711116648,-0.002208763855324934,0.03753053959669274,0.007868676712528788,-0.0024583827186393193,-0.016749531259638895,0.009678124748570365,-0.03557466203472775,-0.004116425920717436,0.028218885378771857,-0.0001020876627646236,0.003766598203976791,-0.006232678953260922,0.00806357904154911,-0.018382631340407775,-0.0021544962502715744,-0.021092532253064077,-0.01946727569439158,0.00435982730736061,-0.001039579501800534,0.024571665664295226,-0.004168754226213808,0.013407024981121767,0.02209507109547493
2024-07-26 00:00:00+05:30,0.029397859679067165,0.0017125038947716198,0.03535220874795258,-0.009271105010424923,0.036805884990813456,0.02479088207263127,0.01541536263147258,0.04272564743327041,0.016662553729116104,-0.019477426247751162,0.0012323117650649283,0.022871235380335524,0.021135577641108714,0.009181917097767587,0.007495857092241794,0.017574422562964463,0.02764539834142997,0.008092175843698516,0.04404216990439947,0.004765467847214281,0.007383042612798806,0.00513365874286486,0.017453429723353796,0.034098138053090706,0.048756737111768506,0.031581119321831,0.021933457763424098,0.0521879993201064,0.0037067603406453213,0.022566897236541136,0.023923820909589954,0.00975956613926887,-0.00854945892929786,0.016221313317693036,0.0296334266184367,0.000958323484698409,0.029140044380403785,0.006465803850721541,0.032038570109996965,0.015479880616258653,0.0014211528695516147,-0.013087111947682908,0.007733506084324138,0.003462535893769904,0.024695091017792273,0.037077732281949015,-0.0016977523862043,-0.0006538805169916277,0.024478472261634184,0.029188772207101612,0.013713562482284364,0.037310589072429824,0.02935339534877119,0.036179083032578975,0.008168171119328825,0.021566711242678775,0.03347318884169888,0.016646335774510804,0.019998478825037056,0.005503355323377358,0.02681244730741587,0.012275141137998675,0.02352174682753615,0.00033960970058226727,0.010526993710187433,-0.0015129081579190395,-0.012586337729835933,0.008262748583306001,0.030901987691503336,0.013896360383788883,0.0187660387227665,0.029015703312787373,0.01107823481998861,0.03223978741533072,0.025892466586529692,0.0029934816271494757,0.08785091102506068,0.011683827376659859,0.07300939810520714,0.016307104962007234,0.02867023118382381,0.023683324769170847,0.015005408257937157,0.004188074624482221,0.04920067400141208,0.03225881975378114,0.007261151611968896,0.02561029556519628,0.034923087566898305,0.015584261350563514,0.020035610573826294,0.01475058682804659,0.03107415026359359,0.034802108890815565,0.0026984391259531147
2024-07-29 00:00:00+05:30,0.015551082893862622,0.0,0.002868785354628416,0.01788536488302391,0.0038492986972407184,0.005248253930347865,-0.009588381685458305,0.0025625998539740543,0.0015411209526137704,0.008100628856358974,-0.006219611711341984,0.006797716086384375,0.003337825237913294,0.01916660680468544,0.01692753137714907,0.024526505120399625,0.036281325016255875,0.027300375289543568,-0.02206549136277362,0.0005440138687093909,0.004213946041214287,0.011809580987537037,0.017844450749264426,0.015786117737108793,-0.013455158784146286,0.004501036621101286,0.04742894658875109,0.027435093660010845,-0.005627399161770568,-0.010075492105527651,0.010055252049183196,0.005318812900750487,0.007061925276289495,-0.005324925053830289,-0.0018362623667674946,-0.008128537944921297,-0.009284415952574685,-0.000571307023346749,-0.001124057698387027,0.025083265619373477,0.0002028040590400579,0.04882968904780136,0.0045457136019177195,0.0003557366646446938,-0.012321752844601023,0.004241388631257664,0.021517039436134797,0.06249559134674068,-0.010852545638370325,-0.004159987602603541,-0.012112960536656276,-0.0018761412188634972,-0.0022233349562966434,-0.005620688617794703,-0.005135106917824847,-0.011059624557935183,-0.0003197711601124677,0.025501601500821834,-0.009118196995360862,-0.030393102701940056,0.015530769983071015,0.006913165175898212,-0.015298317295405199,0.09464294135297703,-0.006074429792103308,-0.0026680665862474384,0.003912738259509056,0.005248821852872436,0.02546381972320448,-0.005389208302079462,0.05711213749804307,0.029439176767411313,0.007312389158628531,-0.0024302140498345076,-0.0034684068859231355,-0.01200085876109873,0.0061348580859687946,0.025555053959994866,-0.007482246075581696,0.010553380129797785,0.005236313090699614,-0.009373884022896736,-0.0015395472946664913,-0.010144730640547309,-0.005524573045870423,0.001966632572010949,-0.010305072775644854,-0.023879447475336286,0.0010948937162277112,0.02273997767568975,0.017051533796043475,0.00514574792726289,0.009961464743022293,-0.0007624307104456192,0.024448816918165077
2024-07-30 00:00:00+05:30,-0.016545068065799192,0.06704862626784358,0.01267285656924643,-0.0020988521519558624,-0.001583206628233304,0.017777988928872845,-0.007974650096080952,-0.0061024878723543174,0.016897202000855,-0.016893789853211695,-4.270799826952075e-05,0.0007006359840837069,0.0016352697242556704,0.015645429868372238,0.0033804515597749786,0.001366821805219449,-0.010164990107378548,0.030027137109164784,-0.00745339481117776,-0.00032927497971464785,-0.009438000460569551,-0.002026273005680957,-0.001208676350623012,-0.010907646757460964,-0.016251510072513246,0.013960410440547105,0.011315067275514528,-0.002338380282639826,-0.0052623327201535425,-0.002098008902717691,0.00105724643522945,0.008075360048284463,-0.026117928936643726,-0.013276405631154928,-0.001287072102338093,0.006520483170183557,0.0005021697940775717,-0.011934151874822087,-0.009567981645820732,-0.015295278249206073,-0.007477443439971835,0.012233463557638515,-0.002683605253305543,-0.00022860172244985384,-0.012475410084874829,-0.005478651498952101,0.01409168168115337,0.0009725738094043025,-0.012496894365191124,0.003228101765354677,0.007786188778640256,0.03268499528040754,0.003943025952589463,0.009879726882205946,-0.0025775687318512755,-0.004357547825793446,-0.019914994238975452,0.0025662697267319853,0.012279489210719361,-0.0244704089974334,-0.0037232065340143993,0.009529889316242275,-0.01733161811386477,0.0053504313744523755,0.032593299449913675,-0.0051340788347014315,-0.003008477227218345,0.001315778792973243,0.0033408729861422763,0.021527729834255455,-0.011801615433778069,-0.0037300354406395856,-0.004582624588642337,-0.014793678930722323,-0.00826011344256088,0.0028028194428375577,-0.010572077309922904,-0.010653514303400134,-0.0017700275776817672,0.0013758464420555146,-0.012643065285503543,0.004858087743544272,-0.003601482704289738,-0.00542511927008602,0.004174421630880406,0.007340925996750341,0.008291593120895087,0.016439456577269532,-0.02765827567538799,0.01851397784541156,0.0002245197652797212,-0.06616564707782578,-0.0039056102571451696,-0.005545517160347943,-0.013440500604503516
2024-07-31 00:00:00+05:30,0.0067852095248552725,0.011622149855173404,0.012908707661972697,0.008044356270565262,0.015179295214721939,0.00710526502653722,0.008121782423764773,-0.003877368716335528,0.026079083038061085,-0.01831801146879299,-0.0033389515560775444,0.010385783430904533,-0.0024429467759987536,0.005463989626407685,-0.0057686211276198485,-0.010198167326317576,-0.006465492283337913,0.005298881271278154,0.014315539862259282,0.001542066292254253,-0.009934147676571569,-0.0048117173338896825,-0.009198226290098898,-0.0008819394267450176,0.010022217375906877,0.005472673858221662,0.01615637696602519,0.0022063692975704437,-0.007916126091105289,0.00218880707260737,0.010162565259324767,0.030420306543561284,0.0006595300020016051,-0.005082834566984443,0.007546767402945237,0.00012374713697396213,0.025909307655817355,0.018578336413958185,0.013683364020601878,-0.006237033434497917,0.005280777820695646,0.00830513401994155,0.004496120647666315,0.020250466780034206,0.011063306021234814,-0.006442847793898015,-0.007021062013815789,-0.009303410500006475,0.002486247642457661,-0.004752442713160606,-0.0004023857153131689,0.017668853719400402,0.028575716305769574,0.011960915820827688,-0.0025841367207404186,0.012131483023953032,-0.002532931238559792,0.007987257471450137,-0.010151556671711595,-0.014638566367939036,-0.004905756618841184,0.018634929307686243,0.004564497328289842,-0.023661718091265358,0.02199489663202399,-0.0005290237636767189,0.006905965615415208,0.00958629630077478,0.003778598950182227,-0.004584411447762406,-0.01250722762949891,0.003187240485354463,-0.005118299795484523,0.018764768405763202,0.012593686803373716,0.015479351969300463,0.006810551662637314,0.015790798496624774,-0.007612225503679959,-0.0004583576065791891,0.01037727832879166,0.013644659590260406,0.004571095066493849,-0.004991955098481575,0.021166015944893472,0.007650259298750241,0.010574154104919738,-0.002685104207479551,0.01929106812051768,0.038138864221420196,0.006816184767653017,0.0,0.007906864589948116,0.0009583203201241456,0.022542070432046313
2024-08-01 00:00:00+05:30,-0.01621956726674901,0.11378667638811621,0.014984628672710713,0.02920869736266442,0.012816440760295965,0.0048219503299404345,-0.02373714654388056,0.01367710571816781,0.004819132937424009,0.01165190742544807,0.005302884721765831,0.006836935739301045,-0.005199474924940659,-0.010254316912618678,-0.02175896099600644,-0.009506876477997738,-0.015625230308907768,-0.002717568112957498,0.009309064506153285,-0.017527633554788927,-0.009431618034000708,-0.010105249390831277,-0.017766506731561646,-0.018488380957843765,0.0012295096385757742,0.03425890070478172,-0.017300016233394742,-0.0010771870695136065,0.020156945988958053,0.0012283407319871541,0.020020513612231127,-0.008208968039315584,0.020268686739273647,-0.0035174851032469703,-0.001248792732622254,0.014165075645566336,-0.00265912122738277,-0.006399260511486337,0.005807581608740354,-0.02250465650800464,0.0036523814044647196,0.001158850788008644,-0.0039588231487931455,-0.0017198491851438582,-0.003336533319659291,-0.015539471321938343,-0.010736084230394531,-0.020186822469241823,-0.01762921676558402,-0.008412113515679966,-0.015299165201765693,-0.00048081512010913444,0.0067640373994453315,-0.0050214913512385195,0.0006086988497000216,-0.008470969783225521,0.0036606715680795538,-0.00940185503430868,0.002589998433919679,-0.027263301732505296,-0.027685655694502435,0.01837651231379946,0.0018956369900524947,-0.026249782557898914,0.01775022396838663,0.011193598841033834,0.0223398241619344,-0.02064208232048274,-0.025372994333223646,0.03637774893563722,-0.008100495974854847,-0.03001535137112015,0.006538298394413156,0.007725297127698754,-0.0013744447333013667,0.0010106816614092265,0.019354848316260605,-0.014701869341948108,-0.0059014288165136295,-0.011238947714672098,-0.002416601835001104,0.02080147046529876,0.0026757360940791353,0.016185268197862694,0.023530445473894015,-0.013825201847532465,-0.006421749005573524,0.0027139811843233884,0.01042865659900819,-0.011748855662593054,0.008151988382092887,-0.0010466083571753974,-0.005896445786791702,-0.0008624773754196312,-0.004661216044007241
2024-08-02 00:00:00+05:30,-0.024889632534938817,-0.010563679111480742,-0.017670188287492238,-0.010863456454969984,-0.0013530251682101935,-0.01591184422282796,-0.017011391276630823,0.0005589676867130684,0.00236855126635268,-0.01698422396259936,-0.009815207945913753,-0.011816086908590663,-0.006912796612677213,-0.0069669641342161,0.0023504637969973116,-0.030510511786517786,-0.026707236717184044,-0.005745465618924016,-0.007801776863294649,-0.013501870018085857,-0.0017116956570471355,0.004177460044537516,-0.019715663640275397,-0.0039988895660211365,-0.002873873986438486,-0.02986414521804802,-0.034280411901975096,0.02092367648531984,0.011002028257585358,-0.04995106664653846,0.11393571727484186,-0.008361245730516432,-0.007578364242607004,-0.021996581024975724,-0.01923210388887816,0.01234109077542666,-0.008726236258501134,-0.010143526394757563,-0.03852015956984397,-0.024725117641068026,-0.00850585393444905,0.006464526584822558,-0.011260535302634487,-0.010557629494548236,-0.009361148177143322,-0.005313517655630108,-0.013668946917608296,0.013347071434299636,0.044758038412189304,-0.017094539829007178,-0.02106352915963036,-0.007725838220771344,-0.03817049427749238,-0.027372122833012942,-0.007481558245159197,0.006006476780494965,-0.030211223835395474,-0.030519487455192517,0.00033917834215240535,-0.03389879128656951,-0.02823753463133781,-0.039114439510299734,-0.00836820235192742,-0.0023620330584324337,-0.008895229397666866,0.004458729273290769,-0.03468386263571263,0.004076512374196781,-0.030961688369477623,-0.007923743104019103,-0.022121662019689372,-0.02289281846205629,-0.010598619279223382,-0.01272739140945823,-0.015659504578094594,-0.017185932818289232,0.0009528113949421903,-0.021906237470477936,-0.007829185338299382,-0.01730537974931238,0.009545118035365063,-0.005743530241381875,-0.02627981108996955,-0.012239904744644337,-0.008759119222919585,-0.030131794324123204,-0.02408249353281364,-0.0017314794352656143,0.007181636385654323,-0.04113214050045102,-0.01852762429041401,-0.0021599159998689863,-0.02254448114691772,-0.03790622985667547,0.006823735693095775
2024-08-05 00:00:00+05:30,-0.01503557265017552,-0.08489549080215525,-0.0395915362231816,-0.06174311112284328,-0.06111871736452558,-0.05010931147888425,-0.02583635889842675,-0.003366127912122894,-0.00429030672632058,-0.01896809695632454,-0.023842316781444814,-0.013732396290019676,-0.01926243911299735,-0.03494396868920608,-0.03376042410652141,-0.015507420022203797,-0.042825345651236635,-0.01567960540830161,-0.018990382438663043,-0.04692787122913794,0.008999819352297416,-0.056800783397847845,-0.04849147918566169,-0.028003950146422988,-0.009034716104426077,-0.03432902818151205,-0.041466143534378934,-0.033471561289462444,-0.02208244646241207,-0.010837698090257798,-0.023331709255129472,-0.05391483084746547,0.002053899688352798,-0.035555214893513154,-0.029576337966723237,-0.02650616642099299,0.004935501932832266,-0.01953548500493101,-0.053484391179745384,-0.02253817383117457,0.008634600923545153,-0.05462553040484831,-0.02021898267014428,-0.02248662097958639,-0.0063582718450907625,-0.03166653386470684,-0.03852379309930991,-0.06970613811536423,-0.03477102967302737,-0.038794630190966704,-0.021587919838928125,-0.05347874653725271,-0.040553380571722086,-0.041508129151095634,-0.028604540606141742,-0.016661895513742527,-0.0219824696248952,-0.03828820447953683,-0.0628923549884601,-0.04642525970819264,-0.026048688449290282,-0.0421730477238034,-0.056747598680313004,-0.05986557205450113,-0.01548753203843673,0.006312371564293452,-0.06201705504896828,-0.01968817981637607,-0.05517097085254142,-0.04408396099345177,-0.0539840482181835,-0.05370382454373665,-0.035297962818525846,-0.013094764722300428,-0.09628862633709334,-0.01701680736268728,-0.034217361680298264,-0.02679359433770537,-0.029723751292930412,-0.04363444306414405,-0.006547013354139469,-0.030045180094351764,-0.030340915314473322,0.004805544477965939,-0.05710099420494177,-0.05455179932077838,-0.03465210349083521,-0.02527081492044764,-0.018951109268113383,-0.0351615594738211,-0.02996121574219682,-0.043944598408198386,-0.04945253666600905,-0.03474994809512367,-0.018043176371627195
2024-08-06 00:00:00+05:30,0.0,-0.02999414912052647,0.011291436820961157,-0.010885905983072075,0.00016733188931621437,-0.0021010207542333983,-0.016803124496122028,-0.004480999108315579,0.0026957428681163736,0.019008772142542242,-0.0065498513489802394,-0.006096379886565637,-0.008884650940203397,-0.0022990110702806217,0.007487218802595861,-0.001877104745924458,-0.010389726876116513,-0.020698702624917565,-0.015227485718160351,0.010582008859273476,0.027112896175273855,-0.03339034795610508,-0.0021875474601216337,-0.008575008851145233,0.011060333765334609,-0.014308668950816974,0.012938213024523164,0.000124169376130235,-0.0006828879035373004,-0.004684119460628711,-0.028535511816945962,-0.005223584482555533,0.011187742196959925,0.00698867884308343,0.012940823110944478,-0.00904590114678211,-0.045027416252491,0.0028820208312013524,-0.006532863077516277,-0.016869655207906294,0.01249576082172945,-0.01378657703948329,-0.0049156577044417085,-0.013472148111621021,0.0006170572023112216,-0.020313309006518586,-0.0212093642126255,-0.016979159199282452,-0.02464983938721211,-0.00045671027230393253,0.009679617564107674,-0.0015352129136894474,0.02311580372999445,0.008138027540620606,-0.01814173079954521,-0.0017493405471074308,0.013022216186531441,0.013569650385426329,-0.0256963850551311,0.012640023691156011,-0.017320006682325414,-0.005733200028626837,-0.0026022924304139757,-0.03352818228020765,0.004225855041381594,-0.0009561962407362397,-0.013466672578344772,-0.005776505612038292,-0.04938763133060108,-0.005997959916052925,-0.001141635976489143,-0.023853235950305286,0.006010428559957286,-0.02808792432367549,-0.0009120418296445155,-0.027712477901549893,-0.01908145143144309,-0.015474567489935767,-0.013637586540200424,-0.017336639038071793,-0.007468130752903512,-0.0058526464228302036,0.0038793528363697664,-0.011572465636181205,0.004360381099397236,0.0033317557378215257,0.01840351153154182,-0.012174061431593285,0.016609547265410824,-0.02388547138408051,-0.00808623243747728,-0.02885555939551066,0.0015717034132162091,0.009235506934431528,0.000122098329335629
2024-08-07 00:00:00+05:30,0.052789610381056694,0.006027094538372924,0.03619386920169661,0.013003802997807007,0.03272295752174604,0.0036197822940428836,0.02797988638792548,0.009366170870780743,-9.676540937010795e-05,0.02187752916113064,0.009457010199605938,0.029350446329688574,0.014997888137668057,0.004656403817389597,0.017030442707934704,0.016152732130070267,0.04409608658995849,0.026389159109356783,0.0043095753729606055,-0.008246575488411,-0.003027920880243982,0.025474787622472652,0.029920179273255527,0.03122202020966774,0.014033900723930537,0.061895413376769993,0.029947962302310643,0.02434122702019179,0.017322771418587325,-0.0012499654190889456,0.06448085028221873,0.04430386945169501,0.016899531042937104,0.006295720321069452,0.007458969156953954,0.01383094740521952,0.024204432629558587,0.019315445436450637,0.0217189424906278,0.0488821162455487,-0.0021841612144089793,-0.022176176805603465,0.004787726875376472,0.011329803625287887,0.012973297591271875,0.0388533428839539,0.030719114721776054,0.03372958607733478,0.03533272188077322,0.02289273996349879,0.013159631408406423,0.009611189999407545,0.02507881055265513,0.022493302486694983,0.05741706324082097,0.0033830901350190897,0.01935998656266453,0.01720205696204555,0.03994912412202716,0.020950945196212163,0.018029045868467517,0.019623058205903484,-0.010360450705670288,0.043025468879442634,0.010989715231143416,0.005684390278059328,0.07244969277340918,0.03144539753040527,0.038080166553144064,0.03262410614065997,0.01845620173289277,0.043263227377734186,0.0060083519386708575,0.006666287099556338,0.031215626844028635,-0.03917497572789166,0.030635101135118543,0.0348606149518343,0.0033082828832715055,0.013633576792224034,0.015630694920774495,0.037900152063888325,0.006987966408073723,0.0117391662550717,-0.014763879832058508,0.023276698690871882,-0.006594436171166657,-0.002657132721169936,0.0315113103464398,0.04709494543628252,0.019057430733090828,0.038840327177630724,0.04349538574772379,0.01601011989460825,0.03611599942229153
2024-08-08 00:00:00+05:30,0.009094052132397744,-0.02704931701463825,-0.005792108320236233,0.0031825322935653804,-0.016194687865842352,-0.0005060343712814648,-0.007489468165043133,-0.026912628804383415,-0.031459061500593015,-0.007681093506183429,0.001186865481877666,-0.006914902617923633,-0.008313808545076667,-0.020152047609631196,0.005712308518465923,-0.008457952508035462,-0.006516825704317198,-0.01569069985768892,0.006946594046932504,-0.018523422241440997,-0.015913717665744485,-0.010480423979039286,-0.009936405836838082,-0.020125700013083486,0.01050107322208478,-0.015261594958387565,-0.015552252558720807,-0.02290251546747233,0.0017238539128153006,-0.004414618789007313,-0.00030123513525568156,-0.02695304045183188,-0.026891295418496088,-0.03566779171046447,-0.02331619030265136,0.011756938858893413,0.020048961945013984,-0.021497149520363645,-0.015593229800998254,-0.015433595162552398,-0.003961829704517085,0.007696993062786409,-0.006717883704446419,0.017900344321246767,0.004253543356327639,-0.01036602873202674,-0.01162227083865674,-0.008201953678579186,-0.019490181410580263,-0.027443057504643816,-0.014216115990246756,0.013602770646865622,-0.02107101512258038,-0.029215954227267853,-0.010211178659851744,-0.0021412852348518764,-0.042038943156449564,-0.023555727039187683,0.0018228192855925809,-0.022759110223368326,0.0007829311148049939,-0.012415609139455145,0.023533302468786203,0.008180693107791381,-0.02087448739273479,-0.013448236615914586,-0.01963838414742994,0.00488829323371263,-0.0006094545693669867,-0.027063679593505727,-0.016612720763837522,-0.011755004338210848,-0.010775732045178187,0.012146474930688088,0.008586174141233407,-0.038801033758717345,-0.01823351655037727,-0.008348862494126079,0.005873853535830153,-0.0007422608177816226,0.0014980438227911446,-0.017830988277272985,-0.006664353724646541,-0.017915352559811974,-0.029120758807095082,-0.0235428642779811,-0.004897930410327838,-0.008984215661023804,0.0029292523902836056,0.030884344133189717,-0.025017594744726715,-0.02013737499916845,-0.023403841766537307,-0.02051459937924456,0.005132747404869835
2024-08-09 00:00:00+05:30,0.0037450848285492215,0.002131367006828106,0.006294244671419468,0.0015172529866976604,0.009696124861494335,0.005551795320219409,-0.010232322237458078,0.0069994359245898,0.011644301262290898,0.0019759380487846035,0.004033391404978622,0.012845930551240364,0.0054545166846271835,0.012999102083877303,0.005595210368091286,0.018473424688564583,0.01315700454957835,0.01693926470521313,0.008436449777966799,0.005733340043611673,-0.0007575510600124347,0.04965635283798306,0.032142292553004936,-0.0011855796583469303,0.0030527584942261093,0.012057951824164201,-0.002043843164857397,-0.0009415788421808646,0.010779969473971132,0.053948801090888336,0.005631914040059979,0.0003079696487887663,-0.013133211579383623,0.010982305886360847,0.020395959134761776,0.00455521880658434,-0.01125469815041167,0.007726727340295489,0.020025869459693278,0.011936108782153345,0.005109125172980367,-0.009967123608126918,0.005992633035892484,-0.002057896167977462,0.002321742442686016,0.006895656038436406,-0.006719349888470034,-0.0062654810403756,0.04274706755917637,0.01570928939805764,0.007780396515764825,0.005062557301206373,0.01958057837932566,-0.003214624300948503,-0.0024539339720260826,-0.0017502294027639882,0.006581583058438096,0.010775975783607327,0.0069497792394140395,0.04625798705548209,0.02437483140044849,0.00043777324675326287,0.009384934688787455,0.006671430727212176,0.007209703921600604,0.006247848811761882,0.030066956648242014,-0.011156271898298164,0.0171237015616395,0.009729152045494821,0.010903321912484411,0.011740248946271133,0.017223341440108297,0.010957662275065937,0.02847226099433818,0.006325405436004106,0.029468951008019606,0.017645191341204767,0.005302500617032989,0.019910584427802504,-0.0010080080858294723,0.020507513125990452,0.013379034744353946,0.0066400355974012976,-0.00047869538352295944,0.01012951660990795,0.02707737283135613,0.010621340381258343,0.001498927037560867,0.10601850558408658,0.00375469052601179,0.013547370946796217,0.015391303707518173,0.00817491845872057,0.016665091275645624
2024-08-12 00:00:00+05:30,-0.038018711473886295,-0.03766371689983988,-0.011294752759923933,0.009751036636985335,-0.021350330560897104,-0.005624059568209321,0.0054440503480850935,-0.013055840719458407,0.004135252072179351,0.004768142858513207,0.018682530609646412,-0.005658154350055696,-0.0015196994802575317,-0.000769380105167054,-0.008503377177757575,-0.004075835651398128,-0.002650823782324965,0.0,-0.0037636091001409795,-0.013226216230308936,-0.016608373654028744,-0.010359200743916164,-0.009990926752595497,7.404929030489469e-05,0.007276267263643194,-0.01110323861350951,0.005461058887900446,0.01256059865572172,-0.018266535718243087,-0.0045231209740936185,-0.013798016305814918,0.01968356672506755,-0.03679830155502211,-0.0006415520329234228,-0.0029604024499683495,0.005981410186471453,7.118703778546027e-05,0.005901253862734608,0.010301503167805386,0.0005607848202030741,0.0005458383759199477,0.03344140142347287,0.009595806396821038,-0.007402930657279406,-0.0026248901778965768,-0.002104167116865346,0.00041395267179251597,0.02618514106572276,-0.004974640648797859,0.01493796106604125,-0.009026299880586862,-0.019970566495335247,0.013443644894530201,0.002071563539904598,0.010843912548965337,0.0016374393560763833,0.004993453838306917,-0.0056114145703955514,-0.05355018837076589,0.042211383305616336,-0.011524176354698818,0.004004472166377631,-0.014311656752149772,0.008977759835597492,-0.024154104886207096,-0.012696590485599771,0.025971658549148374,-0.02630727011575012,-0.008021748558141039,-0.014116464955952944,-0.00582938416452813,-0.013897584173373959,-0.009318912984124501,-0.011719880278772563,0.002500302711407785,0.004588847334301513,0.00606652386934911,0.004554445185127262,-0.014484637036134602,-0.01429559925868445,-0.0008359750899043513,-0.0013373669514677735,-0.0078581499182066,-0.013025481757474866,0.00095701490361412,0.001645376832517951,0.0038421288274569122,-0.0032618911933489213,-0.00034460454938377386,0.016907082483176468,0.00022121848868064708,-0.023711145766263514,0.0075497162358105305,-0.0045901413833033845,-0.03959276957594359
2024-08-13 00:00:00+05:30,-0.0170707021363116,0.007731091570041702,-0.019075109229746676,0.015094300037950235,-0.012027594388977839,-0.0028965201981210283,-0.017542232320183114,0.013291094237838322,-0.00975856364033233,-0.016956508639873386,-0.004045085269892792,-0.004050004079017405,-0.021892969749468593,-0.010089261369811054,-0.024311469684479926,-0.012741687094885837,-0.017572163578981177,-0.0357233987033568,0.0007538221228861704,-0.00013138696440293988,0.0036685680045005905,-0.01851702422139496,-0.026453685942825496,-0.02541755491256458,-0.0017667944019593494,-0.004207704264348469,-0.02619452684433512,-0.005987988237661663,0.008941146825388501,-0.0013630467863543461,-0.024400381965381492,-0.020651650658292466,-0.0029484730517950145,-0.020372602836813296,0.004657092204832016,-0.0348762693668208,-0.025155410228080235,0.008526862010621953,-0.01271249009801577,-0.005345721585140915,-0.0026593190451094945,-0.05729258651700924,-0.0038016318507314915,-0.002154584598215497,-0.009344034117761928,-0.010424479471733734,-0.030247239812921302,-0.01589291356154867,-0.011255895265150901,2.786369082631608e-05,-0.005719971492526784,-0.02430995311952652,-0.010409912806160356,-0.010016209738822465,-0.01793295050573634,-0.011632684029611866,-0.002883434647462256,-0.005657094618732756,-0.04351717078486536,0.009049817637653439,0.00014723474433327415,-0.007934728236111082,-0.00270281109020102,-0.02624751558436496,-0.011667988981241393,0.0046794445759087986,-0.015948338854842353,-0.0015412629781007812,-0.02859367248818663,-0.012387686003515915,-0.0026212147808301876,-0.017164402207289355,0.002051856073664318,-0.013343801561680238,-0.04072007062190448,-0.008326817896296605,-0.028890138659607864,0.006933101291861366,-0.011961265003154649,-0.018694420024007116,0.0035981922326814514,0.022172826471733086,0.0003099003343691763,0.006809710231062646,-0.023960479462438223,-0.021134450253227053,-0.006034703424379854,0.018704706757105328,0.007805209046015047,-0.00010184489353142711,-0.002804066664715741,0.010969641357384043,-0.022822649522281507,0.0029605341159592725,-0.061812487285887126
2024-08-14 00:00:00+05:30,0.027730651865512674,0.03886157064390604,-0.016992359162367115,-0.009548896968321657,-0.014599357568458407,-0.02266237894581459,-0.0019236851429383865,-0.011224716003195016,0.0007604302170313493,0.006228620370629849,-0.005621094324286263,0.00803252701631902,-0.0010136812662975279,-0.009243293212034102,0.02607544179327432,-0.009559495724097762,-0.005602260814182183,0.010359449217780991,0.008187260337216458,-0.01919621093415886,-0.0012979316159995626,0.01929598345904907,-0.009795709164957787,0.02188955082538941,-0.012487222607576854,-0.03322434245079071,0.00953849686737669,-0.04196423657227659,-0.02143442503080672,-0.014472475221222343,0.011832735674067403,-0.0022035099339370074,-0.012610716521137454,-0.002722776177243078,0.020815956884080708,0.002865258608082173,0.0019688249804160184,0.011112652015216072,8.04368682077833e-05,-0.008469413148337239,-0.007083470034059933,-0.014326193357008216,-0.0057510746010697835,0.01564281974377004,0.004479783347484364,0.0011455582277413235,-0.002318033228702165,-0.014360804312153762,0.019309785058738742,0.014251593722730625,-0.004148306415157191,-0.04035427055334896,-0.019520683465896388,0.022625636931761582,-0.009634822932537758,-0.0023714880696464893,0.007889020166566433,-0.0018600243197027257,-0.0012646244929934631,-0.01985525567512456,0.009957411158916504,0.0024116063802023862,0.001955960090091776,0.03354635627189934,0.00037841943715321945,-0.0040731365100593435,-0.02334275165014794,-0.005380193428057952,0.0041352843771698886,-0.010291678116062635,-0.006407248582749587,-0.009270301414376986,-0.0012134809674366092,0.005749055661870774,0.02562760569242069,0.005479401410107539,0.001296130893200077,0.010129187201983776,0.00975461483719601,0.006810175110834607,0.0008904190380815731,-0.011562120201397838,0.02315155975125787,-0.009589435939706814,-0.0068821274440644216,-0.018370373341340517,0.01387167264736839,0.005482057718447662,-0.004365158291806937,0.008837793364999052,-0.024119196567517882,-0.01856675039906003,-0.005103518863553695,0.009435503360643149,-0.004220030012810714
2024-08-16 00:00:00+05:30,0.019690303874219568,-0.025831270113486942,0.022346358932618045,0.012475061281351207,0.021317750408187924,0.03405482958310462,0.027381588781350046,0.027448663628966842,0.007342731820420988,0.012222642021248798,0.011853861853029472,0.014110872766451005,0.020292832177612866,0.013478369286571328,0.020542440355624872,0.016566972073118875,0.03216346803567825,0.0226608420282217,0.00801972018549866,0.030111680318240776,0.012380715465910212,0.01273008878221091,0.01847481454670592,0.01853992241495252,0.00783463715773206,0.024902500458324706,0.05360913978555642,-0.006045700418342276,-0.0010960054913349189,0.017746810667070866,0.016356534345178485,0.025654168944106607,0.028113078229031984,0.03440763172567741,0.02555993756353792,0.015000764918281022,0.004434000871440369,0.016387615023587862,0.020230064272055252,0.022924053671444514,0.009579059695012196,-0.09506540090300543,0.02179825759597791,0.029269950815787406,0.02100891405597471,0.019034252599068616,0.020731420982827986,-0.0016208162645084585,0.02471702794328236,0.01939116349304612,0.015976686437616426,0.029140066652537287,0.020181367342192967,0.005095913910709503,0.024525018873563977,0.01668033003307454,0.024784451996621836,0.006508781903221443,0.028784551270190976,0.011171449099854208,0.03409031146214997,0.0006265850785729368,0.01726396470094,-0.004722522767935017,0.004279989549443176,0.02034052205076816,0.004409077759865146,0.008738415215772418,0.03964512007018811,0.023456740439603496,-0.0046775875602511705,0.02790235836037532,0.011122362470555366,-0.0018929604654318827,0.005995937379483683,0.012408885711485773,0.02940667550318505,0.020895065475941742,0.032423026558063596,0.011268727155834157,0.0006313270152195092,-0.0020169826072936304,0.027735845297932694,0.017153120425744676,0.02002261002769746,0.022659903447878226,0.0391728008880226,0.012443815975100388,-0.00016431869618579792,0.009898978539643147,0.02629052122699625,-0.027914911724666855,0.020842621051839677,0.04173044349912077,0.014461382942072902
2024-08-19 00:00:00+05:30,-0.011262515646480134,0.0066579667623567415,-0.0020123734763288718,0.035938434495362374,0.0020067557999650797,-0.0005737366338623903,-0.010673479933901633,0.005666686052765226,0.009192821503062039,-0.0037110196968537235,-0.011723759783110627,-0.011954076725122586,0.0038538961508199927,0.0007738956610182178,0.0023081820575065214,0.0158927879158465,-0.0037988420565422155,0.03342024089234972,-0.009413523407178302,-0.01053883534894093,0.000497349522319385,-0.006872468984233541,0.02096434904961801,-0.014307863013638678,-0.00038073950279914233,0.018757085971212468,-0.011252380067244943,0.007738832349785554,0.017184015312215684,-0.0009759449167566714,-0.008583338765372154,0.02706535977383152,-0.0009969730094450415,-0.0007502511204469262,0.006125248397265399,-0.0003370830761247774,-0.005381466476474965,0.0028736060558444527,0.03821031039381369,0.00469567692087885,-0.00207616804930711,-0.0476655304297055,-0.009605869967970488,-0.011183231266722465,-0.0023901235916021263,-0.016257847831563733,0.017257721278156765,0.007800815873663362,-0.00329477265470487,0.0031420852015039795,-0.010752610070552941,0.005248936682419003,0.010185172511155884,0.020389946076670468,0.010006143692887404,0.0022761180419328124,0.019992167797550527,-0.003734146661578544,0.014133871823700772,-0.006385104096192876,-0.026867641746178846,-0.005212832874150094,-0.012047753434850832,-0.05160071454796915,0.012607043635674787,-0.00886936742756394,0.017145800153336076,-0.0002453356191094104,0.001387354752745734,0.005007960314802526,0.019014772600185803,0.0079900237982414,0.010264806558157718,-0.010326075281196974,0.002420575562424659,0.008328703335992628,0.031073587081499224,-0.012098683303288336,-0.010553343748338068,0.0019683094014573146,0.002893539473412477,0.0028226379257831995,0.016607137287195487,-0.008752098669359902,0.012373286968998198,0.02926269750125694,0.005880639097759659,0.00581803868577036,0.0003434777575977418,0.02842761550725816,0.0017381009792283811,0.059090583636528984,0.03143183290862057,0.006756708155383147,-0.002191888520180004
2024-08-20 00:00:00+05:30,-0.0027970817862110328,0.0067048305549256455,-0.010335197281682695,0.013917441067161331,-0.002609478256969492,-0.002226275252260465,-0.011506620031569449,-0.007762533682620193,0.008706156080095964,0.01517600159951655,0.012708859408009279,0.0009258005101372059,0.01587161630459233,0.03235094764822784,0.017421823988626434,0.02790688186059277,0.0033042423729601517,0.01615735999694929,-0.014047123227159425,0.014098493699436304,0.005792158013298679,0.03457923902127944,0.013197279617866278,0.027873501522816375,-0.008061565430575485,0.004968547152544727,0.01177124678268197,0.01133832552943687,0.0077827790770496445,0.014428080376357118,0.0036169837982185787,-0.009292644159773896,-0.00689862437849179,0.014632247980688096,0.004903105185432823,0.0037623437837557092,0.03566946427226266,0.004162793890317568,0.021100899307259943,-0.011796520002572078,0.003094534035122593,0.03352479782078482,0.00301442443175458,0.02452241644728582,-0.005298796939796189,0.0048808470646792505,0.012561818778285083,-0.001444098228604702,0.0019323354277313738,0.0039603680766304265,0.016428705211920587,0.06001304340367955,-0.0006539199322881774,-0.004307997760715713,0.008112947155397513,0.013549109956236243,0.0055691685763248865,0.004952457610167813,-0.0041115661213783645,-0.02253550561538954,0.0022216739162677713,0.005347881265685266,0.003424497806439573,-0.09430444299589613,0.007784073694453448,0.00611355238297764,-0.015629983604267584,0.0032173047459318795,0.03167434319137077,0.0005875926609303144,0.018404363182957323,0.026348469901417676,0.005059693041087751,0.05230088072420126,0.01799645348794001,-0.0047761209538474516,0.02702455369142827,-0.0025659996017277013,0.007466846013124872,0.008078390928474248,0.010557440410791213,0.010908243991028532,0.007389057078160336,-0.005279780443974045,0.00832248565118409,-0.00019504978319564385,0.02106643262544394,0.0028962690863743794,0.003918444701369502,0.015426178451677054,0.0030311143402814065,-0.011200087616549493,0.008770090118556919,0.009383453383260484,0.006477246399607943
2024-08-21 00:00:00+05:30,0.015366921853414036,-0.010510538419450991,0.014564620669369602,-0.0019503575583263645,0.007309567100376854,-0.00043145088866536303,0.004459585627287205,0.011850902987429744,0.015460609762093012,0.0039789217507338,0.005464491051863856,0.007365647313130444,0.0019543093351590663,0.011697128271266845,-0.0030732813310628067,-0.003742000087771012,0.007394639934800155,0.005138550307876926,0.009819450770753243,0.004954193272145329,0.012333022721805344,-0.002109509548062345,0.0024216122029264747,0.009002151185668916,0.020111848985250414,0.014383337858415493,-0.007870851788194801,0.03692240036110845,0.013844244464722703,0.006185605366293687,-0.011813179043292335,-0.0024108019431114585,-0.001974678049957597,0.01809685909543698,-0.005648120011678264,-0.007292764663157935,0.01944110710454878,0.0161935551447067,0.018697549197810304,0.0017134000172518051,0.014488828281760362,-0.003419725576895604,-0.003907783898262114,-0.0020126879930510793,0.013145025906510772,0.008082176189460874,0.009592120162370299,0.0034401756338469807,-2.018595901161364e-05,0.0002669973294743728,-0.0005114013206718223,0.013988190096783324,0.009387126732346845,0.00833656752697954,-0.009169476456062276,0.004034665780084055,0.0009895263630677836,0.006514418120012469,0.015055377984798337,-0.015525835891230771,-0.0006858895750422888,0.0004911443240129467,-0.011518400789729433,0.0543397441207694,0.006624174132544375,0.013116029638724777,-0.007297107355714829,-0.0028411641482161657,-0.010705509260704491,-0.011371353355823155,-0.008042409288648083,-0.009546948247487832,0.0018199771835778094,0.02206769996509099,0.02099074429610531,0.0031288697336052775,-0.00025320323457244374,-0.00014105955547207092,-0.020324380304313584,-0.005807388057223188,-0.0009629312710243302,-0.0017844884589652587,0.006214991303348168,0.005407196758781938,0.005196057887256338,-0.013143846153406429,-0.014815097399401789,0.024307182174216416,-0.0035004826282859364,-0.0015761382858009503,-0.013197140159569482,0.03588634116992713,0.019181132284087583,0.003234979950004268,0.010841131484982084
2024-08-22 00:00:00+05:30,-0.00785754079735662,-0.009833215712995877,-0.005358190147813426,-0.018124051702514025,-0.007477072761481786,-0.03134269210017556,0.004044272195757601,0.011499744076899777,0.011060204770856952,-0.008191217952860689,-0.003796441970620604,0.006293544698763955,0.0012241397036814984,0.0029260913070430954,0.013695417382343719,0.0027586298179552047,-0.0029513177400009344,-0.0031371017524557837,0.015526745882669678,0.008945247818119081,-9.423973204928118e-05,0.00901921471022463,0.00625122538895772,-0.025127380528123827,-0.0055338584014079355,-0.006314568213980476,-0.0015117653723239917,0.002170923249685668,-0.01331308549998693,0.00406214682325785,-0.007992503262961106,-0.00884688931654738,0.03464867071095412,0.025846927684787736,-0.0006560055356758601,0.0033772326761716378,0.0019992157813361316,-0.013049821377718034,-7.291030918685887e-05,0.007779695371487022,0.0005731738237570533,0.015153322327738044,0.013736801555266794,0.011247695689282551,-0.0016832572681638952,0.037057242106080954,-0.0005752576857904288,0.008913074791481446,0.004962150845176874,0.004023471253213658,0.04174566528984064,-0.012861957716384046,0.00801488972522544,0.010565627419084359,-0.004540602545499746,0.004705056165105829,-0.0015853133578839192,0.002901704777230238,-0.00801054206110378,-0.013806258311842535,-0.013249053866559567,0.004522861030017653,0.0009792543801580796,-0.015920388725123087,-0.013788289173157916,-0.000293990848557777,-0.01027542530645024,0.022426745990222034,0.0035812112670600333,-0.007902759993552281,0.008127633600560085,0.0019333472461131515,-0.0003670846494409174,-0.0029756585998714745,0.0018585071138149248,0.008203517221572443,-0.004902679189862547,-0.003819106456397322,0.013651467043262824,0.005807388057223295,-0.007965229336653055,0.02800992330909722,-0.010934903665249643,0.023707192063056198,-0.0036580205108690013,0.014507282060380567,0.004104606522996679,0.012282474979434882,0.003530320337177317,0.030002937404939787,0.009640089886210514,0.030636364527913254,0.009291216482309241,-0.014062456699068245,0.0036427819929923575
2024-08-23 00:00:00+05:30,-0.006793339855843957,-0.01129057010997689,-0.007351808592285905,0.007683739079336371,-0.0006703856201624628,0.0031122526395782704,0.0028448907066081813,0.004404339445868076,-0.010077044595939689,-0.031400230405729826,-0.00342480561071483,0.048457753998198815,-0.001149832150886396,0.008696790579963965,-0.0006833752833925588,-0.006316622814841285,0.004914001433351876,0.005980422549424522,0.013631620669502506,0.0029798845781694454,-0.007592864866740103,0.012811620245203959,-0.002049723015653024,-0.012415259591036096,-0.00711950055835762,0.01873223675663863,-0.01141197074341786,-0.01136447714101165,-0.002090030496686635,-0.007211409597963751,0.018017823144573036,-0.01984793882521473,-0.008331490333226029,-0.002398333046769299,-0.008808711213079249,-0.003838722051286954,0.004123758121044842,-0.005819655325967096,-0.0006566115947841164,0.011396387165249666,0.00813075619107755,-0.009395323578551303,0.010356728859731714,0.0065072647031435135,0.0024743916593384253,-0.004197336452346338,-0.0038048428198335766,0.010799150329956713,-0.006989273298894795,-0.00969984515190979,0.049457621025051836,-0.009685166230550152,0.008323155885420375,-0.006128029258204891,-0.007461053030864482,-0.00192334298442332,-0.011070122386292248,-0.0022067651732137162,-0.013243998487046445,-0.05168715963244523,0.009486737981536037,0.0021116480386039116,-0.016164944685749045,-0.012692223569368706,-0.0034768861864174654,-0.008582476303969994,-0.00920801763514184,-0.013667931166074326,-0.005231155470196907,0.006713872655070667,-0.009331048572006742,-0.014635719220894673,0.0012341222802767415,-0.003319751066257678,0.019560838748445546,-0.012323569000536489,-0.00543843826531803,-0.00481600194743942,0.021629617821745058,-0.006052704980927142,0.014235803702550058,0.022199750943286422,-0.008499106507251289,-0.007491857991022414,-0.011892132637855515,0.000389125122612385,-0.008007198263314634,-0.009589750935455511,-0.00394828241026087,-0.0058901121331935615,0.0028607235612075387,-0.007618965363928853,-0.022556996087819997,-0.012798281423308308,-0.026249589993330442
2024-08-26 00:00:00+05:30,-0.0006865355061968594,-0.011609426122328754,-0.002392036592618275,-0.006332809092740839,-0.005884648489280162,-0.021689648227268998,-0.009435033892035758,-0.011832433158703142,0.0052798963350509185,0.011743465266927086,0.003724049286570028,0.0025049401215977087,0.006289703596735066,0.027842146768012156,0.00381573038583096,-0.00436601798207122,0.002285023145418853,-0.0029857405996409053,0.004502890377660933,0.006550489020528365,0.0007421739788445816,-0.01632832543092671,-0.006174143774636758,0.03371501095728107,0.012245612956425013,-0.001392741085411978,-0.0008243884472994812,0.014373211934777782,-0.00161172782746886,-0.004686158118083457,-0.012489547051027656,0.02487645078927179,0.018314156605968537,-0.004357245028357712,0.03431373650341059,0.009127175677615675,-0.00460591800424506,0.01446000660619679,0.03830237511609854,-0.004311734511986574,0.0019691281828173,0.027451557265594437,0.008109953687694306,0.012064467325829524,-0.00019769371340634827,0.030228570808439707,0.0019042759475769472,-0.012950928515421432,0.014276927786540227,0.007516938668120916,0.002046555531694614,0.016486191203350622,0.023576216233152505,0.026473589114421815,-0.011992741553069149,-0.003029880386919491,0.017282832220436344,0.011974543523660263,-0.008801084854813698,0.0452882552291716,0.012283847748584823,-0.004766584331411365,0.009219314993773254,-0.023879645750003255,0.031589295239162395,-0.003822591619190247,0.027678600788491287,0.007750352232467442,-0.0007772266297825331,0.005930352373872495,-0.0009464607982909405,0.00535461586461187,0.008381617461138741,0.003876659746506409,0.0011625343997608468,0.008078520016403022,0.011321972403724566,0.002971725237962389,-0.009486835235816586,-0.00036797367746112643,-0.0018601342334633785,0.002959072016140125,0.00859900613520829,0.01924053432053801,0.010827561589179921,0.009680644245715488,0.025784613052191388,0.01672219143037897,-0.0019575470416898708,-0.0033370849234058073,-0.0004145268176867645,-0.0038629662886859426,0.030252325416910638,0.014723223591353708,-0.06144946779536026
2024-08-27 00:00:00+05:30,0.014849937544612352,0.0,-0.0006192522023184573,-0.0011123636738806968,-0.0028369922802312,-0.010947252193383097,-0.005111465452083605,0.00021386924049766708,-0.001625328084258844,-0.00017142608773853174,0.00931298976576408,0.006596853047075095,0.012498283236968022,0.019265268475537514,0.0022875278151364238,-0.0007958278190929711,-0.019092177238559337,-0.005998451347182726,0.006059979655392394,-0.015801745990318625,-0.005648343983044455,-0.011241002423057705,-0.005039196946821558,0.034348283089124965,0.00256898541267138,-0.012529223939685986,-0.00289057805219604,-0.004832717835921434,0.002826010648914709,-0.0013034275467333862,0.0,0.0053840259262981655,0.0010992942238387037,-0.013501598764843126,-0.004575849388367729,-0.0013424018549275587,0.018974017680006543,-0.00887776750065782,-0.011799301403489696,-0.016916537186517405,-0.019417138288182607,0.008015599830645528,0.010698355513788853,0.014548039542500397,-0.010136197337419632,0.005576917294653072,-0.0012113759661287569,-0.0011052614092438861,-0.0006603758169015457,0.012684669602241336,0.005630174640274279,0.024230609826867026,-0.020446323020996023,-0.017192385834939587,0.0,-0.005061096726554681,0.002018866844421401,0.01655671570225096,0.02543304878279897,0.018146341381303405,-0.004413498885182194,0.02046098369627673,-0.007637817203735817,-0.003174000654802829,-0.012613923014291383,0.0007536716395482504,0.003045615436114446,-0.0030606855591153964,0.04197217717082779,-0.008610456587770576,-0.0017233023438462587,0.045567597157997304,-0.00806497283277593,0.023493537739552234,0.009852870144577012,-0.0037509376826933834,0.021059754820535043,-0.004867550630287329,-0.0064785150175677205,0.0010423932299082304,0.009517616657915617,-0.012363446328671701,-0.0011779428134504016,-0.008602256266044484,0.01328415817074482,-0.006443372538727703,-0.009526115248996722,-0.021988094140003033,0.005727303106175152,-0.008075150626868447,-0.0032468382731153573,-0.007163994437059827,0.0017259755268888507,-0.0054957910523529725,0.005218947507828776
2024-08-28 00:00:00+05:30,0.0039695813216593405,-0.02518753788767732,-0.012830173403284913,-0.01371460065707313,-0.005800223414979483,-0.01937319664053816,-0.012975144038310045,-0.0007375437456459089,-0.012937897195509892,0.0012697853310915301,-0.00875786160786275,0.014665901830392184,0.005289413464767939,-0.0032046599633402577,0.0038026757752111563,-0.005388688743292035,-0.003162140037464089,-0.002581661858085143,0.021825409460474104,-0.01120179629318593,-0.010629923836149115,-0.024973609625680845,-0.005608794836360539,0.00476756864425054,0.012530199088168416,-0.009548741143104285,-0.010989481982369653,0.025813907446097815,0.005206952257683129,0.015893222444342246,-0.024785224646169935,-0.0044492854946732935,0.014418167749138167,0.005779861541103797,0.004575849388367815,-0.00039698101525588176,0.0034421089982464366,-0.0024300949504603097,0.002200905091565344,-0.007718138434102429,-0.0009218949412631778,-0.004099209484096195,-0.0020406318910282093,-0.005331686067584517,-0.006613967071996358,-0.0168249342175264,0.002881836794368277,0.0006081051670560485,0.017028083745847418,0.020317475913726044,0.023547395870847837,0.004762945968260709,0.005546033324965141,0.0001032052945800961,-0.0030983773731448096,-0.006704370446137011,0.06332552387767315,-0.003693259025797652,0.004945394644062071,0.011610937678426336,0.0061662463312567115,-0.011217514766936644,0.013371527134988919,0.0046005516079548016,-0.0014657148960874797,-0.011547877143327416,-0.0031980898751520883,-0.005176053976355664,0.005205889014213195,-0.002687402105819088,-0.010489462109922312,0.0019422064181414667,-0.0014338708322676863,0.002579660304249715,-0.014815775245051014,-0.0048884305584963005,-0.008583086558859173,-0.008223407285673008,-0.00541896517836483,-0.007998588808454526,0.012467995125604972,-0.0014055797241813227,0.001977005570920634,-0.007010179000048891,0.007562140119594946,-0.006485057387882651,0.0016913240221324115,-0.006710241231373005,0.01694364190541296,0.05276168266321906,-0.005817559588268434,-0.023766504512982553,0.004623943785090915,0.03318580010053931,0.02135435975341313
2024-08-29 00:00:00+05:30,-0.007828120726459132,-0.022696406936244272,-0.0025959037640101166,-0.017042992575320586,0.004243254620220174,0.004277356567521872,-0.006347206507172327,0.011845805914121776,-0.003092200088511312,0.008813221225168118,0.0037932059241188006,0.014079139695106347,0.02342625755257928,0.02430112123524269,0.008701134412131451,-0.00020010001276405933,-0.012580753891138767,0.023560601375411976,0.006117481355482723,-0.006542963915797901,0.02220337816061745,-0.015574427176777846,0.00045342892959554233,0.0033719885289033094,0.00021635053628105605,0.0022771493387496486,-0.006231210764289474,-0.003614497542687363,-0.009784463378400754,-0.006276137865810478,-0.002770182477567959,-0.015234154534253273,-0.0005416280411460175,-0.014596688266488356,0.018667793310204656,0.0008853219422047762,-0.007031728064474784,0.0014006394841127208,-0.00647440127183447,-0.017917794454096348,0.007532111385017678,-0.029275193554938985,-0.0015945947312948697,-0.0016586091177506193,0.015562993176267692,-0.009059545762019157,0.017627798298664638,-0.0056526735640623025,0.00787291858758462,-0.002969698056039255,-0.02079146951373699,-0.022724361324271185,-0.010111524378103937,-0.008707417723695876,0.010495473284970469,-0.007874452296504035,0.0007423585846904227,-0.0015191825247923675,-0.014535735926951343,0.0021546835154012327,-0.01454418127068284,0.007762685149198552,0.0008658168920979371,-0.0175985077836207,0.002075763906633976,0.004822914385025222,0.005476179813371648,-0.000746221728989507,0.02779742470118681,-0.003444451596413155,0.006774380288316604,0.012371575700367683,0.014987512987688842,0.0,-0.01169423238201242,0.005216873142342094,-0.00042183298164455164,-0.011888056421441102,0.0009228691994158555,0.006281148852120681,-0.0070062991599267235,0.005210630209792927,0.0012754225456269978,-0.002250511573476285,-0.0011596795406948405,-0.004760824863481764,0.012215063613761077,0.0016145608466932308,0.004406238261193743,-0.009914917444057888,-0.0011399105637924258,-0.012479331970233718,-0.005702366257975266,0.007640021287180168,-0.005505758775487899
2024-08-30 00:00:00+05:30,0.007532076884507857,0.003281184975258635,-0.00026483155969819267,0.004634939257169081,0.003955432760356334,-0.019195926969486084,0.007401085754077675,0.010199783652004253,0.003508118659104782,-0.016374673957629773,-0.00012765018378484052,0.007714602966247253,0.01915419437509509,0.015486257093605118,-0.00018883982278813076,0.0012002523700925846,0.010411360021259194,0.0033608431594204656,0.014675572790835817,0.020516452669419486,0.004081588734443976,-0.006729223081470429,0.011271044321097965,0.0,0.02220990869226629,-0.0049405016620666506,0.015742691670158453,0.01609901501048058,0.014353059331591657,0.00903173374615257,-0.007198701026230626,0.024617913516121696,0.0030427541605165943,0.00842795774100946,0.000798999441128527,-0.0010074551469059555,0.002439694294894625,0.0032168265016273975,0.0012126821622064948,0.016807341715936015,-0.0026064471271542667,0.008523488463065153,0.005956456801893047,0.0015886199694935073,-0.006355556063519165,-0.001234780291807983,0.0007349222965436696,-0.007362830550271593,-0.0005336953662908115,0.005339123041916493,0.01463033033388579,-0.012437222219551554,0.0014887285726065869,0.010254409408974551,-0.012203648456643205,0.0019955368958556,0.0038979403527574256,0.005738985771411017,-0.004312969859563592,-0.0004385551032350205,0.017185363850020955,-0.004087402043295438,-0.0047425659880171896,0.00071967757725705,0.01525278301571848,-0.0015183902758098104,0.003483049199361067,0.013684595243445494,-0.002998119697514321,0.012226336809281866,0.008961704900129644,-0.010433551252857508,-0.007457397730856757,0.003573465942902946,0.003077101578466672,0.02626814478414682,0.001249095138489991,0.0034586611099001754,0.030409190549996044,0.0013496380721544593,0.01240057131049106,0.02219382659759255,0.009254821001245432,0.0014176019700634591,0.008665062633248042,-0.0013737692160141418,-0.00660813555654296,0.009002115601717505,0.0146251715094415,-0.0016609141026398136,0.007094693987134524,-0.005415395196877724,0.01083881957859909,-0.0005569963826096594,-0.0036726772960729015
2024-09-02 00:00:00+05:30,-0.030292782236263065,0.026158681035658066,0.007522839228935844,0.0568621400682431,0.008466617346978112,0.05860759130301558,0.005414451621069738,-0.006873128354548815,0.007693846908249757,0.014586279018464822,0.011463522938935192,0.021306389424006457,0.03277573297789242,0.031739083300637454,0.055459268671610995,0.0150795746386273,-0.008050928281027098,0.0022344232639206416,-0.011201287359157468,-0.0019160340988683146,0.011360873272104078,-0.018120353452633537,0.011056707017222547,0.020871724499357286,-0.00499768719622347,-0.007840956762878654,0.0037204510747464756,-0.011262780932003445,-0.022901667488077516,-0.009835566984686519,-0.02456789242029046,-0.015389811972206291,-0.0075561261237796435,-0.0029872739923858496,0.03000310641489767,-0.006097240326599719,0.00889490991670551,-0.007371733331328167,-0.025195304696489604,0.0017186396943659186,0.0039698556768968316,-0.013875185956362364,0.0006099713646655489,0.020290050253936317,0.016107872784835345,0.012889536452487926,0.00989598617708394,-0.006064671412053128,-0.014693104431687452,0.010644405453562582,-0.007679522287099152,-0.007551521083046569,-0.000690919792874451,-0.00521766643517161,0.06963499294531772,-0.00030893806236666573,-0.00041422587868692124,-0.005833986263544907,-0.005323148973744308,0.0002391735758686091,-0.010174898989603172,0.0019653280836719024,0.02235820579746426,-0.009868499598692867,-0.015008867578114746,0.0036521265631696206,-0.013852136459811482,0.0123778219519929,-0.004376630517663957,-0.005498219793470284,-0.00042901579458346666,-0.004203967382555154,0.004378896982091211,0.020567378050474695,-0.01060490854083666,-0.002148924903235289,0.006454378087573469,-0.01660275290847885,0.031112178191177398,0.007998838604842356,-0.003133910929118885,-0.00806577063497039,-0.0072067001725733635,-0.0003750972760367317,-0.0033415519530933316,0.0007853296018792841,0.00618308469639466,0.006263450585811296,-0.0160237414929781,-0.0014748285797679362,0.010824360323023745,0.01359896162821089,-0.011162506758705015,-0.011112831111112942,-0.014602030334664506
2024-09-03 00:00:00+05:30,0.008876961617455274,-0.004749705617140762,-0.0019906139035626635,-0.0248737597753291,-0.010053678635067566,-0.016700801593728994,-0.004199647813174767,-0.005129320749739351,0.0012369347377578289,-0.0038575462016930606,0.0023525454266903802,-0.007438013530780717,-0.011660433657382391,0.013518232635650832,0.025322714387443584,-0.012683446051699522,0.0008416776722475264,-0.008545445917559189,-0.00686468932111828,0.0022139469784519293,-0.001030629129292624,0.008448749324491411,-0.012043531992458664,0.009175266320604109,0.003969847572221551,-0.00240288430298214,-0.0007666301854136754,0.005770606587075982,-0.0026664949791299106,-0.009439935599805604,0.013207547634460524,-0.00655818084762032,-0.006346452831380015,0.005947093967871687,-0.009007335071434317,0.006372094625135141,0.017885490495433243,0.008739636079743355,-0.007337811140153468,0.030326824592377843,0.0018805573976295312,-0.002635852814304795,0.014328377180272005,0.010219227597744351,-0.0012752051592669039,0.0046393499100009375,-0.014653810064569037,0.005168596658042611,-0.016167142892568858,-0.011905680134933401,0.004236693424289851,-0.018734856718535576,-0.010152914638815647,-0.017872568433471556,0.015249986909764156,0.001992108898150539,-0.0012683380469756809,0.0019122537043619427,0.0034892336693777416,-0.019808996052819675,0.002822862461143403,-0.002441219435625967,-0.011575400478447554,0.058877887809461835,-0.008819198201180973,0.008272899366252525,-0.012338248629181446,0.003582868053076281,0.021157938098012526,-0.0026858936000513723,-0.008013536316979104,0.019654817812242372,-0.0047101837834315555,0.02090504991076744,-0.0024354703553299997,0.003153025017737681,0.014268702656735868,-0.001594294396472445,-0.017425931424687412,0.003218075944266642,-0.0024535748665206734,-0.002906666278006639,-0.0019262129910706987,-0.0005836277014767294,0.0017297902914459463,-0.0047865238459575965,-0.0015498411091818263,0.009322091560904515,-0.0010647467044185904,-0.014854802964663648,0.0031372429927720986,-0.01429871471359409,0.0028022561467449148,0.006738491675324717,0.002201693728545246
2024-09-04 00:00:00+05:30,-0.01672658127065143,-0.000583123359211807,-0.007853349519597595,0.01723820348577193,-0.0050480418193569465,-0.012596136775117036,0.01494119261742628,0.012493092584139148,0.024051917962064448,0.023866590290272598,-0.01173360260088354,-0.007265767281286571,-0.007411373407943007,0.003371275346826352,0.014910426304041203,-0.029140104323425547,0.006039194830555767,0.005192026248760681,0.0008326418456592198,0.001622204360823579,0.0017732736306941888,-0.000652940620777371,-0.025635384857213075,-0.008502731198048966,-0.000786660130954084,-0.031177650078805026,0.003239215020602799,0.006022124353828649,-0.00977212780314414,-0.006649899054072257,-0.019774330250319133,-0.011070401535360165,0.009911332590507053,0.01859321636461285,-0.0029086087928407397,0.002714103131586349,6.590037519217968e-05,-0.00034175184523299574,-0.01798376804998307,0.006086123216155071,0.016662486047408404,-0.013593131811463495,-0.009138340258395555,0.019108859584633802,-0.0060054110232279105,0.001061716065783652,0.0050968163907534406,-0.013766903357044257,-0.0013507071603001098,-0.009731694539773456,0.00033242411445667043,0.008338160231631087,0.002253219985376588,-0.0027985573657431117,-0.008603441137913751,0.0,-0.012196341237877857,-0.010720699209276223,0.002303573008995081,-0.009314556487475622,-0.012738541998889838,-0.004920475125080189,0.010667914363256432,0.0694373354874116,-0.0032039589613084346,0.0015793517790908481,-0.024506453566118,0.012960924507261181,-0.006372546168125603,-0.005243067463270682,-0.023192647158118678,-0.0075753038329213485,0.0035883677263329147,-0.008565902761127406,0.002124825905070957,0.01026373970437946,-0.008487521228000805,-0.0014784522740847869,0.014929196455549095,-0.010114066988978538,0.011716898980284555,-0.0027711242596660276,-0.007362500447497154,-0.0033835823796584774,-0.030534087876445078,-0.006395777430261411,0.0007296996465618575,-0.0037212114486508915,0.010669335724735178,0.013692975404749045,0.01038591160689871,0.014988536848586014,-0.011256674232943187,-0.03203462846876746,0.012400336606119366
2024-09-05 00:00:00+05:30,0.001445457639459448,-0.020776232691044273,0.0009954272928571195,-0.021250655645364352,-0.0044593700095354365,-0.010813373947027173,0.007545992277692707,0.0004904028668768573,0.0020402461338178577,0.03982638130010125,0.0024171239552323322,-0.009894967354287229,-0.007508076976257206,-0.0037198013645672176,-0.01566276896919537,0.0014363758801090977,-0.02832859022723278,0.009610819859573074,-0.009456180994767752,0.03835591946717022,-0.01300055821319599,-0.002106903663248162,-0.003690093545953023,0.03065549094761575,-0.01472746474895617,-0.013291532626827163,-0.01028372243045378,0.004756475299030406,-0.013565451037317365,-0.006944365388652907,0.048231166810877815,-0.008077093211419889,-0.012001579917824905,-0.005837130250848804,0.0029643128093497875,0.00222062525941455,-0.009201408475712868,-0.011558735958750893,0.004712943233156447,-0.014377241596217637,-0.0009860204160693834,0.019968125576334643,-0.00032361422839610846,0.0021081649790372823,0.009532729718751326,0.016239792131085024,0.02405444418652095,-0.014535340475094314,0.005311739199685193,0.005550419185196586,0.002810111121724686,0.02257782283339013,-0.008178684815401334,0.005168537894025696,-0.0053426384754595505,-0.003284904327534458,0.012781884472690607,-0.007326627712007964,0.004264218356684675,-0.008656594921725515,-0.009684517614550636,-0.0030566649181139067,0.004924567130891437,-0.041849675832701015,-0.004577230665709409,-0.011846302128296151,-0.009587745403941432,-0.0017900844870659093,0.005298484836788269,-0.004968648282495844,0.004064671908755567,0.009480053808284816,-0.014347647200814129,-0.0022774258019451553,0.00015533428762622663,-0.004219079100663925,0.00047771229801243557,-0.010799711982471259,-0.014607450928512483,0.0027519234806733617,-0.003470503275509989,-0.0047681969326480176,-0.0007368525216703667,-0.005286039913393473,0.0,0.0035656458103397186,-0.0035313866894600243,0.03141910509013834,-0.005893967297440137,0.0038790889035398425,-0.003269512356889314,-0.011261860957355738,0.01587416326348645,0.010919544675032278,-0.011368564608626982
2024-09-06 00:00:00+05:30,-0.017631477598021854,-0.022180793684991422,-0.013320631215053875,-0.014386437008452104,-0.01592215388679394,-0.014313347353619024,-0.0137042549160194,-0.003973638381327417,0.010887739219176374,-0.0008857678946202535,-0.01863868695080821,-0.002365656300023078,0.009923181178139695,-0.0041911568916176995,-0.018741384504267867,-0.033357238626256266,-0.02438288907648339,-0.023989429588538655,-0.005151523812918386,-0.04127369783622539,-0.0011031954992620173,-0.02049960716925508,-0.045569837982750064,-0.014614572359853988,-0.010312520039876736,-0.017148215421642625,-0.03309681646056013,0.00329473741073255,-0.004280520828287741,-0.009966065510745043,0.019814191053380725,-0.0235074657882508,-0.009823725277449076,-0.01794155713718311,-0.01942728165260521,-0.005179123569697468,-0.018051122539688942,-0.0037848280065809706,-0.004263172805303546,-0.01874553471926782,0.00017607044919225692,-0.018014882031670218,-0.0227496602246682,0.002767181760016039,-0.01875848609490326,-0.019884690864095625,-0.026259908243173122,-0.02114650114925731,-0.006724853867538655,-0.016323782250105872,-0.00933182440602012,-0.0068820848091868244,0.007910710414569451,0.0036231045257463204,-0.02492063604742366,-0.007791998888527324,0.002614811927368246,-0.013724485158960948,-0.028841782761778727,-0.017414981852086342,-0.009223127029700597,-0.009185305896981015,0.014629844031665467,-0.03980709700870295,-0.021177455819756906,-0.0006789077905939793,-0.008384562219118374,0.007605306749508219,-0.023470835876736408,-0.004386990917207268,-0.03044101920776908,-0.03740198447981286,-0.019035038606051755,-0.00607227911717809,-0.028136839824105614,-0.0020206557873092283,-0.0030395938622982685,-0.010804093617088357,0.013918813532973487,-0.04528485627482407,-0.0010681450639332534,-0.0034094708596827884,-0.0042990089278957585,-0.01252930182860938,-0.009309019295549911,-0.0033009612504637277,-0.009961086182434385,-0.0073736753692529395,-0.0075228654789417935,-0.008983175641607229,-0.009558080665301642,-0.008136854665399373,-0.014895029177955401,-0.00813048246931948,-0.01367872342095928
2024-09-09 00:00:00+05:30,0.011179432753120168,0.021783648567770965,-0.0038050449245542553,0.0013139815729430733,-0.004516631313920707,0.0007874515943510971,0.011010234677820223,-0.006696889867674945,0.0021512222675974385,0.010867527782659401,0.010388189320927358,0.0016145571363283418,0.004132400123570733,0.0017753108269255187,-0.03195453148244661,-0.0012728175121016485,-0.007254766281584495,-0.012429667083661708,0.0022064411733645523,0.022865780072023213,0.016278079607417294,-0.014054136462864101,0.006171634595512619,0.0176420786385474,0.005632576087923881,-0.008427555310520087,0.015234915491435574,0.006924546719767689,-0.0016887255309514895,-0.0010842080325466753,0.012424894041584573,-0.023016715709469844,0.03311494494302747,0.00647764822206057,-0.0053386657082660945,0.005817127343143787,-0.0035273422752928546,0.010651517689378446,-0.012899476492778976,-0.009956999447376056,0.02876566201256072,-0.013961651714762723,0.0219807062513809,-0.013039467294863116,0.01983378551284064,0.012999838113588453,-0.007386845879338128,-0.008989443650259764,-0.000848927432764326,-0.0037928986412471494,0.005170806645029144,0.02944047355456451,0.0015532528711926753,-0.008580114386976043,0.014295398481078041,0.014630446437407948,-0.0030538766498887904,0.0009926221785161074,-0.009283433756452422,0.005419859970976856,0.003976363019957041,-0.003320776213211598,-0.01813684309071343,-0.011255136734001848,-0.012617194515803648,0.00539849880811097,-0.0325847681101886,0.012370191736660341,-0.040608066806558034,-0.0037974477673385796,-0.0033693822716670705,-0.029062507424158442,-0.0016226194212784748,0.0028698578596016338,-0.002505385203605854,0.007319773304012202,0.024438954768570473,-0.00851775656115561,-0.01381302480607357,0.0022338760593351974,-0.0014809966342293145,0.004639849247751597,-0.001616805480437264,0.01538561778657741,0.002036306813466459,-0.011640092651671145,-0.02751198331753303,-0.0029674201064748777,0.0042057533819002185,0.004648810998447056,0.00536479172511167,0.021596716300752217,0.000978250663684416,-0.011106384333038868,0.0037656544663878595
2024-09-10 00:00:00+05:30,-0.008614916178999454,0.0068776523538124,0.007478382618355745,-0.00863967964885561,0.012113817222681693,0.0029082570305720913,-0.004931686598891931,0.008830205391574046,0.004349360573214417,-0.0031758513326764857,0.013867527219592302,0.012837223055475522,-0.014476615519206691,-0.019512351796234867,-0.0012802127471030927,0.0006365442948491773,0.014807167134153889,-0.005333288461968193,0.022561385354998797,0.012854369782951309,0.005113646964019644,0.0006772217598493075,-0.003949287757419308,-0.02012636344394393,0.007287506372127679,0.013633521557817859,0.0036823303387731538,0.047735752867878595,-0.0008268229349203353,-0.002140207732804967,0.016952750295515105,0.009961628246548232,0.007345407526940087,-0.002882006181432363,0.018350742383497248,0.0023355209583480166,-0.04574364142647416,0.01575458301946621,0.0014415715960007464,0.006112040641116254,-0.007971948016832894,0.014064318119931177,0.0018606828214973378,-0.032459685217254786,0.0036085210358342604,0.042847489097794,0.0011970342492550658,0.00840043254104417,0.007801179692361472,0.00927259450044667,0.0048443207412017745,0.018238461955289983,0.004805135026763981,0.016983301474407013,0.02827651466977611,0.0008096109389760275,0.03150795934517085,0.004975931450685189,0.0027650245918364835,-0.004619724636623182,-0.006983066463242669,0.00963993233742625,-0.0041450476282721,0.009503893338208377,0.016409445421395927,0.0074224890939437625,-0.011101627681976624,-0.01306629332229026,-0.02484777530058245,0.01690100649555105,-0.0003649133070587573,-0.02210504691801218,-0.000632662126516049,-0.025725750528704225,0.011884696609839816,-0.0028511098416601193,-0.016926225118227424,0.003751565419813339,-0.0061115844789772535,-0.0020422189507381546,0.007927503815593935,-0.003659379548918806,0.013017353780948482,0.010099413241784195,0.06373793242980852,-0.000334558238926644,0.017699609480881003,0.011562473206053742,-0.0014437222350646122,0.0001822036353536787,0.00405466980116088,-0.003841346747581982,-0.0005680751659899851,0.020950246636460695,0.008162836984972546
2024-09-11 00:00:00+05:30,0.004402642070940079,-0.01580473691912552,-0.016390613109170202,-0.019241072800383507,-0.015811677647800598,-0.015582685671165811,-0.006479745739431756,-0.0030821538249753543,0.02173439533140041,-0.008512252213387065,-0.0009269273980137207,0.038650820740966124,0.014217978037398977,0.004729802033817945,-0.002826681628162328,-0.012380040635984142,0.008016794728553225,-0.016613563910632075,-3.167326422581011e-05,-0.009720819049788026,0.006469884824060368,0.03714392412917114,-0.018115021765562185,0.009144806579598824,-0.002239042224632784,-0.014666115606354165,-0.007014164429729771,0.002365184967714604,-0.005715111321341198,-0.0022296602215025837,0.015015529875344569,-0.012536749947373936,-0.0020646717119375147,-0.00795008453213665,-0.00019666281972111332,-0.003915865787316679,-0.003920053206503024,0.01811881535715034,-0.01805437115701959,-0.018666726903881447,0.0019128837700574286,-0.021486109821119752,-0.0007681146198137428,-0.01451898533187009,0.001459190893361943,-0.014857982304139105,-0.03365603664720486,-0.023062057673324254,0.025492432714956912,-0.0011249358209147718,0.014087361122890683,-0.0032302480915640647,-0.011786903910602345,0.005080648928353831,-0.020696317216121973,-0.0013125356805229165,-0.0069686047555682935,-0.016599012428032377,-0.018037058494897056,0.00838369869313729,-0.013379071320135806,-0.0016976132765539258,-0.001993454122497832,-0.01818304015563387,-0.016922559608646158,-0.0034173347239221273,-0.035465980622461105,0.007046346351614042,-0.018476081427759045,-0.002847079341263934,-0.01962742077628637,-0.02526666501712873,-0.0068828975444141585,0.0030706467341287216,-0.030850819960048077,-0.004326043014805588,0.006070343767357598,0.001487603087930863,0.017428955075183224,-0.01811492181689818,0.0050786669748999844,0.0016863513107924582,-0.0063424110046161565,0.00020760060292019186,-0.02202133064627378,-0.008400857344271689,-0.0029906820560400373,-0.004382579723906749,0.002739929222027118,0.0015258242490007172,-0.004655051292346499,0.031823719012669484,-0.032804943182053514,-0.021921882143077838,-0.0005390729551485384
2024-09-12 00:00:00+05:30,0.01978583438912069,0.010068406524275115,0.017929746517867325,-0.0014063326459078397,0.028935594750484676,0.03739776111803746,0.008232487463497517,0.02314235194806585,0.00468097232927683,-0.011492308047947864,0.014438686439802596,0.026163569475498784,0.011202330289795956,0.011768042590943991,0.007644132926364808,0.018302306325818772,0.012591893289847628,0.011832621281612506,0.0427721350256294,0.026865841958801796,0.016603942330232494,0.05555029196723245,0.02177587293315003,0.0349405820395864,0.01759240833784758,0.023888380160884425,0.014338467953855365,0.007965526574739975,0.010732360658622377,0.03090342769994978,0.04373951597878416,0.01575990675290913,0.008960111018046257,0.02793372119139655,0.016089089024693727,0.01371413077639598,0.02035826657391732,0.019626279346081396,0.043061300302872814,0.009296176819986584,0.017831566886487956,0.027424514315947314,0.012698629475775337,-0.003527496767460736,0.0099628886156854,0.02331143192495091,0.020525437453393695,0.006848810102099427,0.0153771335005812,0.02087831675864555,0.019050469871055225,0.02437033887513651,0.028739596392806994,0.03829945688553331,0.015848157065099334,0.021125013739749243,0.01466349867578444,0.02376159524056168,0.017504004937124278,-0.0006262607178740478,0.03212423363646854,0.012843356763141836,0.04110472083634219,0.0003478457104331979,0.038267793407897904,0.00039558387552897156,0.0302083031988189,0.0047056669124581575,0.009725211273253048,0.014894518622416393,0.011657088896473183,0.017701132491346572,0.019309408466183287,0.008995728056291626,0.02688724606234021,0.0157090062054904,0.036183200400496905,0.009315331664548501,0.009842076153631162,0.02461005682383575,0.010616878397391484,0.02264322654196131,0.00852507680659417,0.015120872929898277,0.009708248040338392,0.023808298025065226,0.025048706882808604,0.014220296695626848,0.007510514608376483,0.00858679832408502,0.019209293830410538,0.028181417175004903,0.03666119440480164,0.030067407434471994,0.006718331226743433
2024-09-13 00:00:00+05:30,-0.004647999930384765,-0.025007604384518604,-0.007601537819279968,-0.01316653192087284,-0.014018768499540589,-0.02748216029820436,0.0023055935858468674,-0.006057755936779091,-0.00747629531688642,-0.00987960804637779,0.011649217376386736,0.0011636414613988393,0.022653784339148372,0.021124713775589936,-0.00216718029522346,0.009862579432289626,-0.006017365622852556,-0.0058258918164046936,-0.007497275403155129,0.006697642340753401,0.003896318366026122,-0.021416757774015232,0.022816871342637053,-0.0006666838693992109,0.0014772411771899858,-0.010954530915271052,0.032600683013832746,0.002886718267941765,-0.0034695915606757534,-0.003431542365417946,-0.03951663663120306,-0.008054495968051788,-0.014743604262181971,0.00983501157796492,0.0028726266709087084,-0.0003901076647119476,-0.012887838227531102,-0.004191281415975707,-0.004372164591901932,0.0006999356357750051,-0.007963611230961657,0.013787762363073792,-0.0014386901732146714,-0.0062386377403554185,-0.010935425444566238,-0.01705145987132081,-0.0004040649892260561,0.00137621537401979,-0.007675105640166746,-0.0032609584159350017,-0.010526344076056595,0.010665278007553895,-0.00026186924079390757,0.025986863379012945,0.005985511241823452,-0.0038927475799375596,0.0037239935792909152,-0.002487950153284921,0.0024688698319844733,0.02731639940072947,-0.0006569308685853075,-0.00686169609505126,-0.0063673056780044045,-0.000521699260814947,-0.00855822843282041,0.0014033916816420613,-0.008881148291909094,0.012265310324870956,-0.013521886415129004,-0.0028129371144911338,0.021744976750709653,-0.008943446005919996,-0.004860439093525661,-0.015823170568193667,0.008646618958916715,-0.005261879571346783,-0.00960260633965236,0.008357878522228116,-0.000729112499261309,0.00392756537881002,-0.006264838293665505,0.0020524930959279317,0.001084005358766637,-0.01023415051193282,0.004309868127993755,0.011466851380990958,0.007759352182761834,0.0007302772952562489,-0.0028208083437903926,0.0031363256372612894,0.000657400056881579,0.0016252373438378597,0.02757624160118058,0.038037258655787935,-0.0013846759434333674
2024-09-16 00:00:00+05:30,0.010459935919131604,-0.0028516037353586046,0.005559989786875209,0.07672495007992465,-0.007881708171517047,0.05003352165851911,-0.0036597283874617113,0.0017365644189767807,-0.0066478933275791125,0.0034161420592340704,0.011109049261727946,-0.004166488358171179,-0.033828860079982724,-0.019643214039249884,0.002763511973972167,-0.0012536694522291448,0.001550741889595388,-0.004831857233798961,0.0006116332469233206,-0.008954309247039332,-0.011495627985168913,0.0007002665539101354,0.002815885694495718,-0.00621169760162446,-0.00018072546939771898,0.006100667097413536,-0.0017384577383230057,-0.0035161055364268706,-0.0020439320346656797,0.008383446906814949,0.017436032921473464,-0.004762955285188194,-0.023714929822476378,-0.006865326911917216,-0.0005242229064565962,0.0029967417784922215,-0.005758029916549878,0.0009301987256347611,0.017521042040170954,-0.010300587081355832,-0.022707608859285633,-0.0003020758980666116,0.009947567380117598,-0.006826686435494525,-0.005366079714216951,0.002753684388035764,-0.007941835837216154,-0.019867123842800385,0.02235765927196298,0.0031584382345063366,0.000960561514155608,0.004351051743881553,0.017086444136821963,0.011570929873304667,-0.008848383444887297,0.0059973003598047985,0.0011293723837979626,0.013539260648471748,-0.005818787529416095,0.03655353183497213,0.006658772483407379,-0.0021986874669934118,0.025014855377336363,-0.01453891664198702,0.02387804458944704,0.007164003034809709,0.0035962429197742697,-0.001587404204094523,-0.017061544746591373,0.0029607326423425288,-0.0027037301356912548,-0.012407215770514077,-0.0008661550457718227,-0.013768872573631085,0.017175399798165257,-0.010240294043512623,0.014939983282437196,0.0003799700012451677,-0.03098068392589208,-0.006724214311769078,0.004950564568438524,0.00462057896495759,-0.0020694142651098107,0.0067523103738885565,0.0035022884854685305,0.004679932675848751,-0.004266212512796828,-0.007019551205421332,0.0006372013334450226,0.011771729580210876,-0.006446814960041301,-0.04039376019487875,-0.017215867018419387,0.0023583520758377894,-0.0024168793388625793
2024-09-17 00:00:00+05:30,0.013869534603712968,0.008631685986311203,-0.0032549904675670555,0.012148803359974336,-0.009835119805726407,0.0006004791071291237,-0.00687835266188257,-0.0033192269474278066,-0.006918774476956122,0.002887445346626491,0.0008524423663083303,0.022163793758909096,0.002685025068240751,-0.004802689041662536,-0.002898401298154066,0.0014624836120115388,-0.02122929130338,-0.00662701722581352,0.01595331326649441,0.019876316008973403,0.007893843571491177,0.02338715524885241,-0.010837410110647911,0.005862267793741219,0.007444788068008372,-0.009676635835539706,-0.0014509793942887675,-0.00496726885263624,-0.00232705037580576,-0.010052041940088121,-0.0253455523892735,0.008684590600199455,0.002092011994439243,-0.0037861286371143844,0.0010481711472372273,-0.0012874548225078849,-0.003499365284944443,0.00833240579931273,-0.0031429189077107904,-0.03066769610468047,0.00222962699463971,-0.011242396507866625,0.0041486762767307854,0.0038592044950383274,-0.006576070988878954,0.0018796332514308474,-0.007653548036130776,-0.02070578898384649,-0.012547012421186738,0.001178640955265391,-0.002702131479623785,-0.030328305483509885,-0.006975871644195258,0.00920870622918811,0.008137723212171,0.00834713017452779,0.005015828971648921,0.008956959774981474,-0.0067826826835261245,0.005782560535003201,0.010910698137012934,-0.0035256323752961825,0.035557934605268765,-0.013560393615298849,0.012569558362352856,-0.0010792345628714243,0.007323574048809486,-0.010846100528645009,-0.01766865448667266,-0.003999115712236311,-0.025408062882243974,-0.028675363661157544,0.0006455036838900313,-0.0011537517609565356,0.006275760450940837,-0.007141201184437259,0.0016512233940045836,0.007583491686765243,0.00232370891649305,-0.003379059638963818,0.0016895011889888453,-0.008126539087918678,-0.0016854644564775346,0.0014351081078215334,0.0039394168751222085,-0.009054544838810904,0.0015452391679025592,0.007125699399254842,-0.000188226641848998,0.011499784656893771,0.0002576696290424161,0.04502230900316913,0.007811617183985181,0.0,-0.00440092121930577
2024-09-18 00:00:00+05:30,-0.011290792189764575,-0.009243781066088592,-0.006372708179762788,-0.0018436835696832275,0.0015410139854054104,-0.022230784842674843,-0.004665832297965515,0.003966095658807391,-0.011582840182039842,0.008650484105978419,0.006754207312691676,-0.01565705426401474,0.035424955678844815,0.021141278129448774,0.03999047236880247,-0.0067030458346445205,-0.005113239283657334,-0.006819832526242757,-0.0041306819065088304,-0.010317977728278721,0.0019944422156691582,0.016482274383809285,-0.0008531631469969264,0.010240052563845399,-0.012156421159719015,-0.0028700802894246593,-0.0001742076600420496,0.0031039019211343325,-0.009674669154583043,3.0898786031976684e-05,0.018661375963551805,-0.008179699442784637,-0.01884851961022889,-0.01173895169677409,-0.03207326931893794,0.015459906194788925,-0.0001431023989434136,-0.00938836509460168,0.00328881932169515,-0.004687390620615507,0.0008176212525986413,-0.012091537772815804,0.01584263242677608,0.01765118505187354,-0.0007880948455471809,-0.015797549695159795,-0.012154947569491021,-0.012783716844618643,-0.008194607226103521,-0.031422513177019974,-0.0018462054797379237,0.002934711624346977,-0.007860734905090691,-0.026859554132846405,-0.013599838006153935,-0.0037707492831350426,-0.013952786136034338,0.009494198596435471,-0.0025492738895605076,0.003888386461583584,0.007344855147380225,-0.003407063680307276,-0.0018156858353932106,-0.0036553334095220298,-0.005177875074479757,0.019557325312465373,-0.014529039543528126,-0.023773080578761242,0.019703055792933084,-0.007747330378577261,0.0066427577459912636,0.0021998861832065674,-0.006029242451398181,0.012726848444399865,0.04585313182517583,-0.014271565505604178,0.042896688528674384,-0.0034951813928028857,-0.004746071421718302,0.012502883924336329,-0.01626140842851053,-0.012135431043524565,-0.036041634040343294,-0.016026054837609924,-0.010161525108386782,-0.014633407844902963,-0.02834138177601643,-0.011224235162769238,-0.027493765143970984,-0.00915243705272361,-0.0012673816471209672,-0.004551217892842578,-0.0033403458699005615,-0.02522957202018109,-0.028300780229341783
2024-09-19 00:00:00+05:30,-0.036967938980939336,-0.0009189080261130709,-0.0044581433784793255,0.00620884899397755,-0.014522711634403747,-0.003227530487986574,-0.019048132278157198,-0.0008033411066641929,0.005846181619301384,0.01457453954706858,0.0018121892166595335,0.008746384513394434,-0.005354270725596463,0.0011645415613415284,-0.002421250136371419,-0.00865434023000971,-0.03654446286161604,-0.035277309070369724,0.005994398505155407,0.0021207182570371482,0.0018355767298996492,-0.009870224454641523,-0.007042262499345552,0.0038601180216417453,-0.008451676591446295,-0.0189633157418227,-0.01333357689281765,-0.007331351346831939,-0.009984526192681073,0.002995296896975241,0.010816762879078741,-0.03274093348246876,0.008828746911477982,0.005950533470766899,-0.011451688085722677,0.008051080845011552,0.003856333268482096,0.005418430197768551,-0.0015334663702040968,-0.04749758777679023,0.012405947656729603,0.00913342866959544,0.002829089776878537,0.027441409046764117,0.0017723097340264717,0.013773141930665754,-0.020451158082352504,-0.02109630400356747,0.020526588120847178,0.0010828866510957376,-0.010430557316040005,-0.010578557122119338,-0.008713509052704502,-0.021750117387938514,-0.0007209069442818111,0.01737817030725994,0.0017029137345769775,-0.012611146689623988,-0.017879273255291334,0.011651834621819797,-0.003817556594919846,0.012005598198140703,0.02248779202735081,-0.025833150362170106,0.02338726937055678,0.014164954448443566,-0.017893264097125404,0.01606548849597781,-0.023336971337576343,0.001793238964965393,-0.013889158603444737,-0.030399718961648562,0.004244681256637422,-0.0008144877390741884,0.004593753015800904,-0.005797106744824462,-0.013901610608062361,-0.002175915171336076,0.011501172630538644,-0.003538247041465369,0.005458936380094677,-0.005094194813209472,-0.011571241905339182,0.011920182794620331,-0.002272192598333067,-0.0070634993583728566,-0.006279862368209578,0.014814474862393215,-0.0022946673236328282,-0.0013435732217441279,-0.0002923953648955468,0.008392012502612794,0.0032292266772057823,-0.00895952659276008,-0.02389542591416217
2024-09-20 00:00:00+05:30,0.025405272841822986,0.02834822063466359,0.021961196242347145,0.02067178956808597,0.02142761114533127,0.02365579520000662,0.013306804846825766,0.00742588944579378,0.003969139220574502,-0.004117063451748987,0.0018491461540479205,0.006190824471177162,-0.0010412576690094855,0.013868650797390086,0.0361639815512015,-0.0014851337015663148,0.016907932310519777,0.020591056525157417,0.02778124536903747,0.03565218543021992,0.012320828996457873,0.014233358998784175,0.002384734764229861,0.004999080986324087,0.0005799780755993679,0.02683617941563485,0.03277840134192097,0.00396138894706093,0.007446159537723194,0.019994427594539194,0.04092955156823556,0.005861798670633574,0.008099368201602192,-0.022410946799486776,0.01347064672358962,0.01895868242693827,0.013592094467196416,0.0244656682997943,0.01479796451333516,0.023713554848791698,0.022363350046844078,0.02272484862506271,0.035320751259255004,0.015358616326625883,0.012027815484754064,0.017078489852227454,0.012105403151801648,0.039034764889526626,0.025500583852382123,0.0060790887807902596,0.006157221142669689,0.05180802432539082,0.03435660284214466,0.006560049624306384,0.020698751299443027,0.017238869701958516,-0.0006353228743283839,0.029476806276717216,0.009746953741540993,0.06845053111335381,0.05336714863486253,0.021069484649419008,0.08100685585169429,0.07460403941680262,0.0,0.02450549218278546,0.003499660444595272,0.013198630641992167,0.0024932331633882353,0.0176105056248956,0.010757861204352731,0.019165709188056806,0.010996231668887309,0.015790393572199583,-0.01142543837531816,0.008387760977259679,0.0019128540763158157,0.015798709633593474,0.020523287501967188,-0.010498592153156362,0.010614875915990992,0.016111494607364576,-0.0026219021757541826,0.0013156575335482338,0.010297116779295873,0.01644823966470371,0.01659775509057234,0.004288633491320792,0.031105204260342013,0.018795346627132923,0.014582509037512173,0.0035204971478748097,0.00044462092906359397,0.010723260428211001,0.00014225782867950703
2024-09-23 00:00:00+05:30,0.0312008723978164,0.018494380841497078,0.011714399321564668,0.013506518923659129,0.012056099229546315,0.010245725156320402,0.00888111928199214,0.009855695827054662,-0.008960595946896098,-0.004351035188834741,0.0014447381443354554,0.03272442303691298,0.0016668829861275632,0.001642000219316817,-0.007016292650967805,0.037504383122359604,0.031759836653396614,0.020619295150697103,0.0223566563969249,0.02148839484087091,0.00010473636572072128,0.03611168524033051,0.040517083736466425,0.018251662021889978,0.011829746240181797,0.019465120371717375,0.035869052816361095,-0.014394715833739535,0.015645280883247528,-0.01698759989937403,0.022128562510733692,0.03778568373365282,-0.0050242040997469555,-0.00424693013236953,-0.004127642286192472,0.010625771828369024,0.022801022425397777,0.0166084145612792,-0.005559854342218537,0.023851641428547808,0.016966282613983894,0.006370629948519558,-0.012442088227735116,0.018251885264081346,0.0049450000326462145,0.017001543167070664,0.01591575097897778,-0.011651499901290769,0.004916211288647167,-0.004892001016012755,0.005430118850771458,0.0123223702233228,0.0005601813446035569,0.011769116654487006,0.0009884960710215996,0.01573273755825611,-0.0074020153411095265,-0.001635568687546861,0.022025170465122614,0.020562954373611296,0.03298267167354705,0.005423356237248337,-0.012958718744246677,-0.012873666037944714,0.010325198440546388,0.009438367900899292,0.03163412258930641,0.002506690772115697,0.019114780427193428,0.0008797443569019631,0.028193878403462515,0.004711511980347508,0.005001134066057244,0.026331243881599783,0.022287737029676548,0.03195590111957611,0.01002849759236719,0.015343911389208683,-0.006177265695174046,0.025450438720102997,-0.0016361063929649655,0.01045790195121743,-0.0038348350734643253,-0.0043649012368805985,0.02292557745434227,0.012875603104433489,-0.009228323999323574,0.0060127138408094145,-4.341768782390421e-05,0.020983577677911494,0.01378361751665259,-0.0005348414924053011,0.0069764490691672605,-0.007821206188639828,0.0006162168449574183
2024-09-24 00:00:00+05:30,0.017299955012187725,0.02426586113051352,0.016276445735704886,0.019187568681169487,0.00034329807706181946,0.0048247201598829205,-0.006046707802870589,-0.004315249639661175,-0.008903168468493584,0.017588792095747582,-0.005831830305471618,0.008449545681258105,-0.005399553267179515,-0.008000843296418604,-0.02219221846941072,-0.003687745967629024,0.01902847998328959,0.0031007106496185764,0.0035356661661599636,0.006598912356092647,-0.001296875277026642,0.010155591275958508,-9.154017654851059e-05,-0.01203776938172644,-0.012501259182662526,0.007363860592421584,0.00804756330031502,0.0005488865562670843,-0.000616401525508693,-0.0005432579121208758,-0.018006220081128763,0.010609368120621854,-0.002037600825632126,-0.018009558320391,0.0129237909153888,0.0046770321369237885,-0.009391028477056897,-0.006866598973829772,0.038772258951999386,-0.008031381679065818,-0.02609235364855733,0.007315962565523934,-0.002499564900351412,-0.021861700529585037,-0.0032940094667099425,-0.004416541520449064,0.0009422558727032843,-0.005152345891623663,-0.0076214481003079905,0.001133057833609305,-0.021164079635169062,-0.0034780716396241983,0.007708731217439205,0.019584792616516217,-0.005094061071761721,-0.010391303170844843,0.0028413333066841908,0.001029197286473947,-0.004512293386105998,-0.026130560880581903,0.008001283303989361,0.004366396609261696,-0.02283500637403385,-0.022375920597808508,-0.000583912348470144,-0.010605944952024425,0.013447760812333901,-0.009237390610248402,-0.0025480238556854365,0.025753737867179105,-0.033558379030254444,0.010725732172722031,-0.0026821192267628526,-0.02949088984605243,-0.0056589251503509986,-0.0017909786366186928,-0.014511696233251147,0.02241777797588674,0.03434557295008664,-0.0044996975337533275,0.0028948550775072905,0.008225644999441334,0.000655616579729423,8.251790239698538e-05,0.030981631047748356,0.041593085720570654,0.0184638461913202,-0.009257224068023527,0.0038247802711215907,-0.00027549881279235046,-0.01689481450742151,-0.01114580591236523,0.03704526301721998,0.008655500252058137,-0.003512425696707721
2024-09-25 00:00:00+05:30,0.012321350830186331,-0.006633830922010214,0.003613509230665122,-0.0018369708997995609,-0.0028185969704190086,-0.01176836020390948,-0.0036456927256905166,0.0016064346551187764,-0.0011242331950073097,-0.023638293827814776,0.022771220605264444,-0.003735764023235948,0.009184337261015443,0.012444230172786524,-0.008451730749523531,-0.0016434457452831797,-0.006705027844327576,0.0019146037369116328,0.002132517850235707,0.007003297209756238,-0.003690456772272264,-0.007703722073790958,-0.008176810756413518,0.002474831046282273,0.003444292952319588,0.0019809792087707116,0.003700878722238913,0.003435416590210572,0.006161211804949139,0.003755601113774804,-0.02183423506466411,0.012983435641722368,-0.011683391587738096,0.01617058909233239,0.003822400743454066,0.006230280714040041,-0.0057750034397747,-0.0031719617651936884,0.0008354943534095284,-0.003002828105321655,-0.0005424357150351424,0.007067162905016043,0.003973619550491576,0.018692081734026096,0.004453860989516049,-0.002391660689177376,-0.0004120818036093293,-0.011404104610574199,-0.01848934602579988,-0.001739570806342304,-0.009345174549490616,-0.006864988512745656,-0.007148863500294392,-0.0201234191367365,0.0009924740946825087,-0.00878659739911182,-0.03881864190515594,0.0005932512149062194,-0.00898792899758712,0.0009361278865413574,0.005433590441334133,0.0036593381718829144,-0.04014903315227046,0.006679477516630859,0.018514802526182254,0.0003524195578460068,-0.002507746118987482,-0.002560627238758881,-0.013355511510565526,0.038390852201757135,-0.026119417130352866,-0.006036314480691058,0.00306702471695149,-0.0004023443633813142,-0.0033524430571669544,-0.0003087762638496435,0.002201570989220608,0.011392526800384347,0.020326517091305014,-0.006472539322690069,0.0013106528474963381,0.0009755384588566417,0.0008074532685980494,-0.018365981150141934,-0.001387591016649343,0.00701461852584322,-0.021205415810553532,-0.012669368390199252,-0.012422304266847138,-0.0008467185640879479,0.004635602945674247,-0.021170310181169563,0.020315418116301106,-0.006228130056906296,0.011252988881149159
2024-09-26 00:00:00+05:30,-0.013287428229059949,-0.007208450985679822,0.005635996053911916,-0.004315529237027139,0.013708882644262258,-0.003001382035964076,0.014663531262066891,0.004810708460109554,0.00990539662348705,-0.012892590155403439,0.007072257192753775,0.017938929091345288,0.018776180651649814,0.02776748903471361,0.011994607306612365,0.007986135015556197,0.00224004355609919,0.015477202908235139,0.0060597181593668396,0.004875633276880905,0.011870490719212312,-0.0048451289043470605,0.01619656589455736,0.014386503736167998,-0.01310884957267235,0.0024707349556546934,0.0039037059330795797,-0.0027845177777960344,0.007881888608826024,0.02002193775198592,-0.00526964167680361,0.021835284661911224,-0.005084298933235502,0.031012984794439914,0.0008130517600497555,0.0024421456208902352,0.017979886660042705,-0.019370611033961635,0.022298122888851416,-0.004555607080662477,0.012519107827070143,0.011281954581052987,0.003920315140209792,-0.0046403669158475306,0.009997319524011282,-7.04473801260333e-05,0.009027440207437783,-0.0005735540542382983,0.0014479814419690127,0.002608289627278444,0.017689946918921187,-0.009613584920911276,0.023036932052958706,0.007271746066296979,-0.00839682465725792,0.0022893779211936405,0.010027372429711074,-0.00839083460916382,0.008842118934305,-0.0029192193619840844,0.02871620186994693,0.045748964803875546,0.007548322847815546,-0.0037589716110250373,-0.003445487366612618,0.021329022095648194,-0.011786729371077631,0.01006674056648752,-0.00622466036454744,0.004662599126020385,0.021099003282670552,-0.0017443895800776485,0.0026739166741228965,0.018448686428740157,0.03584964078344993,0.008436064926114286,0.02919464952992253,-0.01399604644839741,0.010318594568296036,0.010972236856443284,0.014778960157197183,0.006802590754491251,0.004143866445540443,0.019850342889652827,0.016840916782583266,0.0241401810629075,0.0026170512160764675,0.005417081746931005,-0.0046050246010158466,0.029820494535119355,0.02082879063729023,-0.010236947897494745,0.04462836897174076,0.010574272913168783,0.004269463785168083
2024-09-27 00:00:00+05:30,0.007782193393224616,-0.025894201111765644,0.002446894346690178,-0.037631056318781934,-0.010856012871342264,-0.01674730649024533,0.01405737762272731,0.009186390031254373,0.010231102096339772,-0.018592137501074038,-0.003097760054653707,0.0035391973677698883,-0.0015975989338361447,0.013972902376274986,-0.025456981452127075,0.017989402978055083,0.01010372592713308,0.0623446810764627,-0.020823980243291212,0.022211354660003794,0.0023476078051198903,-0.013495607605266536,0.026247760000469876,-0.02014995040730921,0.030782827423518427,0.01867742933344388,-0.010826792899222124,0.01450583263689552,0.0008151217266679721,0.013592937841816772,-0.02046152740205343,0.027421199901254675,-0.023943293131076536,0.013492607735689381,0.013668582117723233,-0.01742079269055469,0.0008906268388307793,0.004564180926163102,0.016871769432275075,0.023713508956615614,-0.006669683894673383,0.01163415316063577,-0.01703613244563724,-0.00860837768401391,-9.572748897644848e-05,0.0005632677678478929,0.0492457979353286,-0.00025512886081586366,0.027678206173762446,0.0034147506794278753,0.015927863303029824,-0.047612401046566985,-0.003985855751694537,-0.00019450555767266584,0.026235643410381287,-0.015816037588863522,-0.004544722519658582,-0.015131880981957588,-0.0037032588244548174,-0.06328089996717114,0.0008012455035740214,0.008318658762582438,-0.002610293913838495,-0.009287732018935502,0.005278266906499401,-0.0035628285386030893,0.006752291540212969,0.022186023681214185,0.027508652789375077,-0.03112658750124233,0.01782873662612248,0.02916077426484075,0.018667146681394544,-0.008278438040090378,0.009904760084512739,0.004766002596129926,-0.002041477101775785,0.03033125043752476,-0.00228109880695322,0.0009972580500812395,0.026150976403274552,0.02006638545607014,0.0037667671395012867,-0.009855089909908934,0.01965640936503011,0.005659943484264156,0.0014301994984083932,0.01561906065968753,0.020392543968658295,-0.0014923793255541052,-0.009384979863557113,-0.02962806871812961,0.02217386493301197,-0.00018461280445315571,0.0074161591442620575
2024-09-30 00:00:00+05:30,-0.009692160366756278,-0.0005445828121787826,0.0017714868301438188,-0.040756835193166495,-0.005852124428210504,0.0028234222454008914,-0.0022897676799809876,-0.004829177913048097,0.005527243652496843,-0.0011766322675745371,-0.032692959784224415,-0.02562474556354307,-0.006856821226534688,-0.018724927384655875,-0.00463444505620663,-0.007237677559468976,-0.028867275736374026,0.007188861700707817,-0.01454664052797158,-0.007856823707029942,0.011002012090775264,-0.003550770776048733,-0.015773646137315182,-0.0006216507626491575,-0.011062485565381405,-0.011595599269374413,-0.020893966067351638,-0.0026693904050216384,0.0002517577677770988,-0.007206019372612505,-0.01759046630934578,0.01387081877605641,0.0034147654217354492,0.004445548649528601,-0.006824855467704593,-0.011823210299982491,-0.016848914508748526,-0.009099485771917654,0.012039862640348044,-0.012029564515038815,-0.002683729444173539,-0.0010520153134400238,-0.026051966266601896,-0.02889690888784675,-0.008742901421951867,-0.036706573186088116,0.0007774539956160344,0.012106750039559253,-0.008610273177413145,-0.01647156485363844,-0.03252057711392078,-0.009841560683571551,0.028058546453489333,0.011220306600429173,-0.024094139114790653,-0.009929205131604233,0.017487751017939306,-0.00815587490486695,-0.017034614985092938,-0.05208691869300877,-0.02827276380246608,-0.019272228661328578,-0.009088674461712376,0.008141819650564423,0.014316817823275735,-0.02051344903877432,0.0013449160008241362,-0.001204865943190413,-0.011814055776860052,-0.003959806505643901,-0.01857469600186685,-0.010227105385150464,-0.03303940109774839,-0.020743211858068267,-0.017398301660243008,0.002321342895903622,-0.012253598085747747,-0.006215290538135385,-0.017708951521070816,-0.018547573972687942,-0.011353752231184098,-0.03795219440475101,-0.009373703433369266,-0.0038357385743735964,-0.005991121792659699,0.011936878570027622,-0.020117105184425672,0.0018976872710771721,-0.025018872966344013,-0.03362784653482138,-0.012654655999162998,-0.0037042520889265275,-0.0006823938322949981,-0.0006461788893414044,-0.006901260920056941
